playerId,season,name,team,position,situation,games_played,icetime,xGoals,goals,unblocked_shot_attempts,xRebounds,rebounds,xFreeze,freeze,xOnGoal,ongoal,xPlayStopped,playStopped,xPlayContinuedInZone,playContinuedInZone,xPlayContinuedOutsideZone,playContinuedOutsideZone,flurryAdjustedxGoals,lowDangerShots,mediumDangerShots,highDangerShots,lowDangerxGoals,mediumDangerxGoals,highDangerxGoals,lowDangerGoals,mediumDangerGoals,highDangerGoals,blocked_shot_attempts,penalityMinutes,penalties
8478048,2025,Igor Shesterkin,NYR,G,other,34,1845.0,6.08,5.0,88.0,4.19,4.0,9.28,1.0,48.91,39.0,0.75,0.0,30.67,35.0,14.84,22.0,5.57,38.0,25.0,4.0,1.68,3.06,1.34,2.0,2.0,1.0,21.0,0.0,0.0
8478048,2025,Igor Shesterkin,NYR,G,all,34,120360.0,97.55,82.0,2008.0,73.24,118.0,256.9,180.0,1060.67,946.0,32.71,1.0,575.94,502.0,409.59,564.0,91.91,1095.0,258.0,96.0,34.14,31.68,31.73,34.0,25.0,23.0,559.0,4.0,2.0
8478048,2025,Igor Shesterkin,NYR,G,5on5,34,101011.0,65.56,51.0,1596.0,53.3,90.0,209.33,146.0,825.51,738.0,26.03,1.0,447.03,385.0,330.95,459.0,63.18,902.0,171.0,61.0,27.28,21.15,17.13,26.0,18.0,7.0,462.0,4.0,2.0
8478048,2025,Igor Shesterkin,NYR,G,4on5,34,9453.0,21.97,20.0,276.0,13.51,20.0,32.92,27.0,151.84,136.0,0.77,0.0,85.49,77.0,44.25,59.0,19.56,125.0,52.0,26.0,4.13,6.1,11.74,3.0,4.0,13.0,73.0,0.0,0.0
8478048,2025,Igor Shesterkin,NYR,G,5on4,34,8051.0,3.51,5.0,35.0,1.53,4.0,3.55,4.0,25.87,26.0,5.07,0.0,7.69,1.0,15.88,19.0,3.15,19.0,9.0,5.0,0.78,1.2,1.52,2.0,1.0,2.0,2.0,0.0,0.0
8478971,2025,Connor Ingram,EDM,G,other,9,799.0,0.85,0.0,20.0,0.71,1.0,2.21,3.0,10.22,11.0,0.45,0.0,6.14,6.0,3.77,4.0,0.83,10.0,4.0,0.0,0.35,0.5,0.0,0.0,0.0,0.0,6.0,0.0,0.0
8478971,2025,Connor Ingram,EDM,G,all,9,32475.0,24.65,20.0,527.0,18.7,28.0,62.02,65.0,266.27,242.0,10.74,0.0,144.91,128.0,104.74,123.0,23.5,281.0,54.0,29.0,8.45,6.48,9.72,10.0,2.0,8.0,163.0,2.0,1.0
8478971,2025,Connor Ingram,EDM,G,5on5,9,26803.0,17.39,15.0,424.0,14.22,23.0,51.13,55.0,209.04,189.0,8.61,0.0,113.61,95.0,83.4,99.0,16.7,225.0,42.0,20.0,7.15,5.0,5.25,9.0,2.0,4.0,137.0,0.0,0.0
8478971,2025,Connor Ingram,EDM,G,4on5,9,2413.0,5.9,5.0,72.0,3.5,4.0,7.7,5.0,40.01,33.0,0.39,0.0,22.97,26.0,12.66,14.0,5.48,38.0,7.0,9.0,0.58,0.86,4.46,1.0,0.0,4.0,18.0,2.0,1.0
8478971,2025,Connor Ingram,EDM,G,5on4,9,2460.0,0.5,0.0,11.0,0.27,0.0,0.97,2.0,7.0,9.0,1.28,0.0,2.18,1.0,4.9,6.0,0.48,8.0,1.0,0.0,0.37,0.13,0.0,0.0,0.0,0.0,2.0,0.0,0.0
8480193,2025,Daniil Tarasov,FLA,G,other,15,1589.0,3.9,5.0,42.0,1.68,2.0,4.33,5.0,23.16,24.0,0.58,0.0,13.68,12.0,6.67,6.0,3.78,19.0,6.0,6.0,0.58,0.59,2.73,1.0,1.0,3.0,11.0,0.0,0.0
8480193,2025,Daniil Tarasov,FLA,G,all,15,52236.0,41.57,40.0,875.0,32.35,54.0,116.63,87.0,472.03,420.0,15.51,0.0,256.15,235.0,184.96,230.0,39.96,487.0,116.0,45.0,13.8,14.02,13.75,18.0,14.0,8.0,227.0,0.0,0.0
8480193,2025,Daniil Tarasov,FLA,G,5on5,15,41477.0,31.29,30.0,697.0,24.85,46.0,96.27,68.0,377.46,331.0,11.61,0.0,202.44,188.0,151.18,186.0,30.17,399.0,87.0,33.0,11.36,10.9,9.02,16.0,11.0,3.0,178.0,0.0,0.0
8480193,2025,Daniil Tarasov,FLA,G,4on5,15,4161.0,5.13,4.0,116.0,5.07,4.0,14.1,13.0,58.82,52.0,0.38,0.0,35.71,34.0,18.88,26.0,4.78,58.0,19.0,4.0,1.54,2.04,1.54,1.0,1.0,2.0,35.0,0.0,0.0
8480193,2025,Daniil Tarasov,FLA,G,5on4,15,5009.0,1.26,1.0,20.0,0.76,2.0,1.94,1.0,12.59,13.0,2.94,0.0,4.33,1.0,8.23,12.0,1.22,11.0,4.0,2.0,0.32,0.49,0.45,0.0,1.0,0.0,3.0,0.0,0.0
8481551,2025,Colten Ellis,BUF,G,other,11,1170.0,4.35,2.0,40.0,1.89,2.0,4.35,4.0,23.73,23.0,0.29,0.0,13.81,18.0,6.72,6.0,3.57,17.0,10.0,5.0,0.95,1.35,2.06,0.0,1.0,1.0,8.0,0.0,0.0
8481551,2025,Colten Ellis,BUF,G,all,11,37202.0,31.75,32.0,639.0,23.01,35.0,83.74,67.0,340.17,314.0,10.24,0.0,179.26,182.0,128.78,142.0,29.59,338.0,92.0,28.0,10.71,11.86,9.19,11.0,12.0,9.0,181.0,0.0,0.0
8481551,2025,Colten Ellis,BUF,G,5on5,11,30554.0,21.95,25.0,519.0,17.32,29.0,69.52,51.0,270.37,247.0,8.23,0.0,140.8,144.0,106.43,116.0,21.04,279.0,69.0,17.0,8.26,8.91,4.79,9.0,10.0,6.0,154.0,0.0,0.0
8481551,2025,Colten Ellis,BUF,G,4on5,11,2079.0,5.27,5.0,70.0,3.65,4.0,9.06,11.0,41.51,38.0,0.1,0.0,23.22,19.0,12.29,16.0,4.81,37.0,12.0,6.0,1.41,1.52,2.34,2.0,1.0,2.0,15.0,0.0,0.0
8481551,2025,Colten Ellis,BUF,G,5on4,11,3399.0,0.18,0.0,10.0,0.15,0.0,0.8,1.0,4.57,6.0,1.61,0.0,1.42,1.0,3.33,4.0,0.18,5.0,1.0,0.0,0.09,0.08,0.0,0.0,0.0,0.0,4.0,0.0,0.0
8477424,2025,Juuse Saros,NSH,G,other,38,3591.0,8.53,11.0,125.0,5.52,4.0,14.53,10.0,73.64,73.0,1.39,0.0,41.04,31.0,26.89,43.0,8.19,61.0,32.0,6.0,2.49,3.77,2.27,1.0,9.0,1.0,26.0,0.0,0.0
8477424,2025,Juuse Saros,NSH,G,all,38,131429.0,103.58,110.0,2011.0,78.5,102.0,267.63,222.0,1129.14,1062.0,36.75,2.0,598.74,522.0,439.2,568.0,98.72,1137.0,286.0,102.0,33.96,35.96,33.66,41.0,46.0,23.0,486.0,2.0,1.0
8477424,2025,Juuse Saros,NSH,G,5on5,38,106996.0,73.42,82.0,1613.0,57.73,82.0,220.82,189.0,883.02,821.0,29.51,2.0,472.33,415.0,348.16,433.0,70.79,934.0,195.0,73.0,27.78,24.58,21.05,40.0,29.0,13.0,411.0,2.0,1.0
8477424,2025,Juuse Saros,NSH,G,4on5,38,10294.0,18.34,17.0,218.0,13.54,13.0,26.69,22.0,134.08,129.0,0.84,0.0,73.88,65.0,37.38,57.0,16.47,105.0,50.0,19.0,2.45,6.62,9.27,0.0,8.0,9.0,44.0,0.0,0.0
8477424,2025,Juuse Saros,NSH,G,5on4,38,10548.0,3.14,0.0,52.0,1.62,3.0,5.29,1.0,36.85,38.0,4.72,0.0,10.71,10.0,26.14,34.0,3.12,36.0,8.0,4.0,1.21,0.86,1.07,0.0,0.0,0.0,4.0,0.0,0.0
8482137,2025,Yaroslav Askarov,SJS,G,other,31,2352.0,4.4,5.0,65.0,2.57,3.0,6.44,9.0,31.92,32.0,0.9,0.0,18.6,12.0,10.83,15.0,4.09,28.0,10.0,6.0,1.08,1.41,1.9,1.0,2.0,2.0,21.0,0.0,0.0
8482137,2025,Yaroslav Askarov,SJS,G,all,31,101568.0,92.16,99.0,1834.0,72.8,129.0,236.23,163.0,990.04,891.0,25.02,0.0,534.65,518.0,377.68,435.0,86.46,991.0,253.0,103.0,29.27,31.41,31.47,40.0,36.0,23.0,487.0,0.0,0.0
8482137,2025,Yaroslav Askarov,SJS,G,5on5,31,81414.0,64.25,71.0,1410.0,51.0,89.0,186.96,127.0,751.85,673.0,18.32,0.0,404.82,395.0,294.63,344.0,61.19,773.0,185.0,69.0,22.05,23.19,19.01,34.0,25.0,12.0,383.0,0.0,0.0
8482137,2025,Yaroslav Askarov,SJS,G,4on5,31,9198.0,21.31,19.0,318.0,17.96,36.0,38.33,21.0,177.95,157.0,0.64,0.0,102.24,104.0,52.09,56.0,19.02,159.0,52.0,27.0,5.04,5.95,10.33,3.0,8.0,8.0,80.0,0.0,0.0
8482137,2025,Yaroslav Askarov,SJS,G,5on4,31,8604.0,1.99,4.0,39.0,1.15,1.0,4.22,5.0,26.69,27.0,5.03,0.0,8.37,6.0,19.42,20.0,1.95,30.0,5.0,1.0,1.05,0.7,0.23,2.0,1.0,1.0,3.0,0.0,0.0
8478872,2025,Karel Vejmelka,UTA,G,other,37,3862.0,7.18,6.0,120.0,5.53,7.0,14.36,15.0,63.91,60.0,0.75,0.0,38.78,38.0,19.53,22.0,6.62,52.0,31.0,5.0,1.7,3.78,1.7,0.0,4.0,2.0,32.0,0.0,0.0
8478872,2025,Karel Vejmelka,UTA,G,all,37,130047.0,98.78,92.0,2017.0,73.46,122.0,256.7,215.0,1056.86,925.0,39.24,3.0,557.42,508.0,405.62,490.0,94.15,1037.0,305.0,86.0,31.31,37.85,29.62,31.0,39.0,22.0,589.0,2.0,1.0
8478872,2025,Karel Vejmelka,UTA,G,5on5,37,105926.0,68.45,70.0,1550.0,50.63,85.0,202.14,166.0,799.55,696.0,31.52,2.0,416.12,375.0,316.82,384.0,65.59,798.0,227.0,56.0,24.48,28.21,15.75,29.0,31.0,10.0,469.0,2.0,1.0
8478872,2025,Karel Vejmelka,UTA,G,4on5,37,10258.0,21.46,16.0,309.0,16.23,28.0,36.33,32.0,169.0,150.0,0.77,0.0,94.68,90.0,52.51,61.0,20.27,162.0,40.0,25.0,4.23,5.06,12.17,2.0,4.0,10.0,82.0,0.0,0.0
8478872,2025,Karel Vejmelka,UTA,G,5on4,37,10001.0,1.62,0.0,37.0,1.01,2.0,3.75,2.0,23.7,18.0,6.12,1.0,7.47,5.0,16.4,22.0,1.6,24.0,7.0,0.0,0.83,0.79,0.0,0.0,0.0,0.0,6.0,0.0,0.0
8479979,2025,Jake Oettinger,DAL,G,other,32,2795.0,5.04,4.0,86.0,3.2,4.0,8.39,7.0,43.49,42.0,1.64,1.0,25.45,26.0,14.49,17.0,4.73,43.0,10.0,5.0,1.73,1.15,2.16,1.0,2.0,1.0,28.0,0.0,0.0
8479979,2025,Jake Oettinger,DAL,G,all,32,113306.0,88.29,84.0,1814.0,65.45,118.0,234.98,146.0,953.47,857.0,27.93,3.0,509.06,460.0,365.23,486.0,83.14,971.0,229.0,96.0,29.94,27.77,30.58,34.0,27.0,23.0,518.0,0.0,0.0
8479979,2025,Jake Oettinger,DAL,G,5on5,32,93718.0,60.81,58.0,1436.0,47.46,86.0,191.31,115.0,744.18,662.0,21.52,1.0,394.08,356.0,294.63,397.0,58.85,782.0,175.0,57.0,24.11,21.14,15.56,29.0,19.0,10.0,422.0,0.0,0.0
8479979,2025,Jake Oettinger,DAL,G,4on5,32,9440.0,19.4,18.0,248.0,13.11,26.0,30.7,22.0,139.54,122.0,0.54,0.0,79.47,72.0,39.5,49.0,16.58,121.0,35.0,31.0,3.25,4.23,11.92,3.0,4.0,11.0,61.0,0.0,0.0
8479979,2025,Jake Oettinger,DAL,G,5on4,32,7353.0,2.54,4.0,36.0,1.41,2.0,3.94,1.0,22.21,28.0,4.09,1.0,8.37,5.0,14.82,20.0,2.49,23.0,6.0,3.0,0.72,0.87,0.94,1.0,2.0,1.0,4.0,0.0,0.0
8481020,2025,Justus Annunen,NSH,G,other,15,1811.0,3.96,5.0,47.0,2.24,4.0,5.88,5.0,27.93,25.0,0.47,0.0,15.57,13.0,8.39,10.0,3.39,26.0,5.0,6.0,1.02,0.75,2.19,2.0,1.0,2.0,10.0,0.0,0.0
8481020,2025,Justus Annunen,NSH,G,all,15,45366.0,35.47,42.0,682.0,28.57,36.0,92.03,83.0,384.32,345.0,12.97,0.0,209.77,188.0,145.91,176.0,33.54,385.0,104.0,36.0,11.17,12.55,11.75,16.0,16.0,10.0,157.0,0.0,0.0
8481020,2025,Justus Annunen,NSH,G,5on5,15,36202.0,23.23,29.0,527.0,19.49,22.0,72.19,67.0,287.75,257.0,10.19,0.0,157.39,141.0,114.0,137.0,22.4,302.0,73.0,21.0,8.7,8.49,6.04,12.0,13.0,4.0,131.0,0.0,0.0
8481020,2025,Justus Annunen,NSH,G,4on5,15,3742.0,7.46,8.0,95.0,6.35,10.0,12.64,11.0,59.5,53.0,0.17,0.0,33.92,33.0,17.31,18.0,6.94,48.0,24.0,8.0,1.25,2.97,3.24,2.0,2.0,4.0,15.0,0.0,0.0
8481020,2025,Justus Annunen,NSH,G,5on4,15,3611.0,0.81,0.0,13.0,0.49,0.0,1.31,0.0,9.14,10.0,2.13,0.0,2.88,1.0,6.2,11.0,0.81,9.0,2.0,1.0,0.2,0.34,0.27,0.0,0.0,0.0,1.0,0.0,0.0
8477990,2025,Brandon Halverson,TBL,G,other,1,0.0,0.0,0.0,0.0,0.0,0.0,0.0,0.0,0.0,0.0,0.0,0.0,0.0,0.0,0.0,0.0,0.0,0.0,0.0,0.0,0.0,0.0,0.0,0.0,0.0,0.0,0.0,0.0,0.0
8477990,2025,Brandon Halverson,TBL,G,all,1,6.0,0.0,0.0,0.0,0.0,0.0,0.0,0.0,0.0,0.0,0.0,0.0,0.0,0.0,0.0,0.0,0.0,0.0,0.0,0.0,0.0,0.0,0.0,0.0,0.0,0.0,0.0,0.0,0.0
8477990,2025,Brandon Halverson,TBL,G,5on5,1,6.0,0.0,0.0,0.0,0.0,0.0,0.0,0.0,0.0,0.0,0.0,0.0,0.0,0.0,0.0,0.0,0.0,0.0,0.0,0.0,0.0,0.0,0.0,0.0,0.0,0.0,0.0,0.0,0.0
8477990,2025,Brandon Halverson,TBL,G,4on5,1,0.0,0.0,0.0,0.0,0.0,0.0,0.0,0.0,0.0,0.0,0.0,0.0,0.0,0.0,0.0,0.0,0.0,0.0,0.0,0.0,0.0,0.0,0.0,0.0,0.0,0.0,0.0,0.0,0.0
8477990,2025,Brandon Halverson,TBL,G,5on4,1,0.0,0.0,0.0,0.0,0.0,0.0,0.0,0.0,0.0,0.0,0.0,0.0,0.0,0.0,0.0,0.0,0.0,0.0,0.0,0.0,0.0,0.0,0.0,0.0,0.0,0.0,0.0,0.0,0.0
8477968,2025,Alex Nedeljkovic,SJS,G,other,22,1281.0,3.82,3.0,39.0,1.84,4.0,3.77,2.0,22.63,21.0,0.72,0.0,11.91,12.0,6.92,8.0,3.13,13.0,10.0,6.0,0.55,1.26,2.01,1.0,1.0,1.0,10.0,0.0,0.0
8477968,2025,Alex Nedeljkovic,SJS,G,all,22,75366.0,59.5,62.0,1221.0,45.3,62.0,155.32,140.0,641.03,597.0,19.05,0.0,348.47,319.0,247.47,295.0,56.29,654.0,164.0,60.0,19.4,20.18,19.92,26.0,20.0,16.0,343.0,9.0,3.0
8477968,2025,Alex Nedeljkovic,SJS,G,5on5,22,61411.0,42.37,44.0,1004.0,35.24,51.0,130.66,120.0,516.94,476.0,14.85,0.0,281.92,259.0,204.06,238.0,40.41,546.0,128.0,38.0,16.13,15.57,10.67,23.0,16.0,5.0,292.0,9.0,3.0
8477968,2025,Alex Nedeljkovic,SJS,G,4on5,22,5627.0,11.61,14.0,154.0,7.35,6.0,18.0,17.0,84.29,79.0,0.19,0.0,49.77,45.0,25.32,33.0,11.05,81.0,20.0,14.0,2.33,2.58,6.7,1.0,3.0,10.0,39.0,0.0,0.0
8477968,2025,Alex Nedeljkovic,SJS,G,5on4,22,7047.0,1.71,1.0,24.0,0.86,1.0,2.89,1.0,17.17,21.0,3.23,0.0,4.88,3.0,11.17,16.0,1.69,14.0,6.0,2.0,0.39,0.78,0.54,1.0,0.0,0.0,2.0,0.0,0.0
8477967,2025,Thatcher Demko,VAN,G,other,20,2098.0,3.92,4.0,65.0,2.72,3.0,6.76,8.0,34.42,28.0,0.7,0.0,20.54,15.0,10.71,16.0,3.77,27.0,13.0,6.0,1.04,1.52,1.36,1.0,1.0,2.0,19.0,0.0,0.0
8477967,2025,Thatcher Demko,VAN,G,all,20,66952.0,56.02,54.0,1093.0,43.0,64.0,141.99,103.0,595.52,515.0,19.22,0.0,322.4,306.0,222.36,279.0,53.55,579.0,170.0,57.0,18.11,20.68,17.22,18.0,22.0,14.0,287.0,0.0,0.0
8477967,2025,Thatcher Demko,VAN,G,5on5,20,53987.0,38.05,37.0,863.0,30.91,43.0,114.48,81.0,459.13,403.0,14.97,0.0,249.51,250.0,179.72,217.0,36.7,474.0,120.0,34.0,14.5,14.32,9.24,14.0,16.0,7.0,235.0,0.0,0.0
8477967,2025,Thatcher Demko,VAN,G,4on5,20,5217.0,12.57,11.0,146.0,8.73,16.0,18.91,14.0,90.09,71.0,0.42,0.0,48.98,37.0,24.64,39.0,11.71,70.0,31.0,16.0,2.32,3.93,6.32,2.0,4.0,5.0,29.0,0.0,0.0
8477967,2025,Thatcher Demko,VAN,G,5on4,20,5650.0,1.38,2.0,18.0,0.58,2.0,1.74,0.0,11.09,13.0,3.1,0.0,3.04,4.0,6.89,6.0,1.28,8.0,5.0,1.0,0.25,0.82,0.31,1.0,1.0,0.0,4.0,0.0,0.0
8479496,2025,David Rittich,NYI,G,other,20,2708.0,5.18,5.0,73.0,2.95,2.0,8.54,7.0,42.65,35.0,1.22,0.0,23.32,22.0,15.63,20.0,4.66,32.0,19.0,6.0,1.3,2.33,1.55,2.0,3.0,0.0,16.0,0.0,0.0
8479496,2025,David Rittich,NYI,G,all,20,72338.0,60.31,50.0,1194.0,45.12,66.0,155.32,109.0,642.87,530.0,20.88,0.0,338.36,327.0,247.54,314.0,57.05,617.0,184.0,67.0,18.13,22.68,19.5,17.0,24.0,9.0,326.0,0.0,0.0
8479496,2025,David Rittich,NYI,G,5on5,20,59672.0,43.0,35.0,950.0,32.59,50.0,124.2,90.0,488.89,405.0,16.66,0.0,256.65,247.0,192.02,242.0,41.09,489.0,130.0,46.0,14.67,16.02,12.3,15.0,17.0,3.0,285.0,0.0,0.0
8479496,2025,David Rittich,NYI,G,4on5,20,4692.0,9.96,7.0,143.0,8.54,11.0,19.24,12.0,89.77,74.0,0.35,0.0,52.03,51.0,26.41,38.0,9.17,82.0,23.0,14.0,1.84,2.69,5.42,0.0,2.0,5.0,24.0,0.0,0.0
8479496,2025,David Rittich,NYI,G,5on4,20,5266.0,2.08,3.0,26.0,0.95,3.0,3.08,0.0,20.17,15.0,2.46,0.0,5.63,7.0,12.69,12.0,2.04,12.0,12.0,1.0,0.22,1.63,0.22,0.0,2.0,1.0,1.0,0.0,0.0
8473503,2025,James Reimer,OTT,G,other,2,200.0,0.25,1.0,4.0,0.19,0.0,0.44,1.0,2.49,3.0,0.03,0.0,1.35,1.0,0.71,0.0,0.24,2.0,1.0,0.0,0.12,0.13,0.0,1.0,0.0,0.0,1.0,0.0,0.0
8473503,2025,James Reimer,OTT,G,all,2,7177.0,7.37,5.0,116.0,4.82,10.0,15.18,15.0,65.09,56.0,1.78,0.0,35.46,27.0,24.94,33.0,6.59,63.0,18.0,9.0,1.91,2.06,3.4,3.0,1.0,1.0,26.0,0.0,0.0
8473503,2025,James Reimer,OTT,G,5on5,2,5572.0,2.83,2.0,77.0,2.69,4.0,10.44,5.0,41.05,32.0,1.33,0.0,23.73,20.0,17.81,28.0,2.66,49.0,8.0,2.0,1.18,0.95,0.69,1.0,1.0,0.0,18.0,0.0,0.0
8473503,2025,James Reimer,OTT,G,4on5,2,842.0,4.17,2.0,32.0,1.89,6.0,4.1,9.0,19.96,20.0,0.05,0.0,9.9,6.0,5.35,3.0,3.56,11.0,8.0,7.0,0.58,0.87,2.71,1.0,0.0,1.0,6.0,0.0,0.0
8473503,2025,James Reimer,OTT,G,5on4,2,563.0,0.13,0.0,3.0,0.07,0.0,0.2,0.0,1.59,1.0,0.37,0.0,0.48,0.0,1.08,2.0,0.13,1.0,1.0,0.0,0.03,0.1,0.0,0.0,0.0,0.0,1.0,0.0,0.0
8476999,2025,Linus Ullmark,OTT,G,other,28,2717.0,5.41,6.0,66.0,2.73,2.0,7.59,11.0,38.91,36.0,0.89,0.0,19.55,23.0,14.43,9.0,4.75,27.0,17.0,7.0,1.13,2.02,2.26,2.0,2.0,2.0,15.0,0.0,0.0
8476999,2025,Linus Ullmark,OTT,G,all,28,99951.0,63.73,82.0,1413.0,50.52,62.0,173.72,153.0,732.8,687.0,26.96,2.0,399.79,380.0,291.77,326.0,61.22,756.0,196.0,52.0,22.32,24.29,17.13,26.0,40.0,16.0,409.0,2.0,1.0
8476999,2025,Linus Ullmark,OTT,G,5on5,28,81134.0,42.87,53.0,1130.0,36.67,50.0,142.13,122.0,567.07,527.0,21.69,2.0,310.97,299.0,231.19,258.0,41.42,625.0,129.0,29.0,18.41,15.97,8.5,21.0,26.0,6.0,347.0,2.0,1.0
8476999,2025,Linus Ullmark,OTT,G,4on5,28,7357.0,12.36,21.0,174.0,9.43,9.0,20.03,17.0,101.75,95.0,0.52,0.0,59.53,48.0,31.51,41.0,12.03,83.0,40.0,13.0,2.04,4.8,5.52,3.0,11.0,7.0,38.0,0.0,0.0
8476999,2025,Linus Ullmark,OTT,G,5on4,28,8743.0,1.31,0.0,23.0,0.84,0.0,1.73,0.0,12.99,16.0,3.68,0.0,4.48,4.0,9.22,14.0,1.3,12.0,6.0,0.0,0.39,0.92,0.0,0.0,0.0,0.0,5.0,0.0,0.0
8477465,2025,Tristan Jarry,EDM,G,other,19,1531.0,5.76,4.0,72.0,3.17,7.0,7.51,6.0,41.41,35.0,0.49,0.0,25.59,24.0,11.51,13.0,4.91,32.0,17.0,6.0,1.37,2.28,2.1,2.0,2.0,0.0,17.0,0.0,0.0
8477465,2025,Tristan Jarry,EDM,G,all,19,65420.0,55.69,48.0,1097.0,41.33,63.0,138.53,97.0,584.3,525.0,19.45,4.0,316.82,303.0,220.97,279.0,52.65,565.0,172.0,56.0,18.32,20.97,16.41,25.0,18.0,5.0,304.0,0.0,0.0
8477465,2025,Tristan Jarry,EDM,G,5on5,19,54759.0,39.52,34.0,849.0,29.58,50.0,111.73,80.0,447.24,402.0,15.71,4.0,235.7,218.0,174.62,222.0,37.86,452.0,112.0,42.0,13.99,13.83,11.7,19.0,11.0,4.0,243.0,0.0,0.0
8477465,2025,Tristan Jarry,EDM,G,4on5,19,5165.0,9.23,9.0,157.0,7.88,5.0,16.89,10.0,81.71,71.0,0.21,0.0,50.8,53.0,25.37,36.0,8.71,67.0,39.0,7.0,2.39,4.46,2.38,3.0,5.0,1.0,44.0,0.0,0.0
8477465,2025,Tristan Jarry,EDM,G,5on4,19,3965.0,1.19,1.0,19.0,0.71,1.0,2.4,1.0,13.93,17.0,3.03,0.0,4.74,8.0,9.47,8.0,1.16,14.0,4.0,1.0,0.56,0.4,0.23,1.0,0.0,0.0,0.0,0.0,0.0
8478009,2025,Ilya Sorokin,NYI,G,other,29,2962.0,8.24,9.0,95.0,4.38,9.0,8.96,7.0,50.18,47.0,0.99,1.0,30.26,27.0,13.23,15.0,7.44,38.0,17.0,12.0,1.34,2.22,4.67,3.0,2.0,4.0,28.0,2.0,1.0
8478009,2025,Ilya Sorokin,NYI,G,all,29,104040.0,94.92,72.0,1751.0,70.36,136.0,221.64,139.0,937.93,845.0,29.48,2.0,494.62,455.0,346.78,455.0,88.84,884.0,256.0,120.0,27.37,32.11,35.44,27.0,29.0,16.0,491.0,2.0,1.0
8478009,2025,Ilya Sorokin,NYI,G,5on5,29,84936.0,65.54,48.0,1387.0,50.12,95.0,178.87,114.0,726.9,654.0,22.08,1.0,385.78,356.0,282.37,372.0,62.4,718.0,198.0,71.0,22.15,24.74,18.65,22.0,22.0,4.0,400.0,0.0,0.0
8478009,2025,Ilya Sorokin,NYI,G,4on5,29,7983.0,18.98,13.0,237.0,14.83,31.0,31.03,18.0,140.43,124.0,1.01,0.0,72.44,64.0,37.87,53.0,16.85,111.0,36.0,33.0,3.29,4.59,11.1,2.0,3.0,8.0,57.0,0.0,0.0
8478009,2025,Ilya Sorokin,NYI,G,5on4,29,8159.0,1.86,2.0,27.0,0.81,1.0,2.26,0.0,17.27,18.0,5.24,0.0,4.83,6.0,11.77,13.0,1.84,14.0,4.0,4.0,0.4,0.43,1.02,0.0,2.0,0.0,5.0,0.0,0.0
8476412,2025,Jordan Binnington,STL,G,other,28,1872.0,6.61,4.0,77.0,3.24,6.0,7.96,7.0,41.94,39.0,0.18,0.0,25.37,25.0,11.4,13.0,5.57,33.0,13.0,10.0,1.28,1.49,3.84,1.0,2.0,1.0,21.0,0.0,0.0
8476412,2025,Jordan Binnington,STL,G,all,28,92257.0,72.07,92.0,1398.0,50.72,84.0,179.72,124.0,748.73,701.0,23.71,1.0,397.13,352.0,290.22,361.0,68.49,748.0,184.0,84.0,22.13,23.38,26.56,37.0,30.0,25.0,382.0,2.0,1.0
8476412,2025,Jordan Binnington,STL,G,5on5,28,77957.0,51.62,67.0,1153.0,39.87,67.0,153.48,113.0,609.38,568.0,19.73,1.0,320.59,285.0,239.9,293.0,49.57,632.0,139.0,56.0,18.54,18.07,15.01,32.0,21.0,14.0,326.0,0.0,0.0
8476412,2025,Jordan Binnington,STL,G,4on5,28,5364.0,10.83,17.0,130.0,6.03,10.0,13.96,3.0,71.24,66.0,0.4,0.0,41.83,31.0,23.03,37.0,10.46,61.0,23.0,14.0,1.57,2.61,6.64,3.0,5.0,9.0,32.0,2.0,1.0
8476412,2025,Jordan Binnington,STL,G,5on4,28,7064.0,1.76,1.0,26.0,1.03,1.0,2.87,0.0,17.68,19.0,3.16,0.0,5.91,7.0,11.85,15.0,1.74,17.0,5.0,2.0,0.55,0.75,0.45,0.0,1.0,0.0,2.0,0.0,0.0
8482487,2025,Jakub Dobes,MTL,G,other,23,2696.0,6.97,8.0,97.0,3.98,8.0,10.36,5.0,52.17,55.0,1.27,0.0,30.84,29.0,16.96,21.0,6.64,41.0,21.0,9.0,1.5,2.4,3.07,2.0,3.0,3.0,26.0,0.0,0.0
8482487,2025,Jakub Dobes,MTL,G,all,23,78991.0,63.97,66.0,1284.0,45.06,76.0,162.14,111.0,666.73,584.0,20.96,3.0,355.85,310.0,251.45,337.0,61.51,636.0,198.0,67.0,18.52,23.6,21.86,18.0,32.0,16.0,383.0,2.0,1.0
8482487,2025,Jakub Dobes,MTL,G,5on5,23,66087.0,44.82,42.0,1011.0,33.43,58.0,133.01,93.0,520.51,447.0,17.0,2.0,271.87,241.0,201.26,268.0,43.02,516.0,141.0,45.0,14.9,17.18,12.74,13.0,23.0,6.0,309.0,2.0,1.0
8482487,2025,Jakub Dobes,MTL,G,4on5,23,5743.0,11.5,15.0,161.0,7.25,10.0,17.15,13.0,82.69,72.0,0.38,0.0,49.4,38.0,25.02,36.0,11.17,68.0,32.0,13.0,1.9,3.56,6.04,3.0,5.0,7.0,48.0,0.0,0.0
8482487,2025,Jakub Dobes,MTL,G,5on4,23,4465.0,0.37,1.0,12.0,0.28,0.0,1.25,0.0,8.96,9.0,2.18,1.0,2.79,2.0,7.04,9.0,0.36,11.0,1.0,0.0,0.23,0.14,0.0,0.0,1.0,0.0,0.0,0.0,0.0
8483746,2025,Vyacheslav Buteyets,ANA,G,other,1,0.0,0.0,0.0,0.0,0.0,0.0,0.0,0.0,0.0,0.0,0.0,0.0,0.0,0.0,0.0,0.0,0.0,0.0,0.0,0.0,0.0,0.0,0.0,0.0,0.0,0.0,0.0,0.0,0.0
8483746,2025,Vyacheslav Buteyets,ANA,G,all,1,1200.0,1.61,3.0,23.0,0.84,1.0,3.42,3.0,14.62,13.0,0.28,0.0,7.07,5.0,5.6,7.0,1.6,14.0,4.0,1.0,0.48,0.44,0.69,1.0,1.0,1.0,4.0,0.0,0.0
8483746,2025,Vyacheslav Buteyets,ANA,G,5on5,1,1006.0,0.92,2.0,22.0,0.81,1.0,3.38,3.0,13.71,12.0,0.24,0.0,6.93,5.0,5.52,7.0,0.91,14.0,4.0,0.0,0.48,0.44,0.0,1.0,1.0,0.0,4.0,0.0,0.0
8483746,2025,Vyacheslav Buteyets,ANA,G,4on5,1,74.0,0.69,1.0,1.0,0.03,0.0,0.05,0.0,0.91,1.0,0.02,0.0,0.14,0.0,0.08,0.0,0.69,0.0,0.0,1.0,0.0,0.0,0.69,0.0,0.0,1.0,0.0,0.0,0.0
8483746,2025,Vyacheslav Buteyets,ANA,G,5on4,1,120.0,0.0,0.0,0.0,0.0,0.0,0.0,0.0,0.0,0.0,0.02,0.0,0.0,0.0,0.0,0.0,0.0,0.0,0.0,0.0,0.0,0.0,0.0,0.0,0.0,0.0,0.0,0.0,0.0
8480280,2025,Jeremy Swayman,BOS,G,other,34,4051.0,13.24,8.0,149.0,6.92,12.0,16.26,14.0,83.87,76.0,1.43,0.0,50.04,47.0,21.52,30.0,11.26,56.0,41.0,14.0,2.4,5.2,5.64,2.0,1.0,5.0,38.0,0.0,0.0
8480280,2025,Jeremy Swayman,BOS,G,all,34,119867.0,108.78,96.0,2096.0,79.05,130.0,270.83,247.0,1105.27,982.0,34.69,1.0,593.64,537.0,409.52,487.0,101.76,1070.0,317.0,113.0,32.46,40.3,36.02,39.0,30.0,27.0,596.0,2.0,1.0
8480280,2025,Jeremy Swayman,BOS,G,5on5,34,94947.0,68.01,54.0,1591.0,53.64,94.0,209.71,192.0,803.17,704.0,27.15,0.0,426.96,393.0,311.57,362.0,64.94,815.0,223.0,60.0,23.84,28.53,15.64,27.0,21.0,6.0,493.0,0.0,0.0
8480280,2025,Jeremy Swayman,BOS,G,4on5,34,11985.0,24.18,28.0,311.0,16.66,21.0,39.6,39.0,186.29,167.0,0.92,0.0,105.41,88.0,56.19,72.0,22.29,170.0,44.0,34.0,5.19,5.55,13.44,10.0,6.0,12.0,63.0,2.0,1.0
8480280,2025,Jeremy Swayman,BOS,G,5on4,34,8884.0,2.47,5.0,37.0,1.4,2.0,4.25,2.0,26.5,29.0,4.95,1.0,8.83,9.0,18.12,18.0,2.42,26.0,6.0,4.0,0.84,0.64,0.99,0.0,2.0,3.0,1.0,0.0,0.0
8481544,2025,Mads Sogaard,OTT,G,other,1,31.0,0.16,1.0,1.0,0.05,0.0,0.1,0.0,0.69,1.0,0.0,0.0,0.51,0.0,0.14,0.0,0.16,0.0,1.0,0.0,0.0,0.16,0.0,0.0,1.0,0.0,0.0,0.0,0.0
8481544,2025,Mads Sogaard,OTT,G,all,1,1045.0,1.41,5.0,24.0,0.79,0.0,2.87,3.0,12.24,16.0,0.25,0.0,7.67,4.0,4.82,6.0,1.32,12.0,4.0,2.0,0.36,0.57,0.48,3.0,2.0,0.0,6.0,0.0,0.0
8481544,2025,Mads Sogaard,OTT,G,5on5,1,872.0,0.95,3.0,19.0,0.59,0.0,2.4,3.0,9.49,12.0,0.25,0.0,5.71,4.0,3.99,4.0,0.86,11.0,1.0,2.0,0.31,0.17,0.48,3.0,0.0,0.0,5.0,0.0,0.0
8481544,2025,Mads Sogaard,OTT,G,4on5,1,142.0,0.3,1.0,4.0,0.15,0.0,0.37,0.0,2.06,3.0,0.0,0.0,1.44,0.0,0.68,2.0,0.3,1.0,2.0,0.0,0.05,0.25,0.0,0.0,1.0,0.0,1.0,0.0,0.0
8481544,2025,Mads Sogaard,OTT,G,5on4,1,0.0,0.0,0.0,0.0,0.0,0.0,0.0,0.0,0.0,0.0,0.0,0.0,0.0,0.0,0.0,0.0,0.0,0.0,0.0,0.0,0.0,0.0,0.0,0.0,0.0,0.0,0.0,0.0,0.0
8476945,2025,Connor Hellebuyck,WPG,G,other,30,2441.0,9.33,10.0,86.0,4.12,10.0,9.56,2.0,47.35,44.0,0.93,0.0,24.15,22.0,12.25,17.0,7.66,31.0,15.0,15.0,1.09,1.93,6.3,3.0,2.0,5.0,25.0,0.0,0.0
8476945,2025,Connor Hellebuyck,WPG,G,all,30,107685.0,90.29,81.0,1705.0,66.59,117.0,219.74,154.0,918.53,828.0,29.17,2.0,491.13,476.0,350.09,421.0,84.45,903.0,241.0,105.0,27.25,29.63,33.42,29.0,33.0,19.0,456.0,2.0,1.0
8476945,2025,Connor Hellebuyck,WPG,G,5on5,30,88076.0,60.98,57.0,1346.0,48.91,88.0,178.58,121.0,714.6,651.0,22.9,1.0,382.42,382.0,281.63,329.0,58.54,736.0,178.0,63.0,21.87,22.23,16.89,21.0,29.0,7.0,369.0,2.0,1.0
8476945,2025,Connor Hellebuyck,WPG,G,4on5,30,8990.0,16.98,12.0,238.0,12.24,15.0,27.88,30.0,132.63,108.0,1.06,0.0,76.89,65.0,41.63,58.0,15.49,120.0,40.0,20.0,3.89,4.69,8.4,4.0,1.0,7.0,58.0,0.0,0.0
8476945,2025,Connor Hellebuyck,WPG,G,5on4,30,8178.0,2.37,0.0,27.0,1.03,3.0,2.74,1.0,19.2,21.0,4.25,1.0,5.8,5.0,12.51,16.0,2.18,14.0,5.0,6.0,0.3,0.49,1.58,0.0,0.0,0.0,2.0,0.0,0.0
8479973,2025,Stuart Skinner,PIT,G,other,32,2150.0,7.16,4.0,75.0,3.21,3.0,7.66,7.0,42.25,44.0,0.7,0.0,22.21,23.0,13.32,18.0,6.08,25.0,22.0,8.0,0.82,2.75,3.59,0.0,3.0,1.0,20.0,0.0,0.0
8479973,2025,Stuart Skinner,PIT,G,all,32,110827.0,89.95,84.0,1759.0,66.0,96.0,220.27,180.0,927.31,786.0,31.1,1.0,504.56,447.0,356.89,460.0,85.32,938.0,241.0,90.0,29.98,29.52,30.45,33.0,28.0,23.0,490.0,0.0,0.0
8479973,2025,Stuart Skinner,PIT,G,5on5,32,94322.0,64.39,61.0,1420.0,49.97,80.0,182.31,140.0,737.31,609.0,25.67,1.0,398.83,348.0,292.52,382.0,61.71,771.0,180.0,62.0,24.51,22.23,17.64,31.0,19.0,11.0,407.0,0.0,0.0
8479973,2025,Stuart Skinner,PIT,G,4on5,32,7561.0,16.68,16.0,240.0,11.87,13.0,28.0,31.0,130.58,113.0,0.55,0.0,77.86,73.0,39.2,45.0,15.8,127.0,32.0,19.0,4.02,3.64,9.02,2.0,4.0,10.0,62.0,0.0,0.0
8479973,2025,Stuart Skinner,PIT,G,5on4,32,6794.0,1.39,2.0,21.0,0.8,0.0,1.95,2.0,14.77,17.0,3.8,0.0,4.74,2.0,10.68,14.0,1.38,14.0,5.0,1.0,0.57,0.62,0.2,0.0,1.0,1.0,1.0,0.0,0.0
8479406,2025,Filip Gustavsson,MIN,G,other,31,2018.0,4.39,8.0,57.0,2.56,3.0,6.77,6.0,34.25,35.0,0.89,0.0,18.16,14.0,11.98,14.0,4.23,27.0,14.0,4.0,1.1,1.59,1.7,3.0,4.0,1.0,12.0,0.0,0.0
8479406,2025,Filip Gustavsson,MIN,G,all,31,109601.0,85.14,78.0,1833.0,67.23,103.0,232.2,183.0,958.24,852.0,33.11,1.0,523.39,458.0,377.53,493.0,81.07,1010.0,229.0,79.0,29.28,29.1,26.77,29.0,28.0,21.0,515.0,0.0,0.0
8479406,2025,Filip Gustavsson,MIN,G,5on5,31,90011.0,63.34,52.0,1533.0,52.59,79.0,196.22,151.0,784.05,680.0,25.92,0.0,429.15,379.0,313.21,418.0,60.43,841.0,186.0,54.0,24.3,23.87,15.17,22.0,20.0,10.0,452.0,0.0,0.0
8479406,2025,Filip Gustavsson,MIN,G,4on5,31,6643.0,15.32,16.0,206.0,10.85,20.0,25.41,22.0,116.43,111.0,0.45,0.0,67.85,61.0,35.56,39.0,14.35,116.0,24.0,19.0,3.3,2.84,9.18,3.0,4.0,9.0,47.0,0.0,0.0
8479406,2025,Filip Gustavsson,MIN,G,5on4,31,10929.0,2.09,2.0,37.0,1.24,1.0,3.8,4.0,23.5,26.0,5.86,1.0,8.23,4.0,16.79,22.0,2.06,26.0,5.0,2.0,0.58,0.79,0.72,1.0,0.0,1.0,4.0,0.0,0.0
8480947,2025,Kevin Lankinen,VAN,G,other,25,1560.0,5.16,5.0,73.0,3.55,7.0,9.66,8.0,44.8,37.0,0.56,0.0,22.94,19.0,16.08,20.0,4.84,35.0,18.0,6.0,1.26,2.28,1.63,0.0,3.0,2.0,14.0,0.0,0.0
8480947,2025,Kevin Lankinen,VAN,G,all,25,86794.0,80.3,82.0,1455.0,56.53,105.0,195.55,138.0,808.34,722.0,25.11,0.0,420.09,373.0,302.62,384.0,75.81,779.0,212.0,91.0,23.52,27.62,29.16,33.0,27.0,22.0,373.0,2.0,1.0
8480947,2025,Kevin Lankinen,VAN,G,5on5,25,72284.0,55.71,53.0,1172.0,42.93,82.0,161.43,111.0,638.89,561.0,19.48,0.0,334.72,301.0,243.05,312.0,52.64,641.0,162.0,56.0,19.14,21.55,15.02,26.0,20.0,7.0,313.0,2.0,1.0
8480947,2025,Kevin Lankinen,VAN,G,4on5,25,6113.0,16.99,21.0,171.0,8.77,13.0,20.5,15.0,99.93,96.0,0.67,0.0,53.91,49.0,27.54,33.0,15.97,81.0,24.0,26.0,2.45,2.83,11.71,5.0,3.0,13.0,40.0,0.0,0.0
8480947,2025,Kevin Lankinen,VAN,G,5on4,25,6837.0,1.91,1.0,32.0,1.04,1.0,3.05,3.0,20.29,22.0,4.35,0.0,6.48,3.0,13.8,19.0,1.88,18.0,6.0,3.0,0.49,0.62,0.8,1.0,0.0,0.0,5.0,0.0,0.0
8479312,2025,Alex Lyon,BUF,G,other,22,2375.0,4.8,5.0,62.0,2.69,7.0,7.48,5.0,35.15,31.0,0.79,0.0,18.62,15.0,11.11,14.0,4.37,29.0,10.0,7.0,1.21,1.39,2.2,1.0,2.0,2.0,16.0,0.0,0.0
8479312,2025,Alex Lyon,BUF,G,all,22,72446.0,60.34,57.0,1301.0,48.87,79.0,170.05,142.0,697.39,611.0,21.01,0.0,376.2,331.0,270.13,339.0,57.36,726.0,160.0,63.0,19.91,19.51,20.91,19.0,27.0,11.0,352.0,0.0,0.0
8479312,2025,Alex Lyon,BUF,G,5on5,22,58952.0,42.63,42.0,1003.0,34.63,57.0,134.08,111.0,535.8,468.0,16.79,0.0,286.22,258.0,214.66,261.0,41.13,567.0,125.0,38.0,15.92,15.21,11.5,16.0,21.0,5.0,273.0,0.0,0.0
8479312,2025,Alex Lyon,BUF,G,4on5,22,5902.0,11.52,8.0,207.0,10.43,15.0,25.68,26.0,110.92,96.0,0.48,0.0,64.56,53.0,34.12,48.0,10.55,115.0,18.0,17.0,2.45,2.1,6.97,2.0,2.0,4.0,57.0,0.0,0.0
8479312,2025,Alex Lyon,BUF,G,5on4,22,5217.0,0.86,0.0,21.0,0.8,0.0,1.85,0.0,10.98,11.0,2.93,0.0,4.72,4.0,8.31,13.0,0.78,13.0,3.0,1.0,0.23,0.38,0.24,0.0,0.0,0.0,4.0,0.0,0.0
8477484,2025,Spencer Martin,NYR,G,other,4,208.0,0.18,0.0,4.0,0.14,0.0,0.81,1.0,3.15,4.0,0.26,0.0,1.35,1.0,1.42,2.0,0.18,4.0,0.0,0.0,0.18,0.0,0.0,0.0,0.0,0.0,0.0,0.0,0.0
8477484,2025,Spencer Martin,NYR,G,all,4,10471.0,7.65,12.0,170.0,5.95,8.0,21.23,9.0,88.21,79.0,3.37,1.0,46.87,39.0,35.35,52.0,7.39,91.0,22.0,7.0,3.04,2.7,1.91,6.0,4.0,2.0,50.0,0.0,0.0
8477484,2025,Spencer Martin,NYR,G,5on5,4,8678.0,5.86,10.0,148.0,4.77,6.0,18.06,8.0,72.49,64.0,2.48,1.0,39.84,34.0,28.99,42.0,5.63,78.0,18.0,4.0,2.67,2.19,1.0,6.0,3.0,1.0,48.0,0.0,0.0
8477484,2025,Spencer Martin,NYR,G,4on5,4,720.0,0.96,1.0,13.0,0.83,1.0,1.7,0.0,8.46,7.0,0.09,0.0,4.67,4.0,2.58,5.0,0.94,7.0,3.0,1.0,0.13,0.38,0.45,0.0,0.0,1.0,2.0,0.0,0.0
8477484,2025,Spencer Martin,NYR,G,5on4,4,865.0,0.65,1.0,5.0,0.2,1.0,0.67,0.0,4.11,4.0,0.54,0.0,1.0,0.0,2.35,3.0,0.64,2.0,1.0,2.0,0.05,0.13,0.47,0.0,1.0,0.0,0.0,0.0,0.0
8479394,2025,Carter Hart,VGK,G,other,12,877.0,3.46,2.0,50.0,1.78,2.0,6.08,6.0,29.08,27.0,0.88,0.0,12.83,12.0,11.92,15.0,3.31,21.0,13.0,3.0,0.98,1.51,0.98,1.0,0.0,1.0,13.0,0.0,0.0
8479394,2025,Carter Hart,VGK,G,all,12,39558.0,26.78,36.0,603.0,21.53,35.0,76.33,59.0,313.46,279.0,11.04,1.0,169.84,158.0,125.57,142.0,25.73,318.0,87.0,26.0,9.52,10.02,7.24,20.0,12.0,4.0,172.0,2.0,1.0
8479394,2025,Carter Hart,VGK,G,5on5,12,33204.0,20.03,31.0,481.0,16.72,28.0,62.57,48.0,246.77,217.0,8.36,0.0,136.32,126.0,98.54,109.0,19.33,262.0,63.0,18.0,7.64,7.37,5.02,17.0,11.0,3.0,138.0,0.0,0.0
8479394,2025,Carter Hart,VGK,G,4on5,12,2495.0,2.59,3.0,62.0,2.68,5.0,6.71,4.0,29.77,29.0,0.21,0.0,18.31,14.0,9.73,15.0,2.4,28.0,10.0,3.0,0.75,1.05,0.8,2.0,1.0,0.0,21.0,0.0,0.0
8479394,2025,Carter Hart,VGK,G,5on4,12,2982.0,0.7,0.0,10.0,0.35,0.0,0.97,1.0,7.85,6.0,1.59,1.0,2.38,6.0,5.38,3.0,0.7,7.0,1.0,2.0,0.15,0.1,0.45,0.0,0.0,0.0,0.0,2.0,1.0
8483710,2025,Dennis Hildeby,TOR,G,other,19,1251.0,4.76,2.0,47.0,1.91,2.0,4.65,2.0,25.26,22.0,0.41,0.0,12.94,16.0,8.86,12.0,4.25,18.0,8.0,8.0,0.89,0.96,2.92,1.0,0.0,1.0,13.0,0.0,0.0
8483710,2025,Dennis Hildeby,TOR,G,all,19,57036.0,54.91,46.0,1069.0,41.22,71.0,145.54,106.0,585.98,512.0,15.1,1.0,312.09,300.0,225.12,274.0,51.22,592.0,143.0,64.0,18.1,17.42,19.39,23.0,17.0,6.0,270.0,0.0,0.0
8483710,2025,Dennis Hildeby,TOR,G,5on5,19,47236.0,38.11,37.0,865.0,30.1,49.0,117.94,92.0,460.9,398.0,11.92,1.0,245.76,228.0,182.37,222.0,36.24,482.0,108.0,40.0,14.38,13.19,10.54,20.0,15.0,2.0,235.0,0.0,0.0
8483710,2025,Dennis Hildeby,TOR,G,4on5,19,3826.0,10.58,5.0,136.0,8.42,19.0,20.59,11.0,86.77,77.0,0.31,0.0,48.46,53.0,25.87,29.0,9.37,80.0,23.0,14.0,2.45,2.79,5.34,1.0,1.0,3.0,19.0,0.0,0.0
8483710,2025,Dennis Hildeby,TOR,G,5on4,19,4723.0,1.15,0.0,15.0,0.59,1.0,1.59,1.0,9.3,11.0,2.28,0.0,3.27,2.0,6.05,9.0,1.07,8.0,3.0,2.0,0.2,0.37,0.58,0.0,0.0,0.0,2.0,0.0,0.0
8482515,2025,Artur Akhtyamov,TOR,G,other,1,0.0,0.0,0.0,0.0,0.0,0.0,0.0,0.0,0.0,0.0,0.0,0.0,0.0,0.0,0.0,0.0,0.0,0.0,0.0,0.0,0.0,0.0,0.0,0.0,0.0,0.0,0.0,0.0,0.0
8482515,2025,Artur Akhtyamov,TOR,G,all,1,632.0,0.29,0.0,11.0,0.27,0.0,1.68,1.0,6.25,5.0,0.21,0.0,2.9,1.0,2.67,6.0,0.29,7.0,1.0,0.0,0.21,0.09,0.0,0.0,0.0,0.0,3.0,0.0,0.0
8482515,2025,Artur Akhtyamov,TOR,G,5on5,1,632.0,0.29,0.0,11.0,0.27,0.0,1.68,1.0,6.25,5.0,0.21,0.0,2.9,1.0,2.67,6.0,0.29,7.0,1.0,0.0,0.21,0.09,0.0,0.0,0.0,0.0,3.0,0.0,0.0
8482515,2025,Artur Akhtyamov,TOR,G,4on5,1,0.0,0.0,0.0,0.0,0.0,0.0,0.0,0.0,0.0,0.0,0.0,0.0,0.0,0.0,0.0,0.0,0.0,0.0,0.0,0.0,0.0,0.0,0.0,0.0,0.0,0.0,0.0,0.0,0.0
8482515,2025,Artur Akhtyamov,TOR,G,5on4,1,0.0,0.0,0.0,0.0,0.0,0.0,0.0,0.0,0.0,0.0,0.0,0.0,0.0,0.0,0.0,0.0,0.0,0.0,0.0,0.0,0.0,0.0,0.0,0.0,0.0,0.0,0.0,0.0,0.0
8481519,2025,Spencer Knight,CHI,G,other,33,3141.0,6.16,9.0,83.0,3.39,3.0,8.85,5.0,45.78,41.0,1.52,0.0,24.32,15.0,16.7,29.0,6.02,34.0,20.0,7.0,1.2,2.51,2.44,4.0,1.0,4.0,22.0,0.0,0.0
8481519,2025,Spencer Knight,CHI,G,all,33,118064.0,96.52,83.0,1919.0,78.76,117.0,259.22,197.0,1076.63,955.0,31.15,5.0,569.06,509.0,413.96,545.0,92.33,1078.0,278.0,98.0,29.84,34.27,32.41,37.0,29.0,17.0,465.0,0.0,0.0
8481519,2025,Spencer Knight,CHI,G,5on5,33,97242.0,70.75,60.0,1553.0,58.39,82.0,213.61,165.0,858.59,765.0,25.82,4.0,456.69,424.0,339.61,434.0,68.37,879.0,225.0,64.0,24.96,27.67,18.12,32.0,23.0,5.0,385.0,0.0,0.0
8481519,2025,Spencer Knight,CHI,G,4on5,33,9602.0,17.06,13.0,245.0,15.59,31.0,32.83,23.0,146.94,124.0,0.55,0.0,79.34,64.0,41.07,60.0,15.43,140.0,28.0,23.0,2.89,3.41,10.76,1.0,4.0,8.0,54.0,0.0,0.0
8481519,2025,Spencer Knight,CHI,G,5on4,33,8079.0,2.42,1.0,36.0,1.31,1.0,3.65,4.0,23.91,25.0,3.21,1.0,7.97,4.0,15.84,22.0,2.39,23.0,5.0,4.0,0.66,0.69,1.08,0.0,1.0,0.0,4.0,0.0,0.0
8484268,2025,Nikita Tolopilo,VAN,G,other,6,1133.0,1.64,3.0,25.0,1.17,1.0,3.02,1.0,13.8,9.0,0.18,0.0,9.54,12.0,4.04,3.0,1.59,14.0,4.0,2.0,0.49,0.47,0.68,0.0,2.0,1.0,5.0,0.0,0.0
8484268,2025,Nikita Tolopilo,VAN,G,all,6,19000.0,19.09,21.0,339.0,14.57,25.0,48.7,41.0,204.83,177.0,5.68,0.0,110.19,93.0,77.58,97.0,18.51,196.0,63.0,18.0,6.26,7.45,5.38,6.0,11.0,4.0,62.0,0.0,0.0
8484268,2025,Nikita Tolopilo,VAN,G,5on5,6,14632.0,14.25,14.0,262.0,10.21,17.0,37.74,35.0,156.15,140.0,4.47,0.0,82.87,69.0,61.85,77.0,13.79,154.0,44.0,14.0,5.05,5.37,3.83,6.0,6.0,2.0,50.0,0.0,0.0
8484268,2025,Nikita Tolopilo,VAN,G,4on5,6,1741.0,2.95,4.0,45.0,2.96,7.0,7.2,5.0,30.84,24.0,0.18,0.0,16.19,8.0,8.66,15.0,2.89,24.0,13.0,2.0,0.64,1.43,0.88,0.0,3.0,1.0,6.0,0.0,0.0
8484268,2025,Nikita Tolopilo,VAN,G,5on4,6,1494.0,0.26,0.0,7.0,0.23,0.0,0.73,0.0,4.04,4.0,0.85,0.0,1.59,4.0,3.03,2.0,0.26,4.0,2.0,0.0,0.08,0.17,0.0,0.0,0.0,0.0,1.0,0.0,0.0
8482076,2025,Nico Daws,NJD,G,other,1,31.0,0.0,0.0,0.0,0.0,0.0,0.0,0.0,0.0,0.0,0.02,0.0,0.0,0.0,0.0,0.0,0.0,0.0,0.0,0.0,0.0,0.0,0.0,0.0,0.0,0.0,0.0,0.0,0.0
8482076,2025,Nico Daws,NJD,G,all,1,3600.0,3.06,1.0,68.0,2.8,8.0,8.1,4.0,33.66,31.0,1.11,0.0,16.73,18.0,12.19,13.0,2.77,32.0,6.0,6.0,0.76,0.73,1.57,1.0,0.0,0.0,24.0,0.0,0.0
8482076,2025,Nico Daws,NJD,G,5on5,1,3085.0,2.96,1.0,55.0,2.16,7.0,6.63,3.0,27.64,26.0,0.97,0.0,13.22,15.0,10.13,10.0,2.68,24.0,6.0,6.0,0.66,0.73,1.57,1.0,0.0,0.0,19.0,0.0,0.0
8482076,2025,Nico Daws,NJD,G,4on5,1,360.0,0.1,0.0,13.0,0.64,1.0,1.47,1.0,6.02,5.0,0.02,0.0,3.51,3.0,2.06,3.0,0.1,8.0,0.0,0.0,0.1,0.0,0.0,0.0,0.0,0.0,5.0,0.0,0.0
8482076,2025,Nico Daws,NJD,G,5on4,1,124.0,0.0,0.0,0.0,0.0,0.0,0.0,0.0,0.0,0.0,0.11,0.0,0.0,0.0,0.0,0.0,0.0,0.0,0.0,0.0,0.0,0.0,0.0,0.0,0.0,0.0,0.0,0.0,0.0
8480045,2025,Ukko-Pekka Luukkonen,BUF,G,other,19,2215.0,6.88,4.0,71.0,3.0,8.0,7.59,12.0,38.15,36.0,0.56,0.0,20.43,17.0,10.74,9.0,6.09,25.0,13.0,12.0,0.89,1.52,4.47,0.0,2.0,2.0,21.0,0.0,0.0
8480045,2025,Ukko-Pekka Luukkonen,BUF,G,all,19,66884.0,51.73,50.0,1076.0,41.32,70.0,146.91,124.0,587.08,515.0,18.44,2.0,311.06,286.0,225.9,266.0,49.42,606.0,137.0,54.0,17.41,17.09,17.23,20.0,19.0,11.0,279.0,4.0,2.0
8480045,2025,Ukko-Pekka Luukkonen,BUF,G,5on5,19,54869.0,35.21,37.0,842.0,29.0,45.0,117.45,98.0,453.07,387.0,14.83,2.0,239.65,218.0,181.35,219.0,34.17,486.0,101.0,31.0,14.46,12.72,8.03,20.0,14.0,3.0,224.0,4.0,2.0
8480045,2025,Ukko-Pekka Luukkonen,BUF,G,4on5,19,4674.0,7.98,6.0,142.0,8.36,15.0,19.7,12.0,81.37,74.0,0.25,0.0,45.88,46.0,24.17,30.0,7.51,84.0,16.0,9.0,1.78,2.03,4.17,0.0,1.0,5.0,33.0,0.0,0.0
8480045,2025,Ukko-Pekka Luukkonen,BUF,G,5on4,19,5126.0,1.53,2.0,20.0,0.89,2.0,2.07,2.0,13.72,17.0,2.77,0.0,4.78,5.0,9.27,8.0,1.53,11.0,6.0,2.0,0.28,0.69,0.56,0.0,1.0,1.0,1.0,0.0,0.0
8476434,2025,John Gibson,DET,G,other,30,3678.0,6.56,5.0,103.0,3.89,4.0,11.41,10.0,52.17,43.0,0.76,0.0,30.59,27.0,16.77,25.0,6.31,46.0,17.0,8.0,1.67,2.26,2.63,0.0,4.0,1.0,32.0,0.0,0.0
8476434,2025,John Gibson,DET,G,all,30,105240.0,86.08,80.0,1810.0,63.72,88.0,223.62,186.0,927.48,814.0,29.86,4.0,502.19,456.0,358.72,455.0,82.42,936.0,249.0,80.0,29.09,30.87,26.12,29.0,30.0,21.0,545.0,2.0,1.0
8476434,2025,John Gibson,DET,G,5on5,30,86264.0,61.09,56.0,1437.0,47.65,72.0,181.59,152.0,725.61,640.0,24.24,3.0,386.82,358.0,286.77,350.0,58.23,745.0,192.0,51.0,23.33,24.12,13.64,27.0,23.0,6.0,449.0,2.0,1.0
8476434,2025,John Gibson,DET,G,4on5,30,7574.0,16.31,16.0,236.0,10.86,11.0,27.43,22.0,129.16,105.0,0.42,0.0,77.88,66.0,41.41,63.0,15.82,130.0,28.0,20.0,3.65,3.1,9.57,1.0,1.0,14.0,58.0,0.0,0.0
8476434,2025,John Gibson,DET,G,5on4,30,7724.0,1.94,3.0,31.0,1.23,1.0,2.96,2.0,18.98,24.0,4.37,1.0,6.33,5.0,12.89,15.0,1.89,14.0,11.0,1.0,0.37,1.28,0.29,1.0,2.0,0.0,5.0,0.0,0.0
8482761,2025,Carl Lindbom,VGK,G,other,8,715.0,0.84,2.0,20.0,0.97,0.0,2.34,4.0,12.35,10.0,0.14,0.0,6.77,4.0,4.7,6.0,0.83,12.0,4.0,0.0,0.4,0.43,0.0,0.0,2.0,0.0,4.0,0.0,0.0
8482761,2025,Carl Lindbom,VGK,G,all,8,28840.0,19.84,24.0,430.0,15.72,21.0,54.68,41.0,225.18,189.0,7.63,0.0,121.23,110.0,85.78,109.0,19.25,236.0,51.0,18.0,7.57,6.09,6.17,9.0,7.0,8.0,125.0,0.0,0.0
8482761,2025,Carl Lindbom,VGK,G,5on5,8,23134.0,13.29,18.0,322.0,10.79,17.0,41.73,27.0,165.58,138.0,6.0,0.0,88.36,83.0,65.06,80.0,12.9,177.0,36.0,12.0,5.59,4.25,3.44,9.0,5.0,4.0,97.0,0.0,0.0
8482761,2025,Carl Lindbom,VGK,G,4on5,8,2504.0,5.19,4.0,80.0,3.67,4.0,9.79,10.0,42.07,37.0,0.09,0.0,24.59,23.0,12.29,16.0,5.02,42.0,9.0,6.0,1.42,1.05,2.73,0.0,0.0,4.0,23.0,0.0,0.0
8482761,2025,Carl Lindbom,VGK,G,5on4,8,2487.0,0.52,0.0,8.0,0.29,0.0,0.82,0.0,5.18,4.0,1.4,0.0,1.5,0.0,3.72,7.0,0.51,5.0,2.0,0.0,0.16,0.36,0.0,0.0,0.0,0.0,1.0,0.0,0.0
8480981,2025,Joel Hofer,STL,G,other,27,1947.0,3.51,5.0,56.0,2.08,1.0,5.11,5.0,28.34,31.0,0.58,0.0,18.15,17.0,9.29,11.0,3.21,26.0,10.0,3.0,1.1,1.14,1.27,2.0,2.0,1.0,17.0,0.0,0.0
8480981,2025,Joel Hofer,STL,G,all,27,88212.0,66.47,68.0,1501.0,55.0,66.0,194.62,181.0,796.81,697.0,21.42,0.0,438.08,396.0,310.44,380.0,63.43,838.0,185.0,68.0,22.73,22.76,20.98,28.0,23.0,17.0,410.0,2.0,1.0
8480981,2025,Joel Hofer,STL,G,5on5,27,72633.0,50.19,49.0,1210.0,41.1,58.0,161.57,150.0,633.38,544.0,17.51,0.0,338.26,317.0,249.89,288.0,47.98,673.0,137.0,52.0,18.5,16.99,14.7,23.0,16.0,10.0,348.0,2.0,1.0
8480981,2025,Joel Hofer,STL,G,4on5,27,7082.0,11.16,13.0,208.0,10.9,6.0,25.77,25.0,120.09,108.0,0.56,0.0,76.52,61.0,40.69,64.0,10.62,126.0,31.0,12.0,2.8,3.6,4.76,2.0,5.0,6.0,39.0,0.0,0.0
8480981,2025,Joel Hofer,STL,G,5on4,27,6550.0,1.62,1.0,27.0,0.92,1.0,2.17,1.0,15.0,14.0,2.77,0.0,5.15,1.0,10.58,17.0,1.62,13.0,7.0,1.0,0.33,1.03,0.25,1.0,0.0,0.0,6.0,0.0,0.0
8474593,2025,Jacob Markstrom,NJD,G,other,26,1895.0,6.48,4.0,77.0,3.11,5.0,7.19,7.0,36.6,32.0,0.72,0.0,22.07,23.0,8.7,10.0,5.35,20.0,21.0,8.0,0.86,2.64,2.98,0.0,2.0,2.0,28.0,0.0,0.0
8474593,2025,Jacob Markstrom,NJD,G,all,26,88090.0,71.03,80.0,1400.0,52.58,81.0,177.96,166.0,740.21,677.0,25.9,2.0,404.06,346.0,282.89,341.0,67.16,747.0,191.0,76.0,22.87,23.14,25.02,43.0,17.0,20.0,386.0,6.0,3.0
8474593,2025,Jacob Markstrom,NJD,G,5on5,26,74612.0,49.59,55.0,1118.0,39.14,57.0,146.26,134.0,587.8,530.0,21.07,2.0,318.42,272.0,234.89,290.0,47.97,616.0,142.0,50.0,18.39,17.11,14.09,35.0,12.0,8.0,310.0,6.0,3.0
8474593,2025,Jacob Markstrom,NJD,G,4on5,26,5250.0,13.88,20.0,186.0,9.7,18.0,22.82,23.0,103.33,104.0,0.46,0.0,59.2,48.0,30.46,31.0,12.76,99.0,24.0,17.0,3.25,2.91,7.71,8.0,2.0,10.0,46.0,0.0,0.0
8474593,2025,Jacob Markstrom,NJD,G,5on4,26,6333.0,0.76,0.0,15.0,0.44,0.0,1.21,1.0,9.74,9.0,3.59,0.0,3.02,3.0,7.33,9.0,0.76,10.0,2.0,1.0,0.3,0.22,0.24,0.0,0.0,0.0,2.0,0.0,0.0
8479361,2025,Joseph Woll,TOR,G,other,20,1721.0,5.63,4.0,66.0,2.64,1.0,7.09,4.0,35.85,32.0,0.48,1.0,19.19,23.0,11.19,15.0,4.81,23.0,17.0,7.0,1.01,2.06,2.56,1.0,3.0,0.0,19.0,0.0,0.0
8479361,2025,Joseph Woll,TOR,G,all,20,67013.0,53.93,54.0,1202.0,43.99,63.0,159.79,120.0,649.03,588.0,17.74,1.0,355.58,344.0,253.71,307.0,51.35,689.0,155.0,45.0,19.99,19.07,14.87,24.0,23.0,7.0,313.0,0.0,0.0
8479361,2025,Joseph Woll,TOR,G,5on5,20,56627.0,37.28,40.0,957.0,32.47,49.0,130.54,99.0,505.88,457.0,14.54,0.0,278.04,270.0,202.49,239.0,36.25,563.0,108.0,27.0,15.92,13.54,7.81,22.0,14.0,4.0,259.0,0.0,0.0
8479361,2025,Joseph Woll,TOR,G,4on5,20,4785.0,9.12,7.0,143.0,7.74,13.0,18.56,16.0,85.53,78.0,0.31,0.0,50.95,47.0,26.69,33.0,8.39,82.0,24.0,10.0,2.18,2.76,4.17,0.0,4.0,3.0,27.0,0.0,0.0
8479361,2025,Joseph Woll,TOR,G,5on4,20,3880.0,0.83,2.0,20.0,0.64,0.0,2.12,0.0,13.73,13.0,2.2,0.0,4.2,3.0,9.84,13.0,0.83,15.0,3.0,0.0,0.51,0.32,0.0,1.0,1.0,0.0,2.0,0.0,0.0
8482123,2025,Drew Commesso,CHI,G,other,2,264.0,0.51,0.0,10.0,0.48,1.0,0.96,1.0,5.91,5.0,0.13,0.0,4.08,2.0,1.77,4.0,0.48,6.0,2.0,0.0,0.21,0.29,0.0,0.0,0.0,0.0,2.0,0.0,0.0
8482123,2025,Drew Commesso,CHI,G,all,2,7200.0,6.47,5.0,107.0,4.96,9.0,16.18,18.0,66.83,60.0,1.78,0.0,34.31,30.0,23.91,26.0,6.08,63.0,17.0,8.0,1.92,2.08,2.46,0.0,3.0,2.0,19.0,0.0,0.0
8482123,2025,Drew Commesso,CHI,G,5on5,2,5588.0,4.88,5.0,83.0,3.49,7.0,13.5,14.0,51.47,47.0,1.36,0.0,25.62,25.0,18.84,17.0,4.57,50.0,13.0,5.0,1.57,1.58,1.73,0.0,3.0,2.0,15.0,0.0,0.0
8482123,2025,Drew Commesso,CHI,G,4on5,2,685.0,0.99,0.0,12.0,0.94,1.0,1.53,3.0,7.92,7.0,0.03,0.0,4.2,2.0,2.11,4.0,0.94,5.0,2.0,3.0,0.05,0.2,0.73,0.0,0.0,0.0,2.0,0.0,0.0
8482123,2025,Drew Commesso,CHI,G,5on4,2,663.0,0.09,0.0,2.0,0.07,0.0,0.2,0.0,1.53,1.0,0.27,0.0,0.41,1.0,1.19,1.0,0.09,2.0,0.0,0.0,0.09,0.0,0.0,0.0,0.0,0.0,0.0,0.0,0.0
8481529,2025,Trent Miner,COL,G,other,4,355.0,0.83,3.0,17.0,0.81,0.0,2.16,1.0,11.58,10.0,0.23,0.0,6.59,6.0,5.25,6.0,0.82,12.0,4.0,0.0,0.42,0.4,0.0,3.0,0.0,0.0,1.0,0.0,0.0
8481529,2025,Trent Miner,COL,G,all,4,14194.0,9.23,8.0,224.0,8.05,10.0,29.34,30.0,120.99,105.0,4.53,0.0,64.72,44.0,48.73,72.0,8.7,129.0,28.0,7.0,3.14,3.57,2.52,6.0,2.0,0.0,60.0,0.0,0.0
8481529,2025,Trent Miner,COL,G,5on5,4,11408.0,6.55,5.0,184.0,6.09,8.0,24.15,27.0,95.95,80.0,3.44,0.0,50.95,31.0,39.13,59.0,6.31,103.0,23.0,4.0,2.55,3.0,1.0,3.0,2.0,0.0,54.0,0.0,0.0
8481529,2025,Trent Miner,COL,G,4on5,4,1137.0,1.81,0.0,21.0,1.06,2.0,2.83,2.0,12.45,13.0,0.11,0.0,6.56,7.0,3.38,5.0,1.53,12.0,1.0,3.0,0.13,0.16,1.52,0.0,0.0,0.0,5.0,0.0,0.0
8481529,2025,Trent Miner,COL,G,5on4,4,1294.0,0.04,0.0,2.0,0.1,0.0,0.2,0.0,1.02,2.0,0.75,0.0,0.62,0.0,0.97,2.0,0.04,2.0,0.0,0.0,0.04,0.0,0.0,0.0,0.0,0.0,0.0,0.0,0.0
8475717,2025,Calvin Pickard,EDM,G,other,16,1288.0,1.95,1.0,36.0,1.25,3.0,3.64,4.0,16.0,12.0,0.67,0.0,10.14,10.0,4.37,4.0,1.88,18.0,2.0,2.0,0.64,0.33,0.98,0.0,0.0,1.0,14.0,0.0,0.0
8475717,2025,Calvin Pickard,EDM,G,all,16,51848.0,49.46,53.0,822.0,31.53,47.0,105.42,72.0,451.71,410.0,14.63,1.0,239.26,221.0,171.26,217.0,45.73,424.0,136.0,52.0,13.47,17.03,18.96,17.0,19.0,17.0,210.0,0.0,0.0
8475717,2025,Calvin Pickard,EDM,G,5on5,16,43417.0,33.25,40.0,658.0,23.94,35.0,87.22,61.0,359.57,326.0,11.11,1.0,193.3,175.0,142.4,180.0,31.67,362.0,98.0,32.0,11.47,12.25,9.54,15.0,13.0,12.0,166.0,0.0,0.0
8475717,2025,Calvin Pickard,EDM,G,4on5,16,3528.0,12.75,8.0,110.0,5.61,9.0,12.8,6.0,63.56,57.0,0.36,0.0,31.96,32.0,16.65,26.0,10.67,36.0,29.0,17.0,1.15,3.44,8.16,2.0,3.0,3.0,28.0,0.0,0.0
8475717,2025,Calvin Pickard,EDM,G,5on4,16,3615.0,1.15,2.0,15.0,0.55,0.0,1.33,1.0,10.16,12.0,2.36,0.0,2.94,4.0,6.76,6.0,1.15,7.0,5.0,1.0,0.15,0.71,0.29,0.0,1.0,1.0,2.0,0.0,0.0
8477992,2025,Jonas Johansson,TBL,G,other,18,2122.0,3.66,6.0,68.0,2.51,1.0,6.43,4.0,32.72,27.0,0.7,0.0,19.31,20.0,10.97,13.0,3.15,30.0,10.0,4.0,1.35,1.31,1.0,2.0,2.0,2.0,24.0,0.0,0.0
8477992,2025,Jonas Johansson,TBL,G,all,18,61989.0,48.78,47.0,944.0,34.66,53.0,128.24,108.0,517.28,454.0,18.03,1.0,276.47,241.0,194.17,251.0,45.34,515.0,135.0,50.0,15.65,15.99,17.15,19.0,16.0,12.0,244.0,0.0,0.0
8477992,2025,Jonas Johansson,TBL,G,5on5,18,49729.0,31.36,30.0,728.0,24.71,42.0,103.08,90.0,393.62,351.0,13.84,1.0,208.64,175.0,152.82,197.0,30.02,412.0,94.0,28.0,12.07,11.06,8.24,16.0,12.0,2.0,194.0,0.0,0.0
8477992,2025,Jonas Johansson,TBL,G,4on5,18,5211.0,12.67,10.0,133.0,6.91,10.0,17.07,12.0,80.29,65.0,0.36,0.0,45.35,45.0,23.19,31.0,11.08,63.0,29.0,16.0,1.84,3.45,7.38,0.0,2.0,8.0,25.0,0.0,0.0
8477992,2025,Jonas Johansson,TBL,G,5on4,18,4927.0,1.09,1.0,15.0,0.54,0.0,1.66,2.0,10.65,11.0,3.13,0.0,3.17,1.0,7.2,10.0,1.09,10.0,2.0,2.0,0.38,0.18,0.53,1.0,0.0,0.0,1.0,0.0,0.0
8477480,2025,Eric Comrie,WPG,G,other,18,1517.0,3.69,0.0,41.0,1.65,4.0,4.83,5.0,23.84,16.0,0.44,0.0,12.67,9.0,7.38,13.0,2.75,19.0,7.0,5.0,0.74,0.86,2.09,0.0,0.0,0.0,10.0,0.0,0.0
8477480,2025,Eric Comrie,WPG,G,all,18,59769.0,53.11,53.0,1022.0,38.27,72.0,132.91,115.0,543.29,472.0,16.67,0.0,288.61,256.0,207.07,242.0,49.88,544.0,124.0,71.0,15.51,15.06,22.54,19.0,17.0,17.0,283.0,0.0,0.0
8477480,2025,Eric Comrie,WPG,G,5on5,18,49046.0,39.13,35.0,843.0,29.86,59.0,112.46,97.0,440.54,384.0,13.34,0.0,232.2,210.0,170.63,198.0,37.07,445.0,103.0,52.0,12.71,12.67,13.75,15.0,14.0,6.0,243.0,0.0,0.0
8477480,2025,Eric Comrie,WPG,G,4on5,18,4146.0,9.33,16.0,121.0,6.27,8.0,14.23,12.0,67.72,59.0,0.33,0.0,40.38,33.0,21.55,25.0,9.12,70.0,11.0,13.0,1.78,1.12,6.44,3.0,2.0,11.0,27.0,0.0,0.0
8477480,2025,Eric Comrie,WPG,G,5on4,18,5060.0,0.97,2.0,17.0,0.5,1.0,1.39,1.0,11.19,13.0,2.56,0.0,3.35,4.0,7.52,6.0,0.95,10.0,3.0,1.0,0.28,0.43,0.26,1.0,1.0,0.0,3.0,0.0,0.0
8483548,2025,Brandon Bussi,CAR,G,other,22,3278.0,6.29,6.0,78.0,3.52,7.0,9.36,4.0,45.48,40.0,1.6,0.0,25.16,27.0,15.01,17.0,5.92,33.0,19.0,9.0,1.36,2.31,2.62,2.0,3.0,1.0,17.0,0.0,0.0
8483548,2025,Brandon Bussi,CAR,G,all,22,80272.0,56.4,49.0,1023.0,41.12,62.0,136.89,100.0,576.02,514.0,28.47,1.0,299.61,261.0,218.55,297.0,53.59,541.0,168.0,63.0,16.68,19.82,19.91,17.0,18.0,14.0,251.0,2.0,1.0
8483548,2025,Brandon Bussi,CAR,G,5on5,22,65598.0,36.68,30.0,793.0,29.35,38.0,108.73,82.0,439.66,387.0,22.73,0.0,230.02,204.0,173.57,236.0,35.52,433.0,130.0,30.0,13.39,15.17,8.11,11.0,14.0,5.0,200.0,2.0,1.0
8483548,2025,Brandon Bussi,CAR,G,4on5,22,5347.0,11.44,12.0,128.0,7.44,16.0,16.73,13.0,75.71,67.0,0.73,0.0,39.32,28.0,20.43,29.0,10.23,65.0,12.0,21.0,1.66,1.5,8.29,3.0,1.0,8.0,30.0,0.0,0.0
8483548,2025,Brandon Bussi,CAR,G,5on4,22,6049.0,1.43,1.0,21.0,0.68,1.0,1.72,1.0,12.73,17.0,3.42,1.0,4.21,2.0,8.54,12.0,1.35,10.0,5.0,2.0,0.27,0.63,0.53,1.0,0.0,0.0,4.0,0.0,0.0
8482982,2025,Jet Greaves,CBJ,G,other,33,3531.0,11.46,8.0,109.0,4.61,10.0,12.11,6.0,64.12,51.0,1.68,1.0,32.97,32.0,20.79,28.0,8.88,44.0,22.0,18.0,1.92,2.75,6.79,3.0,3.0,2.0,25.0,0.0,0.0
8482982,2025,Jet Greaves,CBJ,G,all,33,117505.0,100.6,88.0,1980.0,72.33,107.0,260.06,221.0,1065.38,955.0,37.03,2.0,571.52,530.0,409.59,499.0,93.26,1102.0,233.0,115.0,32.64,28.86,39.11,42.0,23.0,23.0,530.0,0.0,0.0
8482982,2025,Jet Greaves,CBJ,G,5on5,33,97292.0,66.66,62.0,1589.0,53.03,70.0,214.07,196.0,836.12,751.0,29.88,1.0,450.61,431.0,334.47,384.0,63.54,910.0,169.0,68.0,26.11,21.02,19.53,36.0,16.0,10.0,442.0,0.0,0.0
8482982,2025,Jet Greaves,CBJ,G,4on5,33,8623.0,20.81,17.0,259.0,13.88,27.0,31.56,18.0,148.31,137.0,0.87,0.0,82.43,67.0,43.2,67.0,19.18,133.0,37.0,27.0,4.06,4.54,12.21,2.0,4.0,11.0,62.0,0.0,0.0
8482982,2025,Jet Greaves,CBJ,G,5on4,33,8059.0,1.41,1.0,20.0,0.64,0.0,2.01,1.0,14.74,14.0,4.42,0.0,4.52,0.0,9.94,17.0,1.41,14.0,3.0,2.0,0.5,0.33,0.57,1.0,0.0,0.0,1.0,0.0,0.0
8482661,2025,Jesper Wallstedt,MIN,G,other,21,1898.0,5.51,3.0,73.0,3.48,3.0,8.23,5.0,42.45,35.0,0.57,0.0,26.0,30.0,12.24,15.0,5.25,38.0,13.0,6.0,1.36,1.52,2.64,0.0,1.0,2.0,16.0,0.0,0.0
8482661,2025,Jesper Wallstedt,MIN,G,all,21,75863.0,57.62,57.0,1345.0,48.86,68.0,173.5,159.0,701.02,652.0,20.98,0.0,392.79,361.0,276.4,326.0,55.15,794.0,129.0,50.0,23.65,15.79,18.18,23.0,19.0,15.0,372.0,2.0,1.0
8482661,2025,Jesper Wallstedt,MIN,G,5on5,21,63425.0,40.02,41.0,1105.0,37.09,52.0,145.97,137.0,564.97,525.0,16.21,0.0,316.58,285.0,230.97,275.0,38.62,662.0,99.0,29.0,19.38,12.1,8.54,21.0,16.0,4.0,315.0,2.0,1.0
8482661,2025,Jesper Wallstedt,MIN,G,4on5,21,4990.0,10.47,11.0,142.0,7.56,11.0,16.79,17.0,78.05,77.0,0.37,0.0,45.21,42.0,23.47,24.0,9.71,81.0,11.0,14.0,2.42,1.37,6.68,1.0,1.0,9.0,36.0,0.0,0.0
8482661,2025,Jesper Wallstedt,MIN,G,5on4,21,5550.0,1.24,0.0,19.0,0.54,2.0,1.65,0.0,11.77,11.0,3.55,0.0,3.42,3.0,7.84,10.0,1.19,9.0,5.0,1.0,0.23,0.68,0.33,0.0,0.0,0.0,4.0,0.0,0.0
8475831,2025,Philipp Grubauer,SEA,G,other,18,1622.0,3.96,4.0,52.0,2.53,3.0,6.08,8.0,32.09,31.0,0.99,0.0,18.02,17.0,11.34,11.0,3.75,24.0,14.0,5.0,1.15,1.69,1.13,1.0,1.0,2.0,9.0,0.0,0.0
8475831,2025,Philipp Grubauer,SEA,G,all,18,60133.0,49.3,41.0,1067.0,39.83,70.0,132.87,93.0,548.62,492.0,16.66,1.0,303.41,292.0,213.72,261.0,46.42,583.0,115.0,60.0,17.43,14.38,17.48,15.0,11.0,15.0,309.0,0.0,0.0
8475831,2025,Philipp Grubauer,SEA,G,5on5,18,50773.0,37.19,27.0,880.0,30.19,59.0,109.54,71.0,436.69,390.0,13.36,1.0,238.95,232.0,175.05,216.0,35.44,476.0,84.0,46.0,13.99,10.52,12.68,11.0,7.0,9.0,274.0,0.0,0.0
8475831,2025,Philipp Grubauer,SEA,G,4on5,18,4103.0,7.29,9.0,123.0,6.71,8.0,15.92,13.0,71.08,61.0,0.15,0.0,43.91,41.0,21.71,27.0,6.39,75.0,16.0,7.0,2.18,2.0,3.12,3.0,3.0,3.0,25.0,0.0,0.0
8475831,2025,Philipp Grubauer,SEA,G,5on4,18,3635.0,0.85,1.0,12.0,0.4,0.0,1.33,1.0,8.76,10.0,2.14,0.0,2.53,2.0,5.63,7.0,0.84,8.0,1.0,2.0,0.12,0.18,0.56,0.0,0.0,1.0,1.0,0.0,0.0
8480313,2025,Logan Thompson,WSH,G,other,35,2761.0,5.63,2.0,77.0,2.91,4.0,8.06,6.0,40.39,37.0,1.56,0.0,21.15,16.0,12.93,24.0,5.31,26.0,19.0,7.0,1.09,2.29,2.24,0.0,1.0,1.0,25.0,0.0,0.0
8480313,2025,Logan Thompson,WSH,G,all,35,124097.0,100.12,82.0,2032.0,72.89,126.0,261.07,179.0,1083.2,958.0,37.12,2.0,566.85,525.0,417.75,541.0,96.12,1057.0,291.0,107.0,32.55,35.72,31.85,29.0,31.0,22.0,577.0,0.0,0.0
8480313,2025,Logan Thompson,WSH,G,5on5,35,101588.0,73.22,56.0,1581.0,52.81,100.0,208.13,146.0,834.25,735.0,28.99,1.0,433.23,401.0,328.79,420.0,70.71,832.0,218.0,74.0,26.14,27.03,20.05,22.0,24.0,10.0,457.0,0.0,0.0
8480313,2025,Logan Thompson,WSH,G,4on5,35,10414.0,19.09,19.0,333.0,16.05,19.0,40.02,24.0,179.93,155.0,0.82,0.0,103.29,102.0,56.25,76.0,18.0,169.0,49.0,23.0,4.62,5.95,8.51,4.0,5.0,10.0,92.0,0.0,0.0
8480313,2025,Logan Thompson,WSH,G,5on4,35,9334.0,2.05,5.0,37.0,1.03,3.0,4.44,2.0,26.36,28.0,5.66,1.0,8.14,5.0,18.55,20.0,1.97,28.0,4.0,3.0,0.64,0.36,1.04,3.0,1.0,1.0,2.0,0.0,0.0
8481611,2025,Pyotr Kochetkov,CAR,G,other,9,545.0,0.88,0.0,17.0,0.63,2.0,2.63,3.0,8.8,4.0,0.16,0.0,4.87,4.0,2.6,3.0,0.73,7.0,4.0,1.0,0.14,0.49,0.24,0.0,0.0,0.0,5.0,0.0,0.0
8481611,2025,Pyotr Kochetkov,CAR,G,all,9,29409.0,18.97,19.0,368.0,13.69,25.0,48.58,43.0,202.59,189.0,9.98,2.0,109.16,85.0,80.64,106.0,18.14,204.0,55.0,19.0,5.89,6.71,6.37,3.0,10.0,6.0,90.0,0.0,0.0
8481611,2025,Pyotr Kochetkov,CAR,G,5on5,9,24727.0,12.81,15.0,288.0,10.39,19.0,38.95,36.0,158.62,146.0,8.31,2.0,86.33,64.0,64.2,84.0,12.42,171.0,35.0,12.0,4.88,4.34,3.59,3.0,8.0,4.0,70.0,0.0,0.0
8481611,2025,Pyotr Kochetkov,CAR,G,4on5,9,1936.0,4.05,3.0,47.0,2.1,4.0,4.92,4.0,24.1,27.0,0.19,0.0,14.0,15.0,7.08,7.0,3.77,17.0,11.0,5.0,0.53,1.28,2.24,0.0,1.0,2.0,14.0,0.0,0.0
8481611,2025,Pyotr Kochetkov,CAR,G,5on4,9,2201.0,1.04,1.0,12.0,0.46,0.0,1.61,0.0,8.74,11.0,1.16,0.0,3.02,1.0,5.55,10.0,1.03,7.0,4.0,1.0,0.26,0.48,0.29,0.0,1.0,0.0,0.0,0.0,0.0
8481692,2025,Dustin Wolf,CGY,G,other,37,4351.0,6.82,5.0,108.0,4.04,5.0,11.8,15.0,55.06,50.0,0.97,1.0,33.0,27.0,17.32,22.0,5.89,43.0,26.0,6.0,1.8,3.1,1.92,1.0,3.0,1.0,33.0,0.0,0.0
8481692,2025,Dustin Wolf,CGY,G,all,37,123409.0,100.76,102.0,2040.0,77.79,111.0,265.25,249.0,1096.64,1008.0,35.14,3.0,585.08,491.0,424.94,533.0,95.59,1089.0,296.0,106.0,31.72,36.62,32.41,34.0,42.0,26.0,549.0,2.0,1.0
8481692,2025,Dustin Wolf,CGY,G,5on5,37,99165.0,70.49,75.0,1604.0,55.45,78.0,212.68,204.0,839.93,759.0,27.83,1.0,443.08,386.0,332.77,397.0,67.63,863.0,210.0,70.0,25.15,26.02,19.32,32.0,29.0,14.0,461.0,2.0,1.0
8481692,2025,Dustin Wolf,CGY,G,4on5,37,8992.0,19.11,21.0,271.0,16.01,25.0,35.04,29.0,162.98,158.0,0.82,0.0,94.86,65.0,50.65,80.0,17.82,153.0,43.0,25.0,3.87,5.35,9.88,0.0,10.0,11.0,50.0,0.0,0.0
8481692,2025,Dustin Wolf,CGY,G,5on4,37,10901.0,3.24,1.0,46.0,1.82,2.0,4.5,1.0,31.07,33.0,5.33,1.0,10.55,7.0,20.82,31.0,3.23,25.0,13.0,4.0,0.67,1.67,0.9,1.0,0.0,0.0,4.0,0.0,0.0
8475660,2025,Cam Talbot,DET,G,other,22,1920.0,5.72,7.0,65.0,2.81,5.0,8.21,5.0,37.93,35.0,0.79,0.0,19.01,15.0,12.48,17.0,5.39,23.0,20.0,7.0,0.96,2.41,2.35,1.0,3.0,3.0,15.0,0.0,0.0
8475660,2025,Cam Talbot,DET,G,all,22,75695.0,57.78,62.0,1252.0,44.44,51.0,154.23,137.0,646.36,575.0,22.95,1.0,346.58,319.0,258.16,313.0,55.68,656.0,165.0,62.0,19.56,19.58,18.65,21.0,21.0,20.0,369.0,0.0,0.0
8475660,2025,Cam Talbot,DET,G,5on5,22,61930.0,42.32,44.0,1001.0,33.99,42.0,126.55,119.0,512.81,458.0,17.29,1.0,275.74,257.0,206.53,240.0,41.09,542.0,114.0,46.0,16.18,13.63,12.52,18.0,14.0,12.0,299.0,0.0,0.0
8475660,2025,Cam Talbot,DET,G,4on5,22,4716.0,7.78,10.0,154.0,6.45,4.0,15.26,13.0,71.9,57.0,0.35,0.0,43.61,40.0,23.55,32.0,7.26,67.0,25.0,7.0,1.71,2.82,3.25,1.0,4.0,5.0,55.0,0.0,0.0
8475660,2025,Cam Talbot,DET,G,5on4,22,7129.0,1.74,1.0,27.0,1.01,0.0,3.46,0.0,20.22,22.0,4.37,0.0,6.53,5.0,13.57,21.0,1.72,20.0,5.0,2.0,0.59,0.61,0.54,1.0,0.0,0.0,0.0,0.0,0.0
8476932,2025,Anthony Stolarz,TOR,G,other,13,1283.0,1.97,1.0,38.0,1.47,3.0,3.68,4.0,16.4,15.0,0.26,0.0,10.69,10.0,4.48,5.0,1.75,14.0,8.0,1.0,0.6,1.04,0.33,0.0,1.0,0.0,15.0,0.0,0.0
8476932,2025,Anthony Stolarz,TOR,G,all,13,42073.0,32.73,41.0,713.0,27.6,38.0,92.15,77.0,379.76,353.0,10.98,1.0,212.03,184.0,147.52,184.0,31.54,414.0,78.0,33.0,11.63,9.43,11.67,16.0,15.0,10.0,188.0,0.0,0.0
8476932,2025,Anthony Stolarz,TOR,G,5on5,13,34493.0,23.79,29.0,553.0,19.47,25.0,73.24,60.0,292.2,266.0,8.65,1.0,162.23,146.0,117.4,146.0,23.2,319.0,62.0,25.0,9.01,7.34,7.44,12.0,12.0,5.0,147.0,0.0,0.0
8476932,2025,Anthony Stolarz,TOR,G,4on5,13,3486.0,5.68,8.0,106.0,6.01,9.0,13.48,11.0,58.96,58.0,0.33,0.0,34.78,25.0,18.02,26.0,5.38,69.0,5.0,6.0,1.53,0.65,3.49,3.0,0.0,5.0,26.0,0.0,0.0
8476932,2025,Anthony Stolarz,TOR,G,5on4,13,2811.0,0.92,2.0,12.0,0.4,1.0,1.27,1.0,9.13,10.0,1.71,0.0,2.75,1.0,6.39,7.0,0.89,10.0,1.0,1.0,0.37,0.14,0.41,1.0,1.0,0.0,0.0,0.0,0.0
8484170,2025,Jacob Fowler,MTL,G,other,10,1380.0,2.89,2.0,39.0,1.49,4.0,3.7,2.0,19.32,18.0,0.59,0.0,11.1,13.0,6.02,5.0,2.38,14.0,8.0,4.0,0.62,0.97,1.3,1.0,1.0,0.0,13.0,0.0,0.0
8484170,2025,Jacob Fowler,MTL,G,all,10,35711.0,27.81,26.0,568.0,20.63,36.0,70.4,51.0,294.16,264.0,10.84,0.0,156.13,145.0,110.8,137.0,26.05,275.0,94.0,27.0,8.53,11.57,7.71,8.0,15.0,3.0,172.0,0.0,0.0
8484170,2025,Jacob Fowler,MTL,G,5on5,10,28426.0,17.75,18.0,414.0,13.3,20.0,52.86,31.0,212.36,186.0,8.87,0.0,110.54,105.0,83.33,110.0,17.24,208.0,65.0,12.0,6.65,8.01,3.09,6.0,11.0,1.0,129.0,0.0,0.0
8484170,2025,Jacob Fowler,MTL,G,4on5,10,3471.0,6.16,5.0,105.0,5.51,11.0,13.0,17.0,55.96,54.0,0.27,0.0,32.54,27.0,17.74,17.0,5.47,50.0,19.0,8.0,1.14,2.33,2.69,0.0,3.0,2.0,28.0,0.0,0.0
8484170,2025,Jacob Fowler,MTL,G,5on4,10,2434.0,0.53,1.0,7.0,0.18,1.0,0.45,0.0,4.12,4.0,1.01,0.0,1.11,0.0,2.62,3.0,0.49,3.0,0.0,2.0,0.12,0.0,0.41,1.0,0.0,0.0,2.0,0.0,0.0
8481033,2025,Akira Schmid,VGK,G,other,25,2475.0,7.37,9.0,88.0,4.03,5.0,10.29,6.0,54.67,49.0,0.9,0.0,29.13,30.0,18.47,21.0,6.97,42.0,20.0,9.0,1.8,2.73,2.82,2.0,4.0,3.0,17.0,0.0,0.0
8481033,2025,Akira Schmid,VGK,G,all,25,86753.0,61.78,59.0,1356.0,46.7,85.0,171.22,117.0,693.02,575.0,24.55,1.0,376.01,374.0,271.17,315.0,58.93,729.0,153.0,69.0,21.31,19.59,20.88,24.0,17.0,18.0,405.0,0.0,0.0
8481033,2025,Akira Schmid,VGK,G,5on5,25,74043.0,45.37,40.0,1134.0,36.8,74.0,145.51,97.0,563.34,455.0,19.96,1.0,306.81,308.0,224.41,259.0,43.25,618.0,113.0,48.0,17.61,14.47,13.29,21.0,11.0,8.0,355.0,0.0,0.0
8481033,2025,Akira Schmid,VGK,G,4on5,25,4943.0,7.96,8.0,114.0,5.09,5.0,13.03,12.0,61.01,58.0,0.35,0.0,35.29,33.0,18.78,24.0,7.62,55.0,15.0,12.0,1.43,1.76,4.76,1.0,0.0,7.0,32.0,0.0,0.0
8481033,2025,Akira Schmid,VGK,G,5on4,25,5292.0,0.88,1.0,16.0,0.62,1.0,1.9,0.0,11.56,10.0,3.29,0.0,3.84,3.0,8.36,11.0,0.88,12.0,4.0,0.0,0.38,0.5,0.0,0.0,1.0,0.0,0.0,0.0,0.0
8471734,2025,Jonathan Quick,NYR,G,other,15,1154.0,3.97,4.0,29.0,1.36,5.0,3.63,0.0,18.75,18.0,0.52,0.0,9.93,10.0,5.41,6.0,2.66,11.0,8.0,6.0,0.29,1.0,2.69,0.0,1.0,3.0,4.0,0.0,0.0
8471734,2025,Jonathan Quick,NYR,G,all,15,49495.0,39.56,43.0,795.0,29.47,50.0,101.96,54.0,427.28,381.0,13.49,0.0,229.97,221.0,165.73,213.0,37.02,439.0,103.0,39.0,12.67,13.07,13.81,14.0,16.0,13.0,214.0,4.0,2.0
8471734,2025,Jonathan Quick,NYR,G,5on5,15,42008.0,28.15,33.0,654.0,21.81,32.0,84.27,44.0,340.82,295.0,11.01,0.0,182.91,175.0,136.57,181.0,27.3,356.0,83.0,26.0,10.61,10.54,7.0,13.0,14.0,6.0,189.0,4.0,2.0
8471734,2025,Jonathan Quick,NYR,G,4on5,15,3375.0,7.01,5.0,101.0,5.92,12.0,12.9,9.0,60.52,59.0,0.2,0.0,34.62,36.0,18.46,19.0,6.63,63.0,11.0,7.0,1.47,1.41,4.12,0.0,1.0,4.0,20.0,0.0,0.0
8471734,2025,Jonathan Quick,NYR,G,5on4,15,2958.0,0.42,1.0,11.0,0.37,1.0,1.15,1.0,7.2,9.0,1.76,0.0,2.51,0.0,5.29,7.0,0.42,9.0,1.0,0.0,0.3,0.12,0.0,1.0,0.0,0.0,1.0,0.0,0.0
8475852,2025,Petr Mrazek,ANA,G,other,10,393.0,0.76,2.0,12.0,0.54,0.0,1.16,1.0,6.8,7.0,0.19,0.0,3.73,2.0,2.61,4.0,0.76,6.0,3.0,0.0,0.35,0.41,0.0,1.0,1.0,0.0,3.0,0.0,0.0
8475852,2025,Petr Mrazek,ANA,G,all,10,30953.0,27.03,35.0,506.0,19.41,24.0,62.31,47.0,272.52,247.0,10.6,0.0,144.01,132.0,104.19,126.0,25.37,260.0,85.0,21.0,8.55,10.39,8.09,14.0,15.0,6.0,140.0,0.0,0.0
8475852,2025,Petr Mrazek,ANA,G,5on5,10,24880.0,17.65,24.0,403.0,14.12,20.0,51.15,35.0,211.28,191.0,8.88,0.0,112.05,114.0,81.96,90.0,16.59,210.0,62.0,12.0,6.83,7.46,3.36,11.0,10.0,3.0,119.0,0.0,0.0
8475852,2025,Petr Mrazek,ANA,G,4on5,10,2858.0,8.05,9.0,82.0,4.46,3.0,9.17,10.0,47.52,42.0,0.29,0.0,26.25,16.0,14.51,25.0,7.5,37.0,19.0,8.0,1.22,2.34,4.5,2.0,4.0,3.0,18.0,0.0,0.0
8475852,2025,Petr Mrazek,ANA,G,5on4,10,2822.0,0.56,0.0,9.0,0.29,1.0,0.83,1.0,6.92,7.0,1.24,0.0,1.99,0.0,5.11,7.0,0.52,7.0,1.0,1.0,0.15,0.19,0.23,0.0,0.0,0.0,0.0,0.0,0.0
8482445,2025,Devin Cooley,CGY,G,other,16,2379.0,6.36,2.0,69.0,3.06,6.0,7.98,7.0,40.6,34.0,0.43,0.0,20.16,18.0,13.17,19.0,5.35,30.0,14.0,8.0,1.38,2.05,2.94,0.0,1.0,1.0,17.0,0.0,0.0
8482445,2025,Devin Cooley,CGY,G,all,16,52843.0,44.26,32.0,855.0,31.78,62.0,109.47,87.0,458.58,410.0,14.95,0.0,241.97,214.0,179.28,226.0,41.47,443.0,131.0,48.0,13.9,16.43,13.92,15.0,10.0,7.0,233.0,2.0,1.0
8482445,2025,Devin Cooley,CGY,G,5on5,16,42624.0,29.91,27.0,661.0,22.69,51.0,87.14,67.0,347.37,312.0,12.64,0.0,182.12,161.0,138.49,165.0,28.67,352.0,87.0,33.0,10.19,10.72,8.99,14.0,9.0,4.0,189.0,2.0,1.0
8482445,2025,Devin Cooley,CGY,G,4on5,16,4246.0,6.46,2.0,109.0,5.36,4.0,12.72,11.0,58.91,53.0,0.39,0.0,35.93,34.0,19.58,31.0,5.94,52.0,25.0,5.0,2.04,2.95,1.46,1.0,0.0,1.0,27.0,0.0,0.0
8482445,2025,Devin Cooley,CGY,G,5on4,16,3594.0,1.53,1.0,16.0,0.68,1.0,1.63,2.0,11.69,11.0,1.49,0.0,3.77,1.0,8.03,11.0,1.51,9.0,5.0,2.0,0.29,0.72,0.53,0.0,0.0,1.0,0.0,0.0,0.0
8478406,2025,Mackenzie Blackwood,COL,G,other,16,1069.0,1.66,1.0,30.0,1.22,2.0,3.28,1.0,14.05,12.0,0.48,0.0,10.1,11.0,3.23,5.0,0.74,17.0,1.0,2.0,0.8,0.13,0.73,1.0,0.0,0.0,10.0,0.0,0.0
8478406,2025,Mackenzie Blackwood,COL,G,all,16,55780.0,42.45,35.0,888.0,33.66,66.0,116.7,79.0,471.56,422.0,19.7,0.0,253.22,243.0,177.68,215.0,38.67,492.0,95.0,53.0,14.4,11.79,16.26,13.0,12.0,10.0,248.0,0.0,0.0
8478406,2025,Mackenzie Blackwood,COL,G,5on5,16,45810.0,30.11,24.0,703.0,23.83,47.0,94.31,66.0,368.74,327.0,16.09,0.0,196.54,188.0,144.69,175.0,28.3,394.0,76.0,32.0,11.12,9.71,9.28,7.0,11.0,6.0,201.0,0.0,0.0
8478406,2025,Mackenzie Blackwood,COL,G,4on5,16,4664.0,9.76,7.0,136.0,7.96,17.0,17.01,12.0,75.91,69.0,0.56,0.0,42.3,44.0,21.09,21.0,8.7,67.0,15.0,19.0,1.92,1.58,6.26,2.0,1.0,4.0,35.0,0.0,0.0
8478406,2025,Mackenzie Blackwood,COL,G,5on4,16,4237.0,0.74,2.0,16.0,0.5,0.0,1.68,0.0,10.58,11.0,2.54,0.0,3.18,0.0,7.61,12.0,0.74,12.0,2.0,0.0,0.45,0.29,0.0,2.0,0.0,0.0,2.0,0.0,0.0
8480843,2025,Lukas Dostal,ANA,G,other,32,3277.0,7.96,4.0,93.0,4.21,10.0,10.3,5.0,48.77,41.0,1.38,0.0,25.8,23.0,14.84,23.0,7.2,26.0,31.0,8.0,1.17,3.85,2.94,2.0,2.0,0.0,28.0,0.0,0.0
8480843,2025,Lukas Dostal,ANA,G,all,32,108668.0,91.65,94.0,1789.0,68.19,102.0,234.67,191.0,967.4,852.0,34.35,2.0,516.81,456.0,369.63,466.0,87.35,941.0,288.0,85.0,29.7,34.36,27.6,37.0,39.0,18.0,475.0,4.0,2.0
8480843,2025,Lukas Dostal,ANA,G,5on5,32,87842.0,60.88,67.0,1406.0,49.63,70.0,189.61,155.0,752.01,650.0,26.91,1.0,400.3,359.0,296.4,366.0,58.48,769.0,207.0,46.0,24.47,24.66,11.74,32.0,30.0,5.0,384.0,4.0,2.0
8480843,2025,Lukas Dostal,ANA,G,4on5,32,8996.0,19.73,21.0,258.0,13.05,20.0,31.23,30.0,143.41,134.0,1.11,0.0,83.47,65.0,44.27,61.0,18.72,130.0,41.0,26.0,3.66,4.56,11.51,3.0,5.0,13.0,61.0,0.0,0.0
8480843,2025,Lukas Dostal,ANA,G,5on4,32,8553.0,2.21,1.0,28.0,1.06,1.0,2.93,1.0,19.76,24.0,4.93,1.0,6.22,9.0,12.96,14.0,2.17,16.0,7.0,3.0,0.39,1.06,0.76,0.0,1.0,0.0,2.0,0.0,0.0
8478435,2025,Dan Vladar,PHI,G,other,28,2743.0,5.27,2.0,69.0,2.66,5.0,7.55,5.0,37.79,31.0,0.99,0.0,20.13,21.0,13.14,17.0,4.86,30.0,12.0,8.0,1.45,1.37,2.44,1.0,1.0,0.0,19.0,0.0,0.0
8478435,2025,Dan Vladar,PHI,G,all,28,97999.0,75.49,67.0,1538.0,54.63,85.0,197.68,144.0,814.4,706.0,25.6,0.0,440.24,419.0,320.37,402.0,72.94,865.0,170.0,82.0,26.99,20.84,27.66,29.0,20.0,18.0,421.0,2.0,1.0
8478435,2025,Dan Vladar,PHI,G,5on5,28,79576.0,50.51,41.0,1194.0,39.45,60.0,159.7,118.0,625.84,537.0,19.71,0.0,338.0,327.0,251.13,315.0,49.09,678.0,134.0,49.0,20.32,16.39,13.79,21.0,15.0,5.0,333.0,2.0,1.0
8478435,2025,Dan Vladar,PHI,G,4on5,28,7915.0,16.69,20.0,230.0,11.0,16.0,26.15,20.0,122.08,108.0,0.56,0.0,72.72,67.0,38.15,46.0,16.08,129.0,19.0,21.0,3.99,2.3,10.39,5.0,2.0,13.0,61.0,0.0,0.0
8478435,2025,Dan Vladar,PHI,G,5on4,28,7765.0,2.22,2.0,34.0,1.02,4.0,3.11,1.0,21.61,22.0,4.23,0.0,6.33,3.0,14.69,18.0,2.12,22.0,2.0,4.0,0.88,0.31,1.03,2.0,0.0,0.0,6.0,0.0,0.0
8477831,2025,Pheonix Copley,LAK,G,other,1,97.0,0.0,0.0,1.0,0.0,0.0,0.0,0.0,0.0,0.0,0.0,0.0,0.0,0.0,0.0,0.0,0.0,0.0,0.0,0.0,0.0,0.0,0.0,0.0,0.0,0.0,1.0,0.0,0.0
8477831,2025,Pheonix Copley,LAK,G,all,1,3514.0,2.2,3.0,46.0,1.9,1.0,7.57,7.0,30.31,28.0,1.25,0.0,15.96,14.0,11.19,15.0,2.15,33.0,5.0,2.0,0.78,0.48,0.94,2.0,0.0,1.0,6.0,0.0,0.0
8477831,2025,Pheonix Copley,LAK,G,5on5,1,3029.0,1.43,2.0,37.0,1.51,1.0,6.39,5.0,24.1,22.0,1.12,0.0,12.64,10.0,9.26,14.0,1.39,26.0,5.0,1.0,0.71,0.48,0.23,2.0,0.0,0.0,5.0,0.0,0.0
8477831,2025,Pheonix Copley,LAK,G,4on5,1,125.0,0.77,1.0,7.0,0.37,0.0,1.07,2.0,5.49,5.0,0.0,0.0,3.04,4.0,1.37,0.0,0.75,6.0,0.0,1.0,0.06,0.0,0.71,0.0,0.0,1.0,0.0,0.0,0.0
8477831,2025,Pheonix Copley,LAK,G,5on4,1,263.0,0.01,0.0,1.0,0.02,0.0,0.12,0.0,0.72,1.0,0.14,0.0,0.28,0.0,0.56,1.0,0.01,1.0,0.0,0.0,0.01,0.0,0.0,0.0,0.0,0.0,0.0,0.0,0.0
8476914,2025,Joonas Korpisalo,BOS,G,other,19,1689.0,3.38,2.0,39.0,1.8,4.0,4.89,2.0,23.02,22.0,0.65,0.0,10.38,11.0,7.82,10.0,3.24,13.0,11.0,5.0,0.38,1.44,1.56,0.0,1.0,1.0,10.0,0.0,0.0
8476914,2025,Joonas Korpisalo,BOS,G,all,19,60663.0,49.09,52.0,990.0,39.08,75.0,138.13,104.0,547.71,500.0,17.34,2.0,283.44,233.0,206.41,271.0,47.04,537.0,145.0,53.0,14.51,18.08,16.5,21.0,22.0,9.0,255.0,0.0,0.0
8476914,2025,Joonas Korpisalo,BOS,G,5on5,19,49612.0,37.68,41.0,819.0,29.41,61.0,115.29,86.0,441.35,394.0,13.8,2.0,230.36,189.0,169.96,221.0,36.09,441.0,120.0,37.0,12.19,14.84,10.65,20.0,19.0,2.0,221.0,0.0,0.0
8476914,2025,Joonas Korpisalo,BOS,G,4on5,19,5154.0,6.6,9.0,115.0,7.26,8.0,15.92,16.0,70.59,70.0,0.35,0.0,39.06,30.0,20.73,29.0,6.44,73.0,12.0,7.0,1.65,1.6,3.35,1.0,2.0,6.0,23.0,0.0,0.0
8476914,2025,Joonas Korpisalo,BOS,G,5on4,19,4208.0,1.43,0.0,17.0,0.59,2.0,2.05,0.0,12.76,14.0,2.54,0.0,3.65,3.0,7.9,11.0,1.27,10.0,2.0,4.0,0.29,0.19,0.95,0.0,0.0,0.0,1.0,0.0,0.0
8478024,2025,Ville Husso,ANA,G,other,11,520.0,2.91,2.0,33.0,1.49,0.0,3.98,2.0,22.24,18.0,0.58,0.0,11.39,14.0,8.54,11.0,2.88,17.0,9.0,3.0,0.69,1.03,1.2,0.0,1.0,1.0,4.0,0.0,0.0
8478024,2025,Ville Husso,ANA,G,all,11,36269.0,28.24,31.0,600.0,20.64,31.0,76.76,46.0,309.88,276.0,11.65,0.0,166.2,168.0,118.82,144.0,27.1,313.0,78.0,30.0,9.56,9.35,9.33,11.0,11.0,9.0,179.0,2.0,1.0
8478024,2025,Ville Husso,ANA,G,5on5,11,29807.0,20.95,25.0,470.0,15.43,30.0,61.56,37.0,240.1,216.0,9.49,0.0,126.85,120.0,92.28,112.0,20.15,244.0,57.0,24.0,7.29,6.83,6.84,9.0,9.0,7.0,145.0,2.0,1.0
8478024,2025,Ville Husso,ANA,G,4on5,11,2932.0,3.78,4.0,88.0,3.51,1.0,10.08,6.0,41.3,35.0,0.25,0.0,26.24,32.0,13.87,16.0,3.62,46.0,11.0,2.0,1.4,1.38,1.01,2.0,1.0,1.0,29.0,0.0,0.0
8478024,2025,Ville Husso,ANA,G,5on4,11,3010.0,0.6,0.0,9.0,0.22,0.0,1.14,1.0,6.23,7.0,1.33,0.0,1.72,2.0,4.13,5.0,0.44,6.0,1.0,1.0,0.2,0.12,0.28,0.0,0.0,0.0,1.0,0.0,0.0
8479292,2025,Charlie Lindgren,WSH,G,other,16,1800.0,2.75,1.0,36.0,1.39,1.0,4.31,7.0,20.33,19.0,0.94,0.0,11.48,13.0,6.4,5.0,2.33,18.0,6.0,3.0,0.69,0.83,1.23,0.0,1.0,0.0,9.0,0.0,0.0
8479292,2025,Charlie Lindgren,WSH,G,all,16,56483.0,49.43,51.0,940.0,34.09,45.0,118.77,102.0,502.7,455.0,17.02,0.0,273.76,246.0,195.23,244.0,46.26,497.0,146.0,46.0,15.62,16.92,16.88,15.0,19.0,17.0,251.0,4.0,2.0
8479292,2025,Charlie Lindgren,WSH,G,5on5,16,45642.0,32.43,32.0,738.0,24.7,32.0,94.53,76.0,382.75,342.0,14.09,0.0,206.88,189.0,152.69,195.0,31.33,393.0,103.0,29.0,11.96,11.95,8.53,11.0,13.0,8.0,213.0,4.0,2.0
8479292,2025,Charlie Lindgren,WSH,G,4on5,16,4910.0,12.28,16.0,140.0,7.05,12.0,17.15,17.0,83.23,74.0,0.33,0.0,48.9,41.0,25.88,28.0,10.66,75.0,26.0,13.0,2.51,2.91,6.86,3.0,4.0,9.0,26.0,0.0,0.0
8479292,2025,Charlie Lindgren,WSH,G,5on4,16,4131.0,1.35,1.0,18.0,0.66,0.0,1.73,0.0,11.92,14.0,1.65,0.0,4.09,1.0,8.77,15.0,1.35,8.0,8.0,1.0,0.25,0.84,0.26,0.0,1.0,0.0,1.0,0.0,0.0
8480238,2025,Jiri Patera,VAN,G,other,1,31.0,0.0,0.0,0.0,0.0,0.0,0.0,0.0,0.0,0.0,0.0,0.0,0.0,0.0,0.0,0.0,0.0,0.0,0.0,0.0,0.0,0.0,0.0,0.0,0.0,0.0,0.0,0.0,0.0
8480238,2025,Jiri Patera,VAN,G,all,1,3409.0,3.38,7.0,68.0,2.53,1.0,8.5,10.0,36.48,40.0,0.67,0.0,20.34,21.0,14.09,11.0,3.31,38.0,9.0,3.0,1.31,1.26,0.81,4.0,1.0,2.0,18.0,0.0,0.0
8480238,2025,Jiri Patera,VAN,G,5on5,1,2372.0,2.27,5.0,52.0,1.88,1.0,6.83,8.0,28.69,32.0,0.5,0.0,15.47,18.0,11.65,7.0,2.23,31.0,7.0,1.0,0.97,0.97,0.33,4.0,0.0,1.0,13.0,0.0,0.0
8480238,2025,Jiri Patera,VAN,G,4on5,1,547.0,1.11,2.0,15.0,0.65,0.0,1.66,2.0,7.79,8.0,0.0,0.0,4.87,3.0,2.44,4.0,1.08,7.0,2.0,2.0,0.34,0.29,0.48,0.0,1.0,1.0,4.0,0.0,0.0
8480238,2025,Jiri Patera,VAN,G,5on4,1,459.0,0.0,0.0,1.0,0.0,0.0,0.0,0.0,0.0,0.0,0.17,0.0,0.0,0.0,0.0,0.0,0.0,0.0,0.0,0.0,0.0,0.0,0.0,0.0,0.0,0.0,1.0,0.0,0.0
8479193,2025,Casey DeSmith,DAL,G,other,19,1681.0,3.67,6.0,47.0,2.06,3.0,5.91,4.0,28.48,29.0,0.52,0.0,16.58,14.0,9.76,12.0,2.78,22.0,16.0,1.0,0.86,1.97,0.84,1.0,4.0,1.0,8.0,0.0,0.0
8479193,2025,Casey DeSmith,DAL,G,all,19,67382.0,57.63,46.0,1085.0,40.41,78.0,141.02,113.0,580.99,517.0,16.68,1.0,310.63,266.0,221.67,288.0,53.04,570.0,159.0,62.0,17.73,19.62,20.28,16.0,18.0,12.0,294.0,2.0,1.0
8479193,2025,Casey DeSmith,DAL,G,5on5,19,54645.0,38.51,28.0,856.0,28.46,56.0,112.34,89.0,441.82,386.0,12.34,0.0,237.64,214.0,174.04,219.0,37.09,464.0,103.0,39.0,14.22,12.61,11.67,14.0,8.0,6.0,250.0,2.0,1.0
8479193,2025,Casey DeSmith,DAL,G,4on5,19,5806.0,13.47,11.0,151.0,8.81,17.0,19.57,15.0,90.29,78.0,0.47,0.0,48.7,34.0,25.48,42.0,11.23,68.0,30.0,21.0,2.13,3.83,7.5,1.0,5.0,5.0,32.0,0.0,0.0
8479193,2025,Casey DeSmith,DAL,G,5on4,19,5250.0,1.14,0.0,22.0,0.63,0.0,1.93,4.0,14.42,18.0,3.2,1.0,4.47,1.0,10.42,14.0,1.13,12.0,7.0,0.0,0.33,0.81,0.0,0.0,0.0,0.0,3.0,0.0,0.0
8481668,2025,Arturs Silovs,PIT,G,other,22,1609.0,4.7,7.0,64.0,2.59,1.0,6.74,3.0,36.96,35.0,1.16,0.0,19.57,18.0,15.19,21.0,4.57,30.0,17.0,3.0,1.32,2.14,1.24,2.0,3.0,2.0,14.0,0.0,0.0
8481668,2025,Arturs Silovs,PIT,G,all,22,76776.0,61.16,65.0,1250.0,46.02,64.0,152.52,120.0,656.13,592.0,22.91,1.0,349.02,304.0,259.58,337.0,57.22,648.0,176.0,66.0,18.77,21.56,20.83,27.0,25.0,13.0,360.0,2.0,2.0
8481668,2025,Arturs Silovs,PIT,G,5on5,22,62895.0,45.79,50.0,1004.0,35.35,56.0,127.14,96.0,521.36,475.0,17.76,1.0,276.9,244.0,204.47,261.0,43.96,514.0,147.0,46.0,15.18,18.1,12.51,25.0,21.0,4.0,297.0,2.0,1.0
8481668,2025,Arturs Silovs,PIT,G,4on5,22,6094.0,8.14,7.0,142.0,6.79,5.0,14.72,17.0,71.54,58.0,0.76,0.0,44.16,37.0,21.8,32.0,6.2,78.0,6.0,14.0,1.47,0.59,6.08,0.0,0.0,7.0,44.0,0.0,0.0
8481668,2025,Arturs Silovs,PIT,G,5on4,22,6178.0,2.35,1.0,35.0,1.13,2.0,3.32,4.0,23.44,23.0,3.1,0.0,7.05,3.0,16.48,21.0,2.29,22.0,6.0,3.0,0.61,0.72,1.01,0.0,1.0,0.0,4.0,0.0,1.0
8478916,2025,Joey Daccord,SEA,G,other,29,2282.0,3.52,2.0,58.0,2.25,6.0,6.14,3.0,28.33,15.0,1.01,0.0,16.67,17.0,9.31,11.0,3.24,24.0,9.0,6.0,1.06,0.97,1.49,1.0,0.0,1.0,19.0,0.0,0.0
8478916,2025,Joey Daccord,SEA,G,all,29,101023.0,80.82,82.0,1754.0,63.48,106.0,229.59,204.0,926.49,809.0,25.97,0.0,505.62,453.0,363.65,428.0,77.31,974.0,212.0,89.0,26.93,25.65,28.23,30.0,30.0,22.0,479.0,4.0,2.0
8478916,2025,Joey Daccord,SEA,G,5on5,29,84574.0,57.32,53.0,1418.0,48.56,80.0,190.51,176.0,739.03,657.0,20.05,0.0,404.55,366.0,298.47,348.0,55.3,811.0,159.0,55.0,22.55,19.53,15.24,28.0,18.0,7.0,393.0,4.0,2.0
8478916,2025,Joey Daccord,SEA,G,4on5,29,6427.0,16.06,21.0,227.0,10.75,14.0,27.14,24.0,124.64,109.0,0.2,0.0,72.32,58.0,36.76,50.0,15.26,114.0,30.0,23.0,2.53,3.33,10.21,1.0,8.0,12.0,60.0,0.0,0.0
8478916,2025,Joey Daccord,SEA,G,5on4,29,7740.0,1.93,5.0,28.0,0.88,2.0,2.77,1.0,20.51,17.0,4.2,0.0,5.92,5.0,13.91,13.0,1.85,19.0,4.0,3.0,0.57,0.56,0.8,0.0,3.0,2.0,2.0,0.0,0.0
8474596,2025,Jake Allen,NJD,G,other,24,1703.0,5.18,5.0,53.0,2.77,4.0,5.91,3.0,33.01,29.0,0.78,0.0,18.69,21.0,10.3,11.0,4.78,24.0,12.0,8.0,1.2,1.57,2.41,1.0,2.0,2.0,9.0,0.0,0.0
8474596,2025,Jake Allen,NJD,G,all,24,84752.0,68.03,63.0,1395.0,52.74,98.0,178.61,137.0,738.51,673.0,25.25,1.0,398.04,340.0,284.44,367.0,64.83,738.0,192.0,77.0,21.92,24.36,21.74,20.0,27.0,16.0,388.0,0.0,0.0
8474596,2025,Jake Allen,NJD,G,5on5,24,71821.0,51.77,53.0,1159.0,40.42,77.0,149.63,116.0,599.44,546.0,20.61,1.0,320.59,277.0,235.34,293.0,49.8,613.0,151.0,54.0,18.23,19.35,14.19,18.0,24.0,11.0,341.0,0.0,0.0
8474596,2025,Jake Allen,NJD,G,4on5,24,6211.0,9.48,5.0,157.0,8.58,15.0,20.13,18.0,89.36,78.0,0.38,0.0,52.59,38.0,28.05,46.0,8.69,86.0,23.0,13.0,2.11,2.66,4.71,1.0,1.0,3.0,35.0,0.0,0.0
8474596,2025,Jake Allen,NJD,G,5on4,24,5017.0,1.38,0.0,21.0,0.8,2.0,2.33,0.0,13.76,16.0,3.43,0.0,4.8,3.0,9.18,14.0,1.35,12.0,5.0,2.0,0.27,0.69,0.43,0.0,0.0,0.0,2.0,0.0,0.0
8480051,2025,Cayden Primeau,TOR,G,other,3,269.0,0.41,0.0,9.0,0.24,0.0,0.68,0.0,3.74,2.0,0.02,0.0,1.75,4.0,1.82,1.0,0.38,4.0,1.0,0.0,0.23,0.17,0.0,0.0,0.0,0.0,4.0,0.0,0.0
8480051,2025,Cayden Primeau,TOR,G,all,3,10888.0,5.61,13.0,186.0,5.88,6.0,20.64,17.0,84.89,80.0,3.35,0.0,46.18,44.0,34.05,35.0,5.54,98.0,15.0,2.0,2.63,2.01,0.98,7.0,4.0,2.0,71.0,0.0,0.0
8480051,2025,Cayden Primeau,TOR,G,5on5,3,9096.0,4.22,12.0,153.0,4.42,5.0,17.24,14.0,68.42,65.0,2.76,0.0,36.98,33.0,27.97,29.0,4.17,78.0,14.0,1.0,2.12,1.84,0.26,7.0,4.0,1.0,60.0,0.0,0.0
8480051,2025,Cayden Primeau,TOR,G,4on5,3,782.0,0.92,1.0,22.0,1.17,1.0,2.58,3.0,12.03,12.0,0.04,0.0,7.1,7.0,3.87,4.0,0.92,15.0,0.0,1.0,0.21,0.0,0.71,0.0,0.0,1.0,6.0,0.0,0.0
8480051,2025,Cayden Primeau,TOR,G,5on4,3,741.0,0.0,0.0,0.0,0.0,0.0,0.0,0.0,0.0,0.0,0.5,0.0,0.0,0.0,0.0,0.0,0.0,0.0,0.0,0.0,0.0,0.0,0.0,0.0,0.0,0.0,0.0,0.0,0.0
8475311,2025,Darcy Kuemper,LAK,G,other,31,2091.0,6.21,6.0,85.0,3.71,2.0,11.05,8.0,50.54,49.0,1.4,1.0,29.68,30.0,16.61,23.0,4.9,35.0,30.0,4.0,1.48,3.5,1.23,2.0,3.0,1.0,16.0,0.0,0.0
8475311,2025,Darcy Kuemper,LAK,G,all,31,108871.0,80.81,75.0,1639.0,61.96,89.0,210.15,162.0,876.43,790.0,32.36,3.0,466.81,426.0,339.65,437.0,75.93,873.0,241.0,75.0,26.36,29.16,25.3,30.0,26.0,19.0,450.0,6.0,3.0
8475311,2025,Darcy Kuemper,LAK,G,5on5,31,89746.0,53.24,45.0,1294.0,43.48,64.0,164.13,129.0,660.99,586.0,26.16,2.0,353.36,328.0,267.68,338.0,51.71,696.0,161.0,47.0,20.89,19.76,12.59,23.0,16.0,6.0,390.0,6.0,3.0
8475311,2025,Darcy Kuemper,LAK,G,4on5,31,8762.0,18.23,21.0,215.0,12.99,23.0,30.24,19.0,134.51,128.0,0.62,0.0,72.47,61.0,37.21,52.0,16.43,116.0,38.0,22.0,2.84,4.53,10.85,4.0,5.0,12.0,39.0,0.0,0.0
8475311,2025,Darcy Kuemper,LAK,G,5on4,31,8272.0,1.98,2.0,33.0,1.1,0.0,3.21,3.0,22.05,19.0,4.08,0.0,6.82,3.0,15.27,21.0,1.98,21.0,7.0,1.0,0.83,0.76,0.4,1.0,1.0,0.0,4.0,0.0,0.0
8477970,2025,Vitek Vanecek,UTA,G,other,13,706.0,2.27,2.0,22.0,1.04,4.0,2.69,1.0,12.76,14.0,0.14,0.0,7.38,9.0,3.11,1.0,2.0,8.0,5.0,4.0,0.22,0.65,1.4,0.0,1.0,1.0,5.0,0.0,0.0
8477970,2025,Vitek Vanecek,UTA,G,all,13,45564.0,35.08,37.0,645.0,25.12,47.0,82.13,55.0,344.85,316.0,12.55,0.0,182.7,171.0,128.36,155.0,33.62,327.0,100.0,38.0,9.96,12.59,12.53,13.0,15.0,9.0,180.0,0.0,0.0
8477970,2025,Vitek Vanecek,UTA,G,5on5,13,37543.0,24.55,27.0,515.0,18.17,35.0,65.8,44.0,267.1,245.0,10.88,0.0,141.96,131.0,102.48,125.0,23.86,265.0,73.0,24.0,8.07,9.23,7.25,11.0,11.0,5.0,153.0,0.0,0.0
8477970,2025,Vitek Vanecek,UTA,G,4on5,13,3446.0,6.95,7.0,88.0,5.21,7.0,11.61,9.0,52.73,48.0,0.1,0.0,29.1,28.0,15.46,19.0,6.48,44.0,19.0,7.0,1.38,2.32,3.26,1.0,3.0,3.0,18.0,0.0,0.0
8477970,2025,Vitek Vanecek,UTA,G,5on4,13,3869.0,1.16,0.0,18.0,0.6,1.0,1.76,1.0,10.96,7.0,1.4,0.0,3.22,2.0,6.93,10.0,1.12,9.0,2.0,3.0,0.22,0.31,0.62,0.0,0.0,0.0,4.0,0.0,0.0
8476883,2025,Andrei Vasilevskiy,TBL,G,other,31,2866.0,6.48,3.0,92.0,4.11,8.0,10.77,5.0,49.2,46.0,0.74,0.0,26.4,29.0,15.44,20.0,5.39,37.0,18.0,10.0,1.34,2.05,3.09,2.0,1.0,0.0,27.0,0.0,0.0
8476883,2025,Andrei Vasilevskiy,TBL,G,all,31,110775.0,83.0,67.0,1608.0,60.36,110.0,211.03,162.0,872.53,796.0,31.41,0.0,461.51,394.0,334.48,444.0,77.93,863.0,223.0,94.0,25.89,27.89,29.22,27.0,17.0,23.0,428.0,4.0,1.0
8476883,2025,Andrei Vasilevskiy,TBL,G,5on5,31,88831.0,54.58,47.0,1211.0,41.19,78.0,164.06,130.0,646.82,588.0,25.44,0.0,342.25,281.0,257.28,343.0,52.43,680.0,146.0,55.0,20.33,18.46,15.79,23.0,9.0,15.0,330.0,4.0,1.0
8476883,2025,Andrei Vasilevskiy,TBL,G,4on5,31,9209.0,17.92,13.0,253.0,13.51,18.0,30.65,26.0,143.97,127.0,0.47,0.0,82.45,77.0,42.3,57.0,16.42,117.0,53.0,22.0,3.2,6.52,8.19,1.0,5.0,7.0,61.0,0.0,0.0
8476883,2025,Andrei Vasilevskiy,TBL,G,5on4,31,9869.0,1.96,2.0,36.0,0.92,1.0,3.52,1.0,22.85,26.0,4.55,0.0,7.04,5.0,15.92,21.0,1.93,25.0,2.0,3.0,0.79,0.29,0.87,1.0,0.0,1.0,6.0,0.0,0.0
8482447,2025,Leevi Merilinen,OTT,G,other,20,2016.0,3.34,2.0,42.0,2.27,8.0,5.67,5.0,26.11,20.0,0.84,0.0,16.06,13.0,6.61,7.0,2.58,21.0,10.0,4.0,0.85,1.26,1.23,1.0,1.0,0.0,7.0,0.0,0.0
8482447,2025,Leevi Merilinen,OTT,G,all,20,65669.0,46.7,64.0,931.0,34.83,64.0,117.15,94.0,490.6,457.0,19.92,1.0,261.87,235.0,189.05,209.0,44.23,489.0,126.0,51.0,14.03,15.7,16.98,23.0,23.0,18.0,265.0,0.0,0.0
8482447,2025,Leevi Merilinen,OTT,G,5on5,20,52608.0,32.95,46.0,745.0,26.2,52.0,95.97,74.0,385.26,351.0,15.28,0.0,202.7,183.0,152.31,168.0,31.57,390.0,101.0,32.0,10.96,12.48,9.52,20.0,17.0,9.0,222.0,0.0,0.0
8482447,2025,Leevi Merilinen,OTT,G,4on5,20,5075.0,9.36,14.0,124.0,5.69,4.0,13.43,14.0,65.85,71.0,0.48,0.0,38.68,35.0,20.8,23.0,9.03,63.0,13.0,14.0,1.67,1.67,6.01,1.0,4.0,9.0,34.0,0.0,0.0
8482447,2025,Leevi Merilinen,OTT,G,5on4,20,5970.0,1.05,2.0,20.0,0.68,0.0,2.08,1.0,13.38,15.0,3.31,1.0,4.43,4.0,9.33,11.0,1.04,15.0,2.0,1.0,0.54,0.29,0.22,1.0,1.0,0.0,2.0,0.0,0.0
8477405,2025,Marcus Hogberg,NYI,G,other,1,0.0,0.0,0.0,0.0,0.0,0.0,0.0,0.0,0.0,0.0,0.0,0.0,0.0,0.0,0.0,0.0,0.0,0.0,0.0,0.0,0.0,0.0,0.0,0.0,0.0,0.0,0.0,0.0,0.0
8477405,2025,Marcus Hogberg,NYI,G,all,1,809.0,0.37,2.0,13.0,0.44,0.0,1.64,2.0,6.16,7.0,0.11,0.0,3.22,2.0,2.12,2.0,0.37,7.0,1.0,0.0,0.23,0.14,0.0,1.0,1.0,0.0,5.0,0.0,0.0
8477405,2025,Marcus Hogberg,NYI,G,5on5,1,622.0,0.34,2.0,7.0,0.22,0.0,0.88,1.0,3.78,4.0,0.07,0.0,1.98,1.0,1.46,1.0,0.34,4.0,1.0,0.0,0.2,0.14,0.0,1.0,1.0,0.0,2.0,0.0,0.0
8477405,2025,Marcus Hogberg,NYI,G,4on5,1,120.0,0.03,0.0,6.0,0.21,0.0,0.76,1.0,2.38,3.0,0.0,0.0,1.24,1.0,0.66,1.0,0.03,3.0,0.0,0.0,0.03,0.0,0.0,0.0,0.0,0.0,3.0,0.0,0.0
8477405,2025,Marcus Hogberg,NYI,G,5on4,1,67.0,0.0,0.0,0.0,0.0,0.0,0.0,0.0,0.0,0.0,0.04,0.0,0.0,0.0,0.0,0.0,0.0,0.0,0.0,0.0,0.0,0.0,0.0,0.0,0.0,0.0,0.0,0.0,0.0
8483703,2025,Sergei Murashov,PIT,G,other,5,229.0,0.35,2.0,8.0,0.34,0.0,1.09,0.0,5.55,6.0,0.18,0.0,3.39,1.0,2.65,5.0,0.35,7.0,1.0,0.0,0.24,0.11,0.0,2.0,0.0,0.0,0.0,0.0,0.0
8483703,2025,Sergei Murashov,PIT,G,all,5,16877.0,8.48,12.0,266.0,10.29,9.0,33.81,31.0,137.84,116.0,4.58,0.0,79.97,67.0,56.75,75.0,8.29,170.0,15.0,9.0,4.15,1.83,2.5,7.0,3.0,2.0,72.0,0.0,0.0
8483703,2025,Sergei Murashov,PIT,G,5on5,5,13895.0,6.76,8.0,205.0,6.64,6.0,25.92,24.0,100.18,84.0,3.67,0.0,56.34,49.0,42.88,55.0,6.65,122.0,14.0,6.0,3.46,1.72,1.58,5.0,3.0,0.0,63.0,0.0,0.0
8483703,2025,Sergei Murashov,PIT,G,4on5,5,1701.0,1.14,2.0,51.0,3.22,3.0,6.57,7.0,30.5,25.0,0.16,0.0,19.79,16.0,10.25,14.0,1.06,40.0,0.0,2.0,0.44,0.0,0.7,0.0,0.0,2.0,9.0,0.0,0.0
8483703,2025,Sergei Murashov,PIT,G,5on4,5,1052.0,0.23,0.0,2.0,0.09,0.0,0.23,0.0,1.61,1.0,0.58,0.0,0.44,1.0,0.96,1.0,0.23,1.0,0.0,1.0,0.01,0.0,0.22,0.0,0.0,0.0,0.0,0.0,0.0
8475883,2025,Frederik Andersen,CAR,G,other,20,1287.0,1.62,2.0,23.0,1.01,0.0,3.17,2.0,14.8,11.0,0.57,0.0,8.29,8.0,5.48,8.0,1.58,15.0,3.0,2.0,0.7,0.36,0.56,1.0,0.0,1.0,3.0,0.0,0.0
8475883,2025,Frederik Andersen,CAR,G,all,20,71908.0,57.69,65.0,1011.0,40.27,66.0,133.22,83.0,567.64,496.0,24.45,0.0,293.57,262.0,219.06,287.0,54.93,525.0,180.0,58.0,16.67,21.93,19.09,25.0,25.0,15.0,248.0,4.0,2.0
8475883,2025,Frederik Andersen,CAR,G,5on5,20,58758.0,42.25,48.0,814.0,30.62,48.0,109.21,71.0,449.19,394.0,19.37,0.0,233.72,211.0,175.84,229.0,40.41,422.0,143.0,42.0,13.42,17.38,11.46,22.0,21.0,5.0,207.0,2.0,1.0
8475883,2025,Frederik Andersen,CAR,G,4on5,20,6076.0,10.99,13.0,143.0,7.47,16.0,17.58,10.0,81.93,70.0,0.82,0.0,44.68,40.0,24.57,29.0,10.28,73.0,24.0,11.0,2.02,2.8,6.17,1.0,3.0,9.0,35.0,2.0,1.0
8475883,2025,Frederik Andersen,CAR,G,5on4,20,5787.0,2.65,1.0,25.0,1.03,2.0,2.9,0.0,19.68,20.0,3.56,0.0,5.76,2.0,12.01,20.0,2.48,12.0,10.0,3.0,0.34,1.39,0.91,0.0,1.0,0.0,0.0,0.0,0.0
8478007,2025,Elvis Merzlikins,CBJ,G,other,18,1344.0,3.16,3.0,48.0,2.06,3.0,4.73,6.0,25.04,24.0,0.79,1.0,15.57,12.0,8.59,11.0,2.78,22.0,11.0,2.0,0.91,1.32,0.93,3.0,0.0,0.0,13.0,0.0,0.0
8478007,2025,Elvis Merzlikins,CBJ,G,all,18,60470.0,57.94,64.0,1078.0,41.4,77.0,141.13,104.0,589.71,542.0,17.22,1.0,319.75,275.0,226.26,284.0,54.23,595.0,153.0,58.0,20.64,19.0,18.3,35.0,17.0,12.0,272.0,0.0,0.0
8478007,2025,Elvis Merzlikins,CBJ,G,5on5,18,50654.0,40.18,43.0,848.0,30.43,61.0,115.27,79.0,457.17,414.0,13.94,0.0,243.77,219.0,179.1,221.0,38.3,477.0,106.0,41.0,15.72,13.32,11.14,26.0,11.0,6.0,224.0,0.0,0.0
8478007,2025,Elvis Merzlikins,CBJ,G,4on5,18,4701.0,13.46,17.0,158.0,8.23,13.0,19.23,17.0,92.58,89.0,0.36,0.0,55.07,42.0,28.06,37.0,12.03,80.0,33.0,14.0,3.61,3.88,5.98,6.0,5.0,6.0,31.0,0.0,0.0
8478007,2025,Elvis Merzlikins,CBJ,G,5on4,18,3771.0,0.68,0.0,15.0,0.4,0.0,1.2,1.0,10.47,11.0,1.91,0.0,3.34,2.0,8.09,11.0,0.67,12.0,1.0,1.0,0.26,0.18,0.24,0.0,0.0,0.0,1.0,0.0,0.0
8475809,2025,Scott Wedgewood,COL,G,other,29,2528.0,4.08,3.0,79.0,3.02,2.0,6.87,1.0,37.65,35.0,0.72,0.0,24.68,29.0,12.09,17.0,3.87,32.0,17.0,3.0,1.4,2.01,0.68,1.0,0.0,2.0,27.0,0.0,0.0
8475809,2025,Scott Wedgewood,COL,G,all,29,100424.0,70.42,61.0,1541.0,57.16,95.0,203.1,175.0,828.83,739.0,33.27,0.0,447.96,402.0,321.02,394.0,67.65,847.0,207.0,73.0,22.9,26.25,21.27,25.0,20.0,16.0,414.0,2.0,1.0
8475809,2025,Scott Wedgewood,COL,G,5on5,29,80260.0,51.89,42.0,1230.0,42.48,83.0,169.38,150.0,656.24,573.0,26.63,0.0,347.77,311.0,258.68,306.0,50.02,686.0,155.0,51.0,18.07,19.98,13.85,22.0,15.0,5.0,338.0,2.0,1.0
8475809,2025,Scott Wedgewood,COL,G,4on5,29,7592.0,12.23,11.0,197.0,10.47,10.0,23.24,22.0,112.15,104.0,0.64,0.0,67.84,57.0,35.66,53.0,11.56,108.0,30.0,15.0,2.96,3.6,5.67,1.0,3.0,7.0,44.0,0.0,0.0
8475809,2025,Scott Wedgewood,COL,G,5on4,29,10044.0,2.15,4.0,32.0,1.12,0.0,3.37,2.0,21.36,26.0,5.02,0.0,6.92,4.0,13.77,18.0,2.13,19.0,5.0,4.0,0.42,0.66,1.07,0.0,2.0,2.0,4.0,0.0,0.0
8475683,2025,Sergei Bobrovsky,FLA,G,other,34,3663.0,8.2,7.0,104.0,4.58,3.0,12.47,12.0,61.52,56.0,1.15,0.0,34.12,32.0,21.37,29.0,7.5,48.0,26.0,9.0,1.75,3.18,3.27,2.0,3.0,2.0,21.0,0.0,0.0
8475683,2025,Sergei Bobrovsky,FLA,G,all,34,120028.0,93.03,103.0,1747.0,65.1,105.0,236.35,170.0,963.56,826.0,36.57,3.0,506.39,427.0,372.12,498.0,87.78,950.0,255.0,101.0,27.44,31.52,34.07,33.0,44.0,26.0,441.0,9.0,3.0
8475683,2025,Sergei Bobrovsky,FLA,G,5on5,34,94311.0,61.44,75.0,1369.0,47.61,82.0,189.99,136.0,741.79,632.0,27.97,3.0,389.64,335.0,294.19,377.0,58.83,762.0,186.0,60.0,21.73,23.36,16.35,28.0,35.0,12.0,361.0,9.0,3.0
8475683,2025,Sergei Bobrovsky,FLA,G,4on5,34,10461.0,21.76,20.0,238.0,11.81,20.0,30.48,20.0,138.18,111.0,1.2,0.0,75.13,55.0,39.92,69.0,19.82,114.0,40.0,30.0,3.13,4.64,14.0,2.0,6.0,12.0,54.0,0.0,0.0
8475683,2025,Sergei Bobrovsky,FLA,G,5on4,34,11593.0,1.63,1.0,36.0,1.1,0.0,3.41,2.0,22.06,27.0,6.26,0.0,7.49,5.0,16.64,23.0,1.63,26.0,3.0,2.0,0.83,0.34,0.46,1.0,0.0,0.0,5.0,0.0,0.0
8482783,2025,Aleksei Kolosov,PHI,G,other,4,63.0,0.0,0.0,0.0,0.0,0.0,0.0,0.0,0.0,0.0,0.0,0.0,0.0,0.0,0.0,0.0,0.0,0.0,0.0,0.0,0.0,0.0,0.0,0.0,0.0,0.0,0.0,0.0,0.0
8482783,2025,Aleksei Kolosov,PHI,G,all,4,7201.0,3.97,8.0,95.0,3.53,3.0,11.91,12.0,49.16,47.0,2.19,0.0,27.53,24.0,18.45,20.0,3.68,53.0,10.0,4.0,1.6,1.17,1.2,3.0,4.0,1.0,28.0,0.0,0.0
8482783,2025,Aleksei Kolosov,PHI,G,5on5,4,6097.0,3.27,7.0,77.0,2.41,2.0,9.46,9.0,37.66,40.0,1.98,0.0,19.37,13.0,14.36,19.0,3.08,37.0,9.0,4.0,1.03,1.04,1.2,3.0,3.0,1.0,27.0,0.0,0.0
8482783,2025,Aleksei Kolosov,PHI,G,4on5,4,435.0,0.63,1.0,17.0,1.09,1.0,2.33,2.0,10.71,6.0,0.02,0.0,7.99,11.0,3.52,1.0,0.53,15.0,1.0,0.0,0.5,0.13,0.0,0.0,1.0,0.0,1.0,0.0,0.0
8482783,2025,Aleksei Kolosov,PHI,G,5on4,4,606.0,0.07,0.0,1.0,0.03,0.0,0.13,1.0,0.8,1.0,0.18,0.0,0.18,0.0,0.57,0.0,0.07,1.0,0.0,0.0,0.07,0.0,0.0,0.0,0.0,0.0,0.0,0.0,0.0
8476899,2025,Matt Murray,SEA,G,other,5,192.0,0.77,1.0,7.0,0.38,0.0,0.85,0.0,4.22,4.0,0.04,0.0,2.37,3.0,1.44,2.0,0.75,4.0,1.0,1.0,0.07,0.1,0.6,0.0,0.0,1.0,1.0,0.0,0.0
8476899,2025,Matt Murray,SEA,G,all,5,13013.0,10.78,8.0,227.0,8.21,10.0,29.76,18.0,119.2,102.0,3.42,0.0,64.92,64.0,46.36,64.0,10.44,121.0,32.0,11.0,3.32,3.7,3.75,1.0,4.0,3.0,63.0,0.0,0.0
8476899,2025,Matt Murray,SEA,G,5on5,5,10860.0,7.61,4.0,184.0,6.31,9.0,24.93,15.0,95.84,82.0,2.49,0.0,51.94,48.0,38.06,56.0,7.36,101.0,25.0,6.0,2.98,2.96,1.67,1.0,3.0,0.0,52.0,0.0,0.0
8476899,2025,Matt Murray,SEA,G,4on5,5,973.0,2.2,3.0,32.0,1.4,1.0,3.5,3.0,16.0,12.0,0.0,0.0,9.73,11.0,4.64,4.0,2.13,13.0,5.0,4.0,0.23,0.49,1.48,0.0,1.0,2.0,10.0,0.0,0.0
8476899,2025,Matt Murray,SEA,G,5on4,5,988.0,0.2,0.0,4.0,0.12,0.0,0.48,0.0,3.15,4.0,0.89,0.0,0.89,2.0,2.22,2.0,0.2,3.0,1.0,0.0,0.05,0.15,0.0,0.0,0.0,0.0,0.0,0.0,0.0
8476341,2025,Anton Forsberg,LAK,G,other,18,1948.0,4.92,6.0,69.0,3.24,0.0,8.11,13.0,40.67,38.0,0.46,0.0,23.58,21.0,14.68,16.0,4.74,32.0,20.0,4.0,1.29,2.51,1.12,0.0,5.0,1.0,13.0,0.0,0.0
8476341,2025,Anton Forsberg,LAK,G,all,18,62245.0,48.93,45.0,978.0,35.62,60.0,127.33,108.0,525.36,466.0,16.48,1.0,279.37,245.0,208.79,260.0,45.54,514.0,167.0,37.0,15.14,20.52,13.27,13.0,22.0,10.0,260.0,4.0,2.0
8476341,2025,Anton Forsberg,LAK,G,5on5,18,50214.0,31.04,28.0,777.0,25.98,46.0,102.23,70.0,399.97,349.0,12.73,1.0,214.99,196.0,162.04,210.0,30.1,416.0,117.0,17.0,11.71,14.52,4.81,10.0,14.0,4.0,227.0,4.0,2.0
8476341,2025,Anton Forsberg,LAK,G,4on5,18,5291.0,11.19,9.0,105.0,5.52,9.0,14.02,22.0,65.54,62.0,0.65,0.0,34.57,24.0,18.56,22.0,8.98,48.0,23.0,15.0,1.55,2.57,7.07,2.0,2.0,5.0,19.0,0.0,0.0
8476341,2025,Anton Forsberg,LAK,G,5on4,18,4792.0,1.68,2.0,25.0,0.81,5.0,2.64,3.0,17.68,16.0,2.55,0.0,5.61,3.0,12.66,11.0,1.64,16.0,7.0,1.0,0.51,0.91,0.25,1.0,1.0,0.0,1.0,0.0,0.0
8482821,2025,Arvid Soderblom,CHI,G,other,15,689.0,1.86,2.0,14.0,0.67,1.0,1.81,0.0,9.55,7.0,0.44,0.0,4.52,5.0,2.77,4.0,1.81,4.0,5.0,3.0,0.23,0.63,1.0,0.0,1.0,1.0,2.0,0.0,0.0
8482821,2025,Arvid Soderblom,CHI,G,all,15,51742.0,50.18,57.0,839.0,33.77,51.0,114.45,87.0,482.5,431.0,13.17,1.0,250.84,223.0,179.87,225.0,47.68,441.0,151.0,53.0,13.71,19.92,16.55,21.0,23.0,13.0,194.0,2.0,1.0
8482821,2025,Arvid Soderblom,CHI,G,5on5,15,42709.0,36.79,46.0,692.0,25.52,41.0,96.2,71.0,390.32,349.0,10.87,1.0,203.1,178.0,150.53,188.0,35.18,385.0,103.0,37.0,11.81,13.78,11.19,21.0,18.0,7.0,167.0,0.0,0.0
8482821,2025,Arvid Soderblom,CHI,G,4on5,15,4555.0,10.75,8.0,122.0,7.14,8.0,15.27,15.0,75.35,66.0,0.3,0.0,40.68,39.0,21.75,27.0,9.9,46.0,40.0,12.0,1.56,5.07,4.11,0.0,4.0,4.0,24.0,0.0,0.0
8482821,2025,Arvid Soderblom,CHI,G,5on4,15,3789.0,0.79,1.0,11.0,0.43,1.0,1.17,1.0,7.29,9.0,1.51,0.0,2.54,1.0,4.82,6.0,0.79,6.0,3.0,1.0,0.11,0.43,0.25,0.0,0.0,1.0,1.0,2.0,1.0
8478470,2025,Samuel Montembeault,MTL,G,other,20,2329.0,6.6,6.0,69.0,2.5,3.0,7.25,7.0,38.2,36.0,1.13,0.0,19.7,15.0,12.71,19.0,5.99,23.0,19.0,8.0,1.19,2.12,3.29,1.0,2.0,3.0,19.0,0.0,0.0
8478470,2025,Samuel Montembeault,MTL,G,all,20,66959.0,57.45,64.0,1091.0,38.82,66.0,133.31,108.0,561.86,503.0,17.5,0.0,295.06,280.0,209.74,234.0,53.73,530.0,157.0,66.0,15.85,18.95,22.66,27.0,19.0,18.0,338.0,0.0,0.0
8478470,2025,Samuel Montembeault,MTL,G,5on5,20,52367.0,35.43,46.0,822.0,27.01,48.0,104.11,76.0,416.16,372.0,12.49,0.0,218.03,216.0,161.72,173.0,34.03,418.0,108.0,34.0,12.91,13.36,9.17,24.0,14.0,8.0,262.0,0.0,0.0
8478470,2025,Samuel Montembeault,MTL,G,4on5,20,5953.0,14.96,12.0,184.0,8.96,15.0,20.66,23.0,99.72,89.0,0.58,0.0,54.68,47.0,29.33,35.0,13.24,80.0,28.0,24.0,1.54,3.21,10.2,2.0,3.0,7.0,52.0,0.0,0.0
8478470,2025,Samuel Montembeault,MTL,G,5on4,20,6310.0,0.47,0.0,16.0,0.35,0.0,1.28,2.0,7.77,6.0,3.3,0.0,2.66,2.0,5.98,7.0,0.47,9.0,2.0,0.0,0.21,0.26,0.0,0.0,0.0,0.0,5.0,0.0,0.0
8481035,2025,Samuel Ersson,PHI,G,other,20,1473.0,2.69,4.0,44.0,1.69,1.0,5.16,5.0,25.18,22.0,0.57,0.0,14.15,11.0,10.42,14.0,2.61,19.0,16.0,0.0,0.86,1.83,0.0,1.0,3.0,0.0,9.0,0.0,0.0
8481035,2025,Samuel Ersson,PHI,G,all,20,69762.0,54.43,64.0,1086.0,39.37,55.0,134.72,74.0,567.79,458.0,17.97,0.0,304.28,265.0,218.38,311.0,51.38,548.0,175.0,47.0,17.53,20.78,16.12,31.0,24.0,9.0,316.0,2.0,1.0
8481035,2025,Samuel Ersson,PHI,G,5on5,20,57264.0,36.73,47.0,836.0,27.82,42.0,105.07,56.0,424.44,334.0,13.92,0.0,226.39,200.0,167.88,232.0,35.3,428.0,116.0,34.0,13.19,13.7,9.84,26.0,16.0,5.0,258.0,2.0,1.0
8481035,2025,Samuel Ersson,PHI,G,4on5,20,6489.0,13.11,12.0,177.0,8.78,12.0,21.51,10.0,100.02,85.0,0.62,0.0,57.29,48.0,30.04,52.0,11.58,86.0,36.0,12.0,2.81,4.28,6.03,3.0,5.0,4.0,43.0,0.0,0.0
8481035,2025,Samuel Ersson,PHI,G,5on4,20,4536.0,1.04,1.0,15.0,0.42,0.0,1.58,1.0,9.95,8.0,2.66,0.0,2.99,3.0,6.65,8.0,1.03,10.0,2.0,1.0,0.5,0.28,0.25,1.0,0.0,0.0,2.0,0.0,0.0
8482411,2025,Hunter Shepard,OTT,G,other,1,30.0,0.0,0.0,0.0,0.0,0.0,0.0,0.0,0.0,0.0,0.05,0.0,0.0,0.0,0.0,0.0,0.0,0.0,0.0,0.0,0.0,0.0,0.0,0.0,0.0,0.0,0.0,0.0,0.0
8482411,2025,Hunter Shepard,OTT,G,all,1,2147.0,0.74,2.0,28.0,0.88,0.0,3.09,4.0,12.54,12.0,0.72,0.0,7.36,5.0,5.47,7.0,0.74,14.0,4.0,0.0,0.29,0.45,0.0,1.0,1.0,0.0,10.0,0.0,0.0
8482411,2025,Hunter Shepard,OTT,G,5on5,1,1382.0,0.62,1.0,17.0,0.61,0.0,2.47,3.0,9.21,9.0,0.45,0.0,4.99,3.0,3.96,6.0,0.62,10.0,3.0,0.0,0.25,0.37,0.0,1.0,0.0,0.0,4.0,0.0,0.0
8482411,2025,Hunter Shepard,OTT,G,4on5,1,450.0,0.04,0.0,10.0,0.25,0.0,0.52,1.0,2.57,2.0,0.04,0.0,2.16,2.0,0.94,1.0,0.04,4.0,0.0,0.0,0.04,0.0,0.0,0.0,0.0,0.0,6.0,0.0,0.0
8482411,2025,Hunter Shepard,OTT,G,5on4,1,285.0,0.09,1.0,1.0,0.02,0.0,0.11,0.0,0.77,1.0,0.19,0.0,0.21,0.0,0.56,0.0,0.09,0.0,1.0,0.0,0.0,0.09,0.0,0.0,1.0,0.0,0.0,0.0,0.0
8478499,2025,Adin Hill,VGK,G,other,7,382.0,0.33,0.0,6.0,0.21,0.0,0.67,1.0,3.66,4.0,0.26,0.0,1.63,4.0,2.06,0.0,0.32,3.0,2.0,0.0,0.12,0.21,0.0,0.0,0.0,0.0,1.0,0.0,0.0
8478499,2025,Adin Hill,VGK,G,all,7,20338.0,12.88,17.0,304.0,10.16,8.0,38.46,35.0,156.02,134.0,5.82,0.0,82.38,67.0,63.05,85.0,12.73,168.0,34.0,10.0,4.67,4.47,3.74,3.0,9.0,5.0,92.0,2.0,1.0
8478499,2025,Adin Hill,VGK,G,5on5,7,17572.0,8.45,10.0,253.0,7.76,4.0,32.63,30.0,125.79,106.0,4.61,0.0,68.14,57.0,50.94,71.0,8.35,142.0,24.0,6.0,3.76,3.14,1.56,3.0,6.0,1.0,81.0,0.0,0.0
8478499,2025,Adin Hill,VGK,G,4on5,7,839.0,2.68,4.0,27.0,1.33,3.0,3.08,2.0,15.13,12.0,0.12,0.0,7.41,4.0,4.03,6.0,2.65,12.0,4.0,3.0,0.31,0.52,1.85,0.0,1.0,3.0,8.0,0.0,0.0
8478499,2025,Adin Hill,VGK,G,5on4,7,1545.0,0.36,2.0,6.0,0.28,0.0,0.51,0.0,2.93,5.0,0.72,0.0,1.54,0.0,2.15,3.0,0.36,3.0,2.0,0.0,0.09,0.27,0.0,0.0,2.0,0.0,1.0,2.0,1.0
8483114,2025,Thomas Milic,WPG,G,other,3,120.0,0.4,0.0,4.0,0.14,1.0,0.69,0.0,2.41,1.0,0.05,0.0,0.85,0.0,0.83,2.0,0.38,1.0,1.0,1.0,0.08,0.09,0.23,0.0,0.0,0.0,1.0,0.0,0.0
8483114,2025,Thomas Milic,WPG,G,all,3,8318.0,6.17,8.0,129.0,4.49,8.0,17.15,14.0,70.37,62.0,1.71,1.0,37.12,34.0,27.75,31.0,5.93,69.0,18.0,8.0,2.14,2.04,1.98,4.0,4.0,0.0,34.0,2.0,1.0
8483114,2025,Thomas Milic,WPG,G,5on5,3,7118.0,5.09,8.0,105.0,3.77,7.0,14.92,13.0,60.45,55.0,1.51,1.0,32.42,29.0,23.76,25.0,4.87,62.0,13.0,7.0,1.87,1.47,1.75,4.0,4.0,0.0,23.0,2.0,1.0
8483114,2025,Thomas Milic,WPG,G,4on5,3,720.0,0.55,0.0,17.0,0.47,0.0,1.06,1.0,5.15,3.0,0.06,0.0,3.13,3.0,1.65,3.0,0.55,4.0,3.0,0.0,0.16,0.39,0.0,0.0,0.0,0.0,10.0,0.0,0.0
8483114,2025,Thomas Milic,WPG,G,5on4,3,360.0,0.13,0.0,3.0,0.1,0.0,0.47,0.0,2.36,3.0,0.09,0.0,0.72,2.0,1.51,1.0,0.13,2.0,1.0,0.0,0.04,0.09,0.0,0.0,0.0,0.0,0.0,0.0,0.0
