DATE,TIME,AWAY_ABBREV,AWAY,HOME_ABBREV,HOME
2025-10-07,5:00 PM,CHI,Chicago Blackhawks,FLA,Florida Panthers
2025-10-07,10:30 PM,COL,Colorado Avalanche,LAK,Los Angeles Kings
2025-10-07,8:00 PM,PIT,Pittsburgh Penguins,NYR,New York Rangers
2025-10-08,10:00 PM,CGY,Calgary Flames,EDM,Edmonton Oilers
2025-10-08,7:00 PM,MTL,Montreal Canadiens,TOR,Toronto Maple Leafs
2025-10-08,10:00 PM,LAK,Los Angeles Kings,VGK,Vegas Golden Knights
2025-10-08,7:30 PM,BOS,Boston Bruins,WSH,Washington Capitals
2025-10-09,7:00 PM,CHI,Chicago Blackhawks,BOS,Boston Bruins
2025-10-09,7:00 PM,NYR,New York Rangers,BUF,Buffalo Sabres
2025-10-09,7:30 PM,NJD,New Jersey Devils,CAR,Carolina Hurricanes
2025-10-09,9:00 PM,UTA,Utah Mammoth,COL,Colorado Avalanche
2025-10-09,7:00 PM,MTL,Montreal Canadiens,DET,Detroit Red Wings
2025-10-09,7:00 PM,PHI,Philadelphia Flyers,FLA,Florida Panthers
2025-10-09,8:00 PM,CBJ,Columbus Blue Jackets,NSH,Nashville Predators
2025-10-09,7:00 PM,NYI,New York Islanders,PIT,Pittsburgh Penguins
2025-10-09,10:00 PM,ANA,Anaheim Ducks,SEA,Seattle Kraken
2025-10-09,10:00 PM,VGK,Vegas Golden Knights,SJS,San Jose Sharks
2025-10-09,8:00 PM,MIN,Minnesota Wild,STL,St. Louis Blues
2025-10-09,7:00 PM,OTT,Ottawa Senators,TBL,Tampa Bay Lightning
2025-10-09,10:00 PM,CGY,Calgary Flames,VAN,Vancouver Canucks
2025-10-09,8:00 PM,DAL,Dallas Stars,WPG,Winnipeg Jets
2025-10-11,7:00 PM,BUF,Buffalo Sabres,BOS,Boston Bruins
2025-10-11,7:00 PM,PHI,Philadelphia Flyers,CAR,Carolina Hurricanes
2025-10-11,4:00 PM,STL,St. Louis Blues,CGY,Calgary Flames
2025-10-11,7:00 PM,MTL,Montreal Canadiens,CHI,Chicago Blackhawks
2025-10-11,9:00 PM,DAL,Dallas Stars,COL,Colorado Avalanche
2025-10-11,7:00 PM,TOR,Toronto Maple Leafs,DET,Detroit Red Wings
2025-10-11,10:00 PM,VAN,Vancouver Canucks,EDM,Edmonton Oilers
2025-10-11,7:00 PM,OTT,Ottawa Senators,FLA,Florida Panthers
2025-10-11,8:00 PM,CBJ,Columbus Blue Jackets,MIN,Minnesota Wild
2025-10-11,8:00 PM,UTA,Utah Mammoth,NSH,Nashville Predators
2025-10-11,7:00 PM,WSH,Washington Capitals,NYI,New York Islanders
2025-10-11,7:00 PM,NYR,New York Rangers,PIT,Pittsburgh Penguins
2025-10-11,10:00 PM,VGK,Vegas Golden Knights,SEA,Seattle Kraken
2025-10-11,10:00 PM,ANA,Anaheim Ducks,SJS,San Jose Sharks
2025-10-11,7:00 PM,NJD,New Jersey Devils,TBL,Tampa Bay Lightning
2025-10-11,1:30 PM,LAK,Los Angeles Kings,WPG,Winnipeg Jets
2025-10-12,7:00 PM,WSH,Washington Capitals,NYR,New York Rangers
2025-10-13,1:00 PM,TBL,Tampa Bay Lightning,BOS,Boston Bruins
2025-10-13,12:30 PM,COL,Colorado Avalanche,BUF,Buffalo Sabres
2025-10-13,7:00 PM,NJD,New Jersey Devils,CBJ,Columbus Blue Jackets
2025-10-13,8:30 PM,UTA,Utah Mammoth,CHI,Chicago Blackhawks
2025-10-13,8:00 PM,LAK,Los Angeles Kings,MIN,Minnesota Wild
2025-10-13,1:00 PM,WPG,Winnipeg Jets,NYI,New York Islanders
2025-10-13,1:00 PM,NSH,Nashville Predators,OTT,Ottawa Senators
2025-10-13,7:00 PM,FLA,Florida Panthers,PHI,Philadelphia Flyers
2025-10-13,4:00 PM,DET,Detroit Red Wings,TOR,Toronto Maple Leafs
2025-10-13,7:30 PM,STL,St. Louis Blues,VAN,Vancouver Canucks
2025-10-14,10:30 PM,PIT,Pittsburgh Penguins,ANA,Anaheim Ducks
2025-10-14,9:00 PM,VGK,Vegas Golden Knights,CGY,Calgary Flames
2025-10-14,9:30 PM,MIN,Minnesota Wild,DAL,Dallas Stars
2025-10-14,7:00 PM,SEA,Seattle Kraken,MTL,Montreal Canadiens
2025-10-14,7:00 PM,EDM,Edmonton Oilers,NYR,New York Rangers
2025-10-14,10:00 PM,CAR,Carolina Hurricanes,SJS,San Jose Sharks
2025-10-14,7:00 PM,NSH,Nashville Predators,TOR,Toronto Maple Leafs
2025-10-14,7:00 PM,TBL,Tampa Bay Lightning,WSH,Washington Capitals
2025-10-15,7:00 PM,OTT,Ottawa Senators,BUF,Buffalo Sabres
2025-10-15,7:00 PM,FLA,Florida Panthers,DET,Detroit Red Wings
2025-10-15,9:30 PM,CHI,Chicago Blackhawks,STL,St. Louis Blues
2025-10-15,9:30 PM,CGY,Calgary Flames,UTA,Utah Mammoth
2025-10-16,10:00 PM,CAR,Carolina Hurricanes,ANA,Anaheim Ducks
2025-10-16,7:00 PM,COL,Colorado Avalanche,CBJ,Columbus Blue Jackets
2025-10-16,8:00 PM,VAN,Vancouver Canucks,DAL,Dallas Stars
2025-10-16,10:00 PM,PIT,Pittsburgh Penguins,LAK,Los Angeles Kings
2025-10-16,7:00 PM,NSH,Nashville Predators,MTL,Montreal Canadiens
2025-10-16,7:00 PM,FLA,Florida Panthers,NJD,New Jersey Devils
2025-10-16,7:30 PM,EDM,Edmonton Oilers,NYI,New York Islanders
2025-10-16,7:00 PM,SEA,Seattle Kraken,OTT,Ottawa Senators
2025-10-16,7:00 PM,WPG,Winnipeg Jets,PHI,Philadelphia Flyers
2025-10-16,7:00 PM,NYR,New York Rangers,TOR,Toronto Maple Leafs
2025-10-16,10:00 PM,BOS,Boston Bruins,VGK,Vegas Golden Knights
2025-10-17,8:30 PM,VAN,Vancouver Canucks,CHI,Chicago Blackhawks
2025-10-17,7:00 PM,TBL,Tampa Bay Lightning,DET,Detroit Red Wings
2025-10-17,9:00 PM,SJS,San Jose Sharks,UTA,Utah Mammoth
2025-10-17,7:00 PM,MIN,Minnesota Wild,WSH,Washington Capitals
2025-10-18,1:00 PM,FLA,Florida Panthers,BUF,Buffalo Sabres
2025-10-18,7:00 PM,TBL,Tampa Bay Lightning,CBJ,Columbus Blue Jackets
2025-10-18,9:00 PM,BOS,Boston Bruins,COL,Colorado Avalanche
2025-10-18,9:00 PM,CAR,Carolina Hurricanes,LAK,Los Angeles Kings
2025-10-18,7:00 PM,NYR,New York Rangers,MTL,Montreal Canadiens
2025-10-18,3:30 PM,EDM,Edmonton Oilers,NJD,New Jersey Devils
2025-10-18,3:00 PM,NYI,New York Islanders,OTT,Ottawa Senators
2025-10-18,7:00 PM,MIN,Minnesota Wild,PHI,Philadelphia Flyers
2025-10-18,10:00 PM,PIT,Pittsburgh Penguins,SJS,San Jose Sharks
2025-10-18,7:00 PM,DAL,Dallas Stars,STL,St. Louis Blues
2025-10-18,7:00 PM,SEA,Seattle Kraken,TOR,Toronto Maple Leafs
2025-10-18,10:00 PM,CGY,Calgary Flames,VGK,Vegas Golden Knights
2025-10-18,7:00 PM,NSH,Nashville Predators,WPG,Winnipeg Jets
2025-10-19,7:00 PM,ANA,Anaheim Ducks,CHI,Chicago Blackhawks
2025-10-19,3:00 PM,EDM,Edmonton Oilers,DET,Detroit Red Wings
2025-10-19,7:00 PM,BOS,Boston Bruins,UTA,Utah Mammoth
2025-10-19,12:30 PM,VAN,Vancouver Canucks,WSH,Washington Capitals
2025-10-20,9:30 PM,WPG,Winnipeg Jets,CGY,Calgary Flames
2025-10-20,7:30 PM,BUF,Buffalo Sabres,MTL,Montreal Canadiens
2025-10-20,7:00 PM,MIN,Minnesota Wild,NYR,New York Rangers
2025-10-20,7:00 PM,SEA,Seattle Kraken,PHI,Philadelphia Flyers
2025-10-20,10:00 PM,CAR,Carolina Hurricanes,VGK,Vegas Golden Knights
2025-10-21,7:30 PM,FLA,Florida Panthers,BOS,Boston Bruins
2025-10-21,8:00 PM,CBJ,Columbus Blue Jackets,DAL,Dallas Stars
2025-10-21,8:00 PM,ANA,Anaheim Ducks,NSH,Nashville Predators
2025-10-21,7:00 PM,SJS,San Jose Sharks,NYI,New York Islanders
2025-10-21,7:00 PM,EDM,Edmonton Oilers,OTT,Ottawa Senators
2025-10-21,7:00 PM,VAN,Vancouver Canucks,PIT,Pittsburgh Penguins
2025-10-21,8:00 PM,LAK,Los Angeles Kings,STL,St. Louis Blues
2025-10-21,7:00 PM,NJD,New Jersey Devils,TOR,Toronto Maple Leafs
2025-10-21,10:00 PM,COL,Colorado Avalanche,UTA,Utah Mammoth
2025-10-21,7:00 PM,SEA,Seattle Kraken,WSH,Washington Capitals
2025-10-22,7:30 PM,DET,Detroit Red Wings,BUF,Buffalo Sabres
2025-10-22,8:30 PM,MTL,Montreal Canadiens,CGY,Calgary Flames
2025-10-22,7:00 PM,MIN,Minnesota Wild,NJD,New Jersey Devils
2025-10-23,7:00 PM,ANA,Anaheim Ducks,BOS,Boston Bruins
2025-10-23,9:00 PM,CAR,Carolina Hurricanes,COL,Colorado Avalanche
2025-10-23,9:00 PM,LAK,Los Angeles Kings,DAL,Dallas Stars
2025-10-23,9:00 PM,MTL,Montreal Canadiens,EDM,Edmonton Oilers
2025-10-23,7:00 PM,PIT,Pittsburgh Penguins,FLA,Florida Panthers
2025-10-23,8:00 PM,VAN,Vancouver Canucks,NSH,Nashville Predators
2025-10-23,7:00 PM,DET,Detroit Red Wings,NYI,New York Islanders
2025-10-23,7:00 PM,SJS,San Jose Sharks,NYR,New York Rangers
2025-10-23,7:00 PM,PHI,Philadelphia Flyers,OTT,Ottawa Senators
2025-10-23,8:00 PM,UTA,Utah Mammoth,STL,St. Louis Blues
2025-10-23,6:45 PM,CHI,Chicago Blackhawks,TBL,Tampa Bay Lightning
2025-10-23,8:00 PM,SEA,Seattle Kraken,WPG,Winnipeg Jets
2025-10-24,7:30 PM,TOR,Toronto Maple Leafs,BUF,Buffalo Sabres
2025-10-24,7:00 PM,WSH,Washington Capitals,CBJ,Columbus Blue Jackets
2025-10-24,7:00 PM,SJS,San Jose Sharks,NJD,New Jersey Devils
2025-10-24,8:00 PM,CGY,Calgary Flames,WPG,Winnipeg Jets
2025-10-25,3:00 PM,COL,Colorado Avalanche,BOS,Boston Bruins
2025-10-25,8:00 PM,CAR,Carolina Hurricanes,DAL,Dallas Stars
2025-10-25,7:00 PM,STL,St. Louis Blues,DET,Detroit Red Wings
2025-10-25,6:00 PM,VGK,Vegas Golden Knights,FLA,Florida Panthers
2025-10-25,6:00 PM,UTA,Utah Mammoth,MIN,Minnesota Wild
2025-10-25,8:00 PM,LAK,Los Angeles Kings,NSH,Nashville Predators
2025-10-25,12:30 PM,NYI,New York Islanders,PHI,Philadelphia Flyers
2025-10-25,7:00 PM,CBJ,Columbus Blue Jackets,PIT,Pittsburgh Penguins
2025-10-25,10:00 PM,EDM,Edmonton Oilers,SEA,Seattle Kraken
2025-10-25,5:00 PM,ANA,Anaheim Ducks,TBL,Tampa Bay Lightning
2025-10-25,7:00 PM,BUF,Buffalo Sabres,TOR,Toronto Maple Leafs
2025-10-25,7:00 PM,MTL,Montreal Canadiens,VAN,Vancouver Canucks
2025-10-25,7:00 PM,OTT,Ottawa Senators,WSH,Washington Capitals
2025-10-26,8:00 PM,NYR,New York Rangers,CGY,Calgary Flames
2025-10-26,7:00 PM,LAK,Los Angeles Kings,CHI,Chicago Blackhawks
2025-10-26,6:00 PM,SJS,San Jose Sharks,MIN,Minnesota Wild
2025-10-26,1:00 PM,COL,Colorado Avalanche,NJD,New Jersey Devils
2025-10-26,7:00 PM,DAL,Dallas Stars,NSH,Nashville Predators
2025-10-26,5:00 PM,VGK,Vegas Golden Knights,TBL,Tampa Bay Lightning
2025-10-26,10:00 PM,EDM,Edmonton Oilers,VAN,Vancouver Canucks
2025-10-26,6:00 PM,UTA,Utah Mammoth,WPG,Winnipeg Jets
2025-10-27,7:30 PM,BOS,Boston Bruins,OTT,Ottawa Senators
2025-10-27,7:00 PM,STL,St. Louis Blues,PIT,Pittsburgh Penguins
2025-10-28,7:15 PM,NYI,New York Islanders,BOS,Boston Bruins
2025-10-28,6:45 PM,CBJ,Columbus Blue Jackets,BUF,Buffalo Sabres
2025-10-28,6:30 PM,VGK,Vegas Golden Knights,CAR,Carolina Hurricanes
2025-10-28,8:45 PM,OTT,Ottawa Senators,CHI,Chicago Blackhawks
2025-10-28,9:00 PM,NJD,New Jersey Devils,COL,Colorado Avalanche
2025-10-28,8:30 PM,WSH,Washington Capitals,DAL,Dallas Stars
2025-10-28,9:30 PM,UTA,Utah Mammoth,EDM,Edmonton Oilers
2025-10-28,7:00 PM,ANA,Anaheim Ducks,FLA,Florida Panthers
2025-10-28,8:00 PM,WPG,Winnipeg Jets,MIN,Minnesota Wild
2025-10-28,7:45 PM,TBL,Tampa Bay Lightning,NSH,Nashville Predators
2025-10-28,6:00 PM,PIT,Pittsburgh Penguins,PHI,Philadelphia Flyers
2025-10-28,10:30 PM,MTL,Montreal Canadiens,SEA,Seattle Kraken
2025-10-28,11:00 PM,LAK,Los Angeles Kings,SJS,San Jose Sharks
2025-10-28,8:15 PM,DET,Detroit Red Wings,STL,St. Louis Blues
2025-10-28,6:15 PM,CGY,Calgary Flames,TOR,Toronto Maple Leafs
2025-10-28,10:00 PM,NYR,New York Rangers,VAN,Vancouver Canucks
2025-10-29,7:30 PM,TOR,Toronto Maple Leafs,CBJ,Columbus Blue Jackets
2025-10-30,7:00 PM,BUF,Buffalo Sabres,BOS,Boston Bruins
2025-10-30,7:30 PM,NYI,New York Islanders,CAR,Carolina Hurricanes
2025-10-30,9:00 PM,NYR,New York Rangers,EDM,Edmonton Oilers
2025-10-30,10:30 PM,DET,Detroit Red Wings,LAK,Los Angeles Kings
2025-10-30,8:00 PM,PIT,Pittsburgh Penguins,MIN,Minnesota Wild
2025-10-30,7:00 PM,CGY,Calgary Flames,OTT,Ottawa Senators
2025-10-30,7:00 PM,NSH,Nashville Predators,PHI,Philadelphia Flyers
2025-10-30,10:00 PM,NJD,New Jersey Devils,SJS,San Jose Sharks
2025-10-30,8:00 PM,VAN,Vancouver Canucks,STL,St. Louis Blues
2025-10-30,7:00 PM,DAL,Dallas Stars,TBL,Tampa Bay Lightning
2025-10-30,8:00 PM,CHI,Chicago Blackhawks,WPG,Winnipeg Jets
2025-10-31,10:00 PM,DET,Detroit Red Wings,ANA,Anaheim Ducks
2025-10-31,4:00 PM,COL,Colorado Avalanche,VGK,Vegas Golden Knights
2025-10-31,7:00 PM,NYI,New York Islanders,WSH,Washington Capitals
2025-11-01,1:00 PM,CAR,Carolina Hurricanes,BOS,Boston Bruins
2025-11-01,7:00 PM,WSH,Washington Capitals,BUF,Buffalo Sabres
2025-11-01,7:00 PM,STL,St. Louis Blues,CBJ,Columbus Blue Jackets
2025-11-01,10:00 PM,CHI,Chicago Blackhawks,EDM,Edmonton Oilers
2025-11-01,6:00 PM,DAL,Dallas Stars,FLA,Florida Panthers
2025-11-01,9:00 PM,NJD,New Jersey Devils,LAK,Los Angeles Kings
2025-11-01,7:00 PM,VAN,Vancouver Canucks,MIN,Minnesota Wild
2025-11-01,7:00 PM,OTT,Ottawa Senators,MTL,Montreal Canadiens
2025-11-01,3:30 PM,CGY,Calgary Flames,NSH,Nashville Predators
2025-11-01,7:00 PM,TOR,Toronto Maple Leafs,PHI,Philadelphia Flyers
2025-11-01,10:00 PM,NYR,New York Rangers,SEA,Seattle Kraken
2025-11-01,4:00 PM,COL,Colorado Avalanche,SJS,San Jose Sharks
2025-11-01,3:00 PM,PIT,Pittsburgh Penguins,WPG,Winnipeg Jets
2025-11-02,8:00 PM,NJD,New Jersey Devils,ANA,Anaheim Ducks
2025-11-02,5:00 PM,CBJ,Columbus Blue Jackets,NYI,New York Islanders
2025-11-02,7:00 PM,CGY,Calgary Flames,PHI,Philadelphia Flyers
2025-11-02,8:00 PM,DET,Detroit Red Wings,SJS,San Jose Sharks
2025-11-02,3:30 PM,TBL,Tampa Bay Lightning,UTA,Utah Mammoth
2025-11-03,8:30 PM,VAN,Vancouver Canucks,NSH,Nashville Predators
2025-11-03,10:00 PM,CHI,Chicago Blackhawks,SEA,Seattle Kraken
2025-11-03,8:30 PM,EDM,Edmonton Oilers,STL,St. Louis Blues
2025-11-03,7:30 PM,PIT,Pittsburgh Penguins,TOR,Toronto Maple Leafs
2025-11-04,10:00 PM,FLA,Florida Panthers,ANA,Anaheim Ducks
2025-11-04,7:00 PM,UTA,Utah Mammoth,BUF,Buffalo Sabres
2025-11-04,9:30 PM,TBL,Tampa Bay Lightning,COL,Colorado Avalanche
2025-11-04,8:00 PM,EDM,Edmonton Oilers,DAL,Dallas Stars
2025-11-04,10:30 PM,WPG,Winnipeg Jets,LAK,Los Angeles Kings
2025-11-04,8:00 PM,NSH,Nashville Predators,MIN,Minnesota Wild
2025-11-04,7:00 PM,PHI,Philadelphia Flyers,MTL,Montreal Canadiens
2025-11-04,7:00 PM,BOS,Boston Bruins,NYI,New York Islanders
2025-11-04,7:00 PM,CAR,Carolina Hurricanes,NYR,New York Rangers
2025-11-04,10:00 PM,DET,Detroit Red Wings,VGK,Vegas Golden Knights
2025-11-05,9:30 PM,CBJ,Columbus Blue Jackets,CGY,Calgary Flames
2025-11-05,10:00 PM,SJS,San Jose Sharks,SEA,Seattle Kraken
2025-11-05,7:00 PM,UTA,Utah Mammoth,TOR,Toronto Maple Leafs
2025-11-05,10:00 PM,CHI,Chicago Blackhawks,VAN,Vancouver Canucks
2025-11-05,7:30 PM,STL,St. Louis Blues,WSH,Washington Capitals
2025-11-06,7:00 PM,OTT,Ottawa Senators,BOS,Boston Bruins
2025-11-06,7:00 PM,STL,St. Louis Blues,BUF,Buffalo Sabres
2025-11-06,7:00 PM,MIN,Minnesota Wild,CAR,Carolina Hurricanes
2025-11-06,8:00 PM,ANA,Anaheim Ducks,DAL,Dallas Stars
2025-11-06,10:00 PM,FLA,Florida Panthers,LAK,Los Angeles Kings
2025-11-06,7:00 PM,MTL,Montreal Canadiens,NJD,New Jersey Devils
2025-11-06,8:00 PM,PHI,Philadelphia Flyers,NSH,Nashville Predators
2025-11-06,7:30 PM,WSH,Washington Capitals,PIT,Pittsburgh Penguins
2025-11-06,10:00 PM,TBL,Tampa Bay Lightning,VGK,Vegas Golden Knights
2025-11-07,9:00 PM,CHI,Chicago Blackhawks,CGY,Calgary Flames
2025-11-07,7:00 PM,NYR,New York Rangers,DET,Detroit Red Wings
2025-11-07,7:00 PM,MIN,Minnesota Wild,NYI,New York Islanders
2025-11-07,10:00 PM,WPG,Winnipeg Jets,SJS,San Jose Sharks
2025-11-08,7:00 PM,BUF,Buffalo Sabres,CAR,Carolina Hurricanes
2025-11-08,10:00 PM,COL,Colorado Avalanche,EDM,Edmonton Oilers
2025-11-08,7:00 PM,UTA,Utah Mammoth,MTL,Montreal Canadiens
2025-11-08,12:30 PM,PIT,Pittsburgh Penguins,NJD,New Jersey Devils
2025-11-08,3:30 PM,DAL,Dallas Stars,NSH,Nashville Predators
2025-11-08,7:00 PM,NYI,New York Islanders,NYR,New York Rangers
2025-11-08,1:00 PM,OTT,Ottawa Senators,PHI,Philadelphia Flyers
2025-11-08,10:00 PM,FLA,Florida Panthers,SJS,San Jose Sharks
2025-11-08,7:00 PM,SEA,Seattle Kraken,STL,St. Louis Blues
2025-11-08,7:00 PM,WSH,Washington Capitals,TBL,Tampa Bay Lightning
2025-11-08,7:00 PM,BOS,Boston Bruins,TOR,Toronto Maple Leafs
2025-11-08,10:00 PM,CBJ,Columbus Blue Jackets,VAN,Vancouver Canucks
2025-11-08,10:00 PM,ANA,Anaheim Ducks,VGK,Vegas Golden Knights
2025-11-09,10:00 PM,WPG,Winnipeg Jets,ANA,Anaheim Ducks
2025-11-09,7:00 PM,SEA,Seattle Kraken,DAL,Dallas Stars
2025-11-09,1:00 PM,CHI,Chicago Blackhawks,DET,Detroit Red Wings
2025-11-09,8:00 PM,CGY,Calgary Flames,MIN,Minnesota Wild
2025-11-09,7:00 PM,UTA,Utah Mammoth,OTT,Ottawa Senators
2025-11-09,2:00 PM,LAK,Los Angeles Kings,PIT,Pittsburgh Penguins
2025-11-09,7:00 PM,CAR,Carolina Hurricanes,TOR,Toronto Maple Leafs
2025-11-09,10:00 PM,COL,Colorado Avalanche,VAN,Vancouver Canucks
2025-11-10,8:30 PM,CBJ,Columbus Blue Jackets,EDM,Edmonton Oilers
2025-11-10,7:00 PM,NYI,New York Islanders,NJD,New Jersey Devils
2025-11-10,7:00 PM,NSH,Nashville Predators,NYR,New York Rangers
2025-11-10,10:00 PM,FLA,Florida Panthers,VGK,Vegas Golden Knights
2025-11-11,7:00 PM,TOR,Toronto Maple Leafs,BOS,Boston Bruins
2025-11-11,7:00 PM,WSH,Washington Capitals,CAR,Carolina Hurricanes
2025-11-11,9:30 PM,ANA,Anaheim Ducks,COL,Colorado Avalanche
2025-11-11,8:00 PM,SJS,San Jose Sharks,MIN,Minnesota Wild
2025-11-11,7:00 PM,LAK,Los Angeles Kings,MTL,Montreal Canadiens
2025-11-11,7:00 PM,DAL,Dallas Stars,OTT,Ottawa Senators
2025-11-11,10:00 PM,CBJ,Columbus Blue Jackets,SEA,Seattle Kraken
2025-11-11,8:00 PM,CGY,Calgary Flames,STL,St. Louis Blues
2025-11-11,10:00 PM,WPG,Winnipeg Jets,VAN,Vancouver Canucks
2025-11-12,9:30 PM,NJD,New Jersey Devils,CHI,Chicago Blackhawks
2025-11-12,7:30 PM,EDM,Edmonton Oilers,PHI,Philadelphia Flyers
2025-11-12,7:00 PM,NYR,New York Rangers,TBL,Tampa Bay Lightning
2025-11-12,9:00 PM,BUF,Buffalo Sabres,UTA,Utah Mammoth
2025-11-13,7:30 PM,EDM,Edmonton Oilers,CBJ,Columbus Blue Jackets
2025-11-13,9:00 PM,SJS,San Jose Sharks,CGY,Calgary Flames
2025-11-13,9:00 PM,BUF,Buffalo Sabres,COL,Colorado Avalanche
2025-11-13,7:00 PM,ANA,Anaheim Ducks,DET,Detroit Red Wings
2025-11-13,7:00 PM,WSH,Washington Capitals,FLA,Florida Panthers
2025-11-13,7:00 PM,DAL,Dallas Stars,MTL,Montreal Canadiens
2025-11-13,7:00 PM,BOS,Boston Bruins,OTT,Ottawa Senators
2025-11-13,10:00 PM,WPG,Winnipeg Jets,SEA,Seattle Kraken
2025-11-13,7:00 PM,LAK,Los Angeles Kings,TOR,Toronto Maple Leafs
2025-11-13,10:00 PM,NYI,New York Islanders,VGK,Vegas Golden Knights
2025-11-14,7:00 PM,VAN,Vancouver Canucks,CAR,Carolina Hurricanes
2025-11-14,8:00 PM,PHI,Philadelphia Flyers,STL,St. Louis Blues
2025-11-14,9:00 PM,NYI,New York Islanders,UTA,Utah Mammoth
2025-11-15,7:00 PM,EDM,Edmonton Oilers,CAR,Carolina Hurricanes
2025-11-15,7:00 PM,NYR,New York Rangers,CBJ,Columbus Blue Jackets
2025-11-15,10:00 PM,WPG,Winnipeg Jets,CGY,Calgary Flames
2025-11-15,7:00 PM,TOR,Toronto Maple Leafs,CHI,Chicago Blackhawks
2025-11-15,8:00 PM,PHI,Philadelphia Flyers,DAL,Dallas Stars
2025-11-15,7:00 PM,BUF,Buffalo Sabres,DET,Detroit Red Wings
2025-11-15,5:00 PM,TBL,Tampa Bay Lightning,FLA,Florida Panthers
2025-11-15,6:00 PM,ANA,Anaheim Ducks,MIN,Minnesota Wild
2025-11-15,7:00 PM,BOS,Boston Bruins,MTL,Montreal Canadiens
2025-11-15,7:00 PM,LAK,Los Angeles Kings,OTT,Ottawa Senators
2025-11-15,10:00 PM,SJS,San Jose Sharks,SEA,Seattle Kraken
2025-11-15,8:00 PM,VGK,Vegas Golden Knights,STL,St. Louis Blues
2025-11-15,7:00 PM,NJD,New Jersey Devils,WSH,Washington Capitals
2025-11-16,9:00 PM,NYI,New York Islanders,COL,Colorado Avalanche
2025-11-16,6:00 PM,VGK,Vegas Golden Knights,MIN,Minnesota Wild
2025-11-16,7:00 PM,DET,Detroit Red Wings,NYR,New York Rangers
2025-11-16,5:00 PM,VAN,Vancouver Canucks,TBL,Tampa Bay Lightning
2025-11-17,10:00 PM,UTA,Utah Mammoth,ANA,Anaheim Ducks
2025-11-17,7:00 PM,CAR,Carolina Hurricanes,BOS,Boston Bruins
2025-11-17,7:00 PM,EDM,Edmonton Oilers,BUF,Buffalo Sabres
2025-11-17,7:30 PM,MTL,Montreal Canadiens,CBJ,Columbus Blue Jackets
2025-11-17,7:00 PM,VAN,Vancouver Canucks,FLA,Florida Panthers
2025-11-17,7:00 PM,LAK,Los Angeles Kings,WSH,Washington Capitals
2025-11-18,8:30 PM,CGY,Calgary Flames,CHI,Chicago Blackhawks
2025-11-18,8:00 PM,NYI,New York Islanders,DAL,Dallas Stars
2025-11-18,7:00 PM,SEA,Seattle Kraken,DET,Detroit Red Wings
2025-11-18,10:00 PM,UTA,Utah Mammoth,SJS,San Jose Sharks
2025-11-18,7:00 PM,NJD,New Jersey Devils,TBL,Tampa Bay Lightning
2025-11-18,7:00 PM,STL,St. Louis Blues,TOR,Toronto Maple Leafs
2025-11-18,10:00 PM,NYR,New York Rangers,VGK,Vegas Golden Knights
2025-11-18,8:00 PM,CBJ,Columbus Blue Jackets,WPG,Winnipeg Jets
2025-11-19,10:00 PM,BOS,Boston Bruins,ANA,Anaheim Ducks
2025-11-19,7:30 PM,CGY,Calgary Flames,BUF,Buffalo Sabres
2025-11-19,9:30 PM,CAR,Carolina Hurricanes,MIN,Minnesota Wild
2025-11-19,7:00 PM,EDM,Edmonton Oilers,WSH,Washington Capitals
2025-11-20,10:00 PM,OTT,Ottawa Senators,ANA,Anaheim Ducks
2025-11-20,8:00 PM,SEA,Seattle Kraken,CHI,Chicago Blackhawks
2025-11-20,9:00 PM,NYR,New York Rangers,COL,Colorado Avalanche
2025-11-20,7:00 PM,NYI,New York Islanders,DET,Detroit Red Wings
2025-11-20,7:00 PM,NJD,New Jersey Devils,FLA,Florida Panthers
2025-11-20,7:00 PM,WSH,Washington Capitals,MTL,Montreal Canadiens
2025-11-20,7:00 PM,STL,St. Louis Blues,PHI,Philadelphia Flyers
2025-11-20,10:00 PM,LAK,Los Angeles Kings,SJS,San Jose Sharks
2025-11-20,7:30 PM,EDM,Edmonton Oilers,TBL,Tampa Bay Lightning
2025-11-20,7:00 PM,CBJ,Columbus Blue Jackets,TOR,Toronto Maple Leafs
2025-11-20,9:00 PM,VGK,Vegas Golden Knights,UTA,Utah Mammoth
2025-11-20,10:00 PM,DAL,Dallas Stars,VAN,Vancouver Canucks
2025-11-21,7:00 PM,CHI,Chicago Blackhawks,BUF,Buffalo Sabres
2025-11-21,10:30 PM,BOS,Boston Bruins,LAK,Los Angeles Kings
2025-11-21,7:00 PM,MIN,Minnesota Wild,PIT,Pittsburgh Penguins
2025-11-21,8:00 PM,CAR,Carolina Hurricanes,WPG,Winnipeg Jets
2025-11-22,10:00 PM,VGK,Vegas Golden Knights,ANA,Anaheim Ducks
2025-11-22,10:00 PM,DAL,Dallas Stars,CGY,Calgary Flames
2025-11-22,1:00 PM,CBJ,Columbus Blue Jackets,DET,Detroit Red Wings
2025-11-22,7:00 PM,EDM,Edmonton Oilers,FLA,Florida Panthers
2025-11-22,7:00 PM,TOR,Toronto Maple Leafs,MTL,Montreal Canadiens
2025-11-22,8:00 PM,COL,Colorado Avalanche,NSH,Nashville Predators
2025-11-22,3:30 PM,STL,St. Louis Blues,NYI,New York Islanders
2025-11-22,7:00 PM,NJD,New Jersey Devils,PHI,Philadelphia Flyers
2025-11-22,7:00 PM,SEA,Seattle Kraken,PIT,Pittsburgh Penguins
2025-11-22,7:00 PM,OTT,Ottawa Senators,SJS,San Jose Sharks
2025-11-22,9:00 PM,NYR,New York Rangers,UTA,Utah Mammoth
2025-11-22,7:00 PM,TBL,Tampa Bay Lightning,WSH,Washington Capitals
2025-11-23,1:00 PM,CAR,Carolina Hurricanes,BUF,Buffalo Sabres
2025-11-23,7:00 PM,COL,Colorado Avalanche,CHI,Chicago Blackhawks
2025-11-23,5:00 PM,SEA,Seattle Kraken,NYI,New York Islanders
2025-11-23,8:00 PM,BOS,Boston Bruins,SJS,San Jose Sharks
2025-11-23,9:00 PM,CGY,Calgary Flames,VAN,Vancouver Canucks
2025-11-23,4:00 PM,MIN,Minnesota Wild,WPG,Winnipeg Jets
2025-11-24,9:00 PM,OTT,Ottawa Senators,LAK,Los Angeles Kings
2025-11-24,7:00 PM,DET,Detroit Red Wings,NJD,New Jersey Devils
2025-11-24,8:00 PM,FLA,Florida Panthers,NSH,Nashville Predators
2025-11-24,7:00 PM,STL,St. Louis Blues,NYR,New York Rangers
2025-11-24,7:00 PM,PHI,Philadelphia Flyers,TBL,Tampa Bay Lightning
2025-11-24,9:00 PM,VGK,Vegas Golden Knights,UTA,Utah Mammoth
2025-11-24,7:00 PM,CBJ,Columbus Blue Jackets,WSH,Washington Capitals
2025-11-25,9:00 PM,DAL,Dallas Stars,EDM,Edmonton Oilers
2025-11-26,10:00 PM,VAN,Vancouver Canucks,ANA,Anaheim Ducks
2025-11-26,7:00 PM,NYR,New York Rangers,CAR,Carolina Hurricanes
2025-11-26,7:00 PM,TOR,Toronto Maple Leafs,CBJ,Columbus Blue Jackets
2025-11-26,8:30 PM,MIN,Minnesota Wild,CHI,Chicago Blackhawks
2025-11-26,9:00 PM,SJS,San Jose Sharks,COL,Colorado Avalanche
2025-11-26,7:00 PM,NSH,Nashville Predators,DET,Detroit Red Wings
2025-11-26,7:00 PM,PHI,Philadelphia Flyers,FLA,Florida Panthers
2025-11-26,7:00 PM,STL,St. Louis Blues,NJD,New Jersey Devils
2025-11-26,7:00 PM,BOS,Boston Bruins,NYI,New York Islanders
2025-11-26,7:00 PM,BUF,Buffalo Sabres,PIT,Pittsburgh Penguins
2025-11-26,10:00 PM,DAL,Dallas Stars,SEA,Seattle Kraken
2025-11-26,7:00 PM,CGY,Calgary Flames,TBL,Tampa Bay Lightning
2025-11-26,9:30 PM,MTL,Montreal Canadiens,UTA,Utah Mammoth
2025-11-26,10:00 PM,OTT,Ottawa Senators,VGK,Vegas Golden Knights
2025-11-26,7:00 PM,WPG,Winnipeg Jets,WSH,Washington Capitals
2025-11-28,4:00 PM,LAK,Los Angeles Kings,ANA,Anaheim Ducks
2025-11-28,1:00 PM,NYR,New York Rangers,BOS,Boston Bruins
2025-11-28,4:00 PM,NJD,New Jersey Devils,BUF,Buffalo Sabres
2025-11-28,5:00 PM,WPG,Winnipeg Jets,CAR,Carolina Hurricanes
2025-11-28,7:00 PM,PIT,Pittsburgh Penguins,CBJ,Columbus Blue Jackets
2025-11-28,8:00 PM,NSH,Nashville Predators,CHI,Chicago Blackhawks
2025-11-28,8:00 PM,UTA,Utah Mammoth,DAL,Dallas Stars
2025-11-28,12:00 PM,TBL,Tampa Bay Lightning,DET,Detroit Red Wings
2025-11-28,4:00 PM,CGY,Calgary Flames,FLA,Florida Panthers
2025-11-28,3:30 PM,COL,Colorado Avalanche,MIN,Minnesota Wild
2025-11-28,4:00 PM,PHI,Philadelphia Flyers,NYI,New York Islanders
2025-11-28,4:00 PM,VAN,Vancouver Canucks,SJS,San Jose Sharks
2025-11-28,4:00 PM,OTT,Ottawa Senators,STL,St. Louis Blues
2025-11-28,4:00 PM,MTL,Montreal Canadiens,VGK,Vegas Golden Knights
2025-11-28,5:00 PM,TOR,Toronto Maple Leafs,WSH,Washington Capitals
2025-11-29,7:00 PM,DET,Detroit Red Wings,BOS,Boston Bruins
2025-11-29,3:00 PM,MTL,Montreal Canadiens,COL,Colorado Avalanche
2025-11-29,10:00 PM,VAN,Vancouver Canucks,LAK,Los Angeles Kings
2025-11-29,8:00 PM,BUF,Buffalo Sabres,MIN,Minnesota Wild
2025-11-29,7:00 PM,PHI,Philadelphia Flyers,NJD,New Jersey Devils
2025-11-29,7:00 PM,WPG,Winnipeg Jets,NSH,Nashville Predators
2025-11-29,2:00 PM,TBL,Tampa Bay Lightning,NYR,New York Rangers
2025-11-29,7:00 PM,TOR,Toronto Maple Leafs,PIT,Pittsburgh Penguins
2025-11-29,4:00 PM,EDM,Edmonton Oilers,SEA,Seattle Kraken
2025-11-29,8:00 PM,UTA,Utah Mammoth,STL,St. Louis Blues
2025-11-29,10:00 PM,SJS,San Jose Sharks,VGK,Vegas Golden Knights
2025-11-30,5:00 PM,CGY,Calgary Flames,CAR,Carolina Hurricanes
2025-11-30,3:30 PM,ANA,Anaheim Ducks,CHI,Chicago Blackhawks
2025-11-30,6:00 PM,OTT,Ottawa Senators,DAL,Dallas Stars
2025-11-30,1:00 PM,WSH,Washington Capitals,NYI,New York Islanders
2025-12-01,7:30 PM,WPG,Winnipeg Jets,BUF,Buffalo Sabres
2025-12-01,7:00 PM,CBJ,Columbus Blue Jackets,NJD,New Jersey Devils
2025-12-01,7:00 PM,PIT,Pittsburgh Penguins,PHI,Philadelphia Flyers
2025-12-01,10:00 PM,UTA,Utah Mammoth,SJS,San Jose Sharks
2025-12-01,8:00 PM,ANA,Anaheim Ducks,STL,St. Louis Blues
2025-12-02,9:00 PM,VAN,Vancouver Canucks,COL,Colorado Avalanche
2025-12-02,7:00 PM,BOS,Boston Bruins,DET,Detroit Red Wings
2025-12-02,9:00 PM,MIN,Minnesota Wild,EDM,Edmonton Oilers
2025-12-02,7:30 PM,TOR,Toronto Maple Leafs,FLA,Florida Panthers
2025-12-02,10:30 PM,WSH,Washington Capitals,LAK,Los Angeles Kings
2025-12-02,7:00 PM,OTT,Ottawa Senators,MTL,Montreal Canadiens
2025-12-02,8:00 PM,CGY,Calgary Flames,NSH,Nashville Predators
2025-12-02,7:00 PM,TBL,Tampa Bay Lightning,NYI,New York Islanders
2025-12-02,7:00 PM,DAL,Dallas Stars,NYR,New York Rangers
2025-12-02,10:00 PM,CHI,Chicago Blackhawks,VGK,Vegas Golden Knights
2025-12-03,10:00 PM,UTA,Utah Mammoth,ANA,Anaheim Ducks
2025-12-03,7:30 PM,WPG,Winnipeg Jets,MTL,Montreal Canadiens
2025-12-03,7:00 PM,DAL,Dallas Stars,NJD,New Jersey Devils
2025-12-03,7:30 PM,BUF,Buffalo Sabres,PHI,Philadelphia Flyers
2025-12-03,10:00 PM,WSH,Washington Capitals,SJS,San Jose Sharks
2025-12-04,7:00 PM,STL,St. Louis Blues,BOS,Boston Bruins
2025-12-04,7:30 PM,TOR,Toronto Maple Leafs,CAR,Carolina Hurricanes
2025-12-04,7:00 PM,DET,Detroit Red Wings,CBJ,Columbus Blue Jackets
2025-12-04,9:00 PM,MIN,Minnesota Wild,CGY,Calgary Flames
2025-12-04,9:00 PM,SEA,Seattle Kraken,EDM,Edmonton Oilers
2025-12-04,7:00 PM,NSH,Nashville Predators,FLA,Florida Panthers
2025-12-04,10:00 PM,CHI,Chicago Blackhawks,LAK,Los Angeles Kings
2025-12-04,7:00 PM,COL,Colorado Avalanche,NYI,New York Islanders
2025-12-04,7:00 PM,NYR,New York Rangers,OTT,Ottawa Senators
2025-12-04,7:00 PM,PIT,Pittsburgh Penguins,TBL,Tampa Bay Lightning
2025-12-05,10:00 PM,WSH,Washington Capitals,ANA,Anaheim Ducks
2025-12-05,8:00 PM,SJS,San Jose Sharks,DAL,Dallas Stars
2025-12-05,7:00 PM,VGK,Vegas Golden Knights,NJD,New Jersey Devils
2025-12-05,9:00 PM,UTA,Utah Mammoth,VAN,Vancouver Canucks
2025-12-05,7:00 PM,BUF,Buffalo Sabres,WPG,Winnipeg Jets
2025-12-06,7:00 PM,NJD,New Jersey Devils,BOS,Boston Bruins
2025-12-06,7:00 PM,NSH,Nashville Predators,CAR,Carolina Hurricanes
2025-12-06,7:00 PM,UTA,Utah Mammoth,CGY,Calgary Flames
2025-12-06,10:00 PM,WPG,Winnipeg Jets,EDM,Edmonton Oilers
2025-12-06,3:30 PM,CBJ,Columbus Blue Jackets,FLA,Florida Panthers
2025-12-06,9:00 PM,CHI,Chicago Blackhawks,LAK,Los Angeles Kings
2025-12-06,12:30 PM,COL,Colorado Avalanche,NYR,New York Rangers
2025-12-06,7:00 PM,STL,St. Louis Blues,OTT,Ottawa Senators
2025-12-06,10:00 PM,DET,Detroit Red Wings,SEA,Seattle Kraken
2025-12-06,7:00 PM,NYI,New York Islanders,TBL,Tampa Bay Lightning
2025-12-06,7:00 PM,MTL,Montreal Canadiens,TOR,Toronto Maple Leafs
2025-12-06,10:00 PM,MIN,Minnesota Wild,VAN,Vancouver Canucks
2025-12-07,8:00 PM,CHI,Chicago Blackhawks,ANA,Anaheim Ducks
2025-12-07,5:00 PM,SJS,San Jose Sharks,CAR,Carolina Hurricanes
2025-12-07,6:00 PM,PIT,Pittsburgh Penguins,DAL,Dallas Stars
2025-12-07,5:00 PM,NYI,New York Islanders,FLA,Florida Panthers
2025-12-07,7:00 PM,STL,St. Louis Blues,MTL,Montreal Canadiens
2025-12-07,7:00 PM,VGK,Vegas Golden Knights,NYR,New York Rangers
2025-12-07,1:00 PM,COL,Colorado Avalanche,PHI,Philadelphia Flyers
2025-12-07,7:00 PM,CBJ,Columbus Blue Jackets,WSH,Washington Capitals
2025-12-08,9:00 PM,BUF,Buffalo Sabres,CGY,Calgary Flames
2025-12-08,10:00 PM,MIN,Minnesota Wild,SEA,Seattle Kraken
2025-12-08,7:30 PM,TBL,Tampa Bay Lightning,TOR,Toronto Maple Leafs
2025-12-08,9:00 PM,LAK,Los Angeles Kings,UTA,Utah Mammoth
2025-12-08,10:00 PM,DET,Detroit Red Wings,VAN,Vancouver Canucks
2025-12-09,7:30 PM,CBJ,Columbus Blue Jackets,CAR,Carolina Hurricanes
2025-12-09,9:00 PM,BUF,Buffalo Sabres,EDM,Edmonton Oilers
2025-12-09,7:00 PM,TBL,Tampa Bay Lightning,MTL,Montreal Canadiens
2025-12-09,9:30 PM,COL,Colorado Avalanche,NSH,Nashville Predators
2025-12-09,7:00 PM,VGK,Vegas Golden Knights,NYI,New York Islanders
2025-12-09,7:00 PM,NJD,New Jersey Devils,OTT,Ottawa Senators
2025-12-09,7:00 PM,SJS,San Jose Sharks,PHI,Philadelphia Flyers
2025-12-09,7:00 PM,ANA,Anaheim Ducks,PIT,Pittsburgh Penguins
2025-12-09,8:00 PM,BOS,Boston Bruins,STL,St. Louis Blues
2025-12-09,8:00 PM,DAL,Dallas Stars,WPG,Winnipeg Jets
2025-12-10,8:30 PM,DET,Detroit Red Wings,CGY,Calgary Flames
2025-12-10,7:30 PM,NYR,New York Rangers,CHI,Chicago Blackhawks
2025-12-10,10:00 PM,LAK,Los Angeles Kings,SEA,Seattle Kraken
2025-12-10,9:00 PM,FLA,Florida Panthers,UTA,Utah Mammoth
2025-12-11,7:00 PM,OTT,Ottawa Senators,CBJ,Columbus Blue Jackets
2025-12-11,9:00 PM,FLA,Florida Panthers,COL,Colorado Avalanche
2025-12-11,9:00 PM,DET,Detroit Red Wings,EDM,Edmonton Oilers
2025-12-11,8:00 PM,DAL,Dallas Stars,MIN,Minnesota Wild
2025-12-11,7:00 PM,TBL,Tampa Bay Lightning,NJD,New Jersey Devils
2025-12-11,8:00 PM,STL,St. Louis Blues,NSH,Nashville Predators
2025-12-11,7:00 PM,ANA,Anaheim Ducks,NYI,New York Islanders
2025-12-11,7:00 PM,VGK,Vegas Golden Knights,PHI,Philadelphia Flyers
2025-12-11,7:00 PM,MTL,Montreal Canadiens,PIT,Pittsburgh Penguins
2025-12-11,7:00 PM,SJS,San Jose Sharks,TOR,Toronto Maple Leafs
2025-12-11,10:00 PM,BUF,Buffalo Sabres,VAN,Vancouver Canucks
2025-12-11,8:00 PM,BOS,Boston Bruins,WPG,Winnipeg Jets
2025-12-11,7:00 PM,CAR,Carolina Hurricanes,WSH,Washington Capitals
2025-12-12,8:00 PM,CHI,Chicago Blackhawks,STL,St. Louis Blues
2025-12-12,9:00 PM,SEA,Seattle Kraken,UTA,Utah Mammoth
2025-12-13,7:00 PM,VGK,Vegas Golden Knights,CBJ,Columbus Blue Jackets
2025-12-13,8:00 PM,DET,Detroit Red Wings,CHI,Chicago Blackhawks
2025-12-13,9:00 PM,NSH,Nashville Predators,COL,Colorado Avalanche
2025-12-13,8:00 PM,FLA,Florida Panthers,DAL,Dallas Stars
2025-12-13,10:00 PM,CGY,Calgary Flames,LAK,Los Angeles Kings
2025-12-13,2:00 PM,OTT,Ottawa Senators,MIN,Minnesota Wild
2025-12-13,12:30 PM,ANA,Anaheim Ducks,NJD,New Jersey Devils
2025-12-13,3:30 PM,TBL,Tampa Bay Lightning,NYI,New York Islanders
2025-12-13,7:00 PM,MTL,Montreal Canadiens,NYR,New York Rangers
2025-12-13,7:00 PM,CAR,Carolina Hurricanes,PHI,Philadelphia Flyers
2025-12-13,3:00 PM,SJS,San Jose Sharks,PIT,Pittsburgh Penguins
2025-12-13,7:00 PM,EDM,Edmonton Oilers,TOR,Toronto Maple Leafs
2025-12-13,7:00 PM,WSH,Washington Capitals,WPG,Winnipeg Jets
2025-12-14,5:00 PM,PHI,Philadelphia Flyers,CAR,Carolina Hurricanes
2025-12-14,6:00 PM,BOS,Boston Bruins,MIN,Minnesota Wild
2025-12-14,7:00 PM,EDM,Edmonton Oilers,MTL,Montreal Canadiens
2025-12-14,12:30 PM,VAN,Vancouver Canucks,NJD,New Jersey Devils
2025-12-14,3:00 PM,UTA,Utah Mammoth,PIT,Pittsburgh Penguins
2025-12-14,8:00 PM,BUF,Buffalo Sabres,SEA,Seattle Kraken
2025-12-15,8:00 PM,LAK,Los Angeles Kings,DAL,Dallas Stars
2025-12-15,7:00 PM,ANA,Anaheim Ducks,NYR,New York Rangers
2025-12-15,8:00 PM,NSH,Nashville Predators,STL,St. Louis Blues
2025-12-15,7:00 PM,FLA,Florida Panthers,TBL,Tampa Bay Lightning
2025-12-15,7:30 PM,OTT,Ottawa Senators,WPG,Winnipeg Jets
2025-12-16,7:00 PM,UTA,Utah Mammoth,BOS,Boston Bruins
2025-12-16,7:00 PM,ANA,Anaheim Ducks,CBJ,Columbus Blue Jackets
2025-12-16,7:00 PM,NYI,New York Islanders,DET,Detroit Red Wings
2025-12-16,8:00 PM,WSH,Washington Capitals,MIN,Minnesota Wild
2025-12-16,7:00 PM,PHI,Philadelphia Flyers,MTL,Montreal Canadiens
2025-12-16,7:00 PM,VAN,Vancouver Canucks,NYR,New York Rangers
2025-12-16,7:30 PM,EDM,Edmonton Oilers,PIT,Pittsburgh Penguins
2025-12-16,10:00 PM,COL,Colorado Avalanche,SEA,Seattle Kraken
2025-12-16,10:00 PM,CGY,Calgary Flames,SJS,San Jose Sharks
2025-12-16,7:00 PM,CHI,Chicago Blackhawks,TOR,Toronto Maple Leafs
2025-12-17,7:30 PM,UTA,Utah Mammoth,DET,Detroit Red Wings
2025-12-17,7:00 PM,LAK,Los Angeles Kings,FLA,Florida Panthers
2025-12-17,8:00 PM,CAR,Carolina Hurricanes,NSH,Nashville Predators
2025-12-17,8:00 PM,WPG,Winnipeg Jets,STL,St. Louis Blues
2025-12-17,10:00 PM,NJD,New Jersey Devils,VGK,Vegas Golden Knights
2025-12-18,7:00 PM,EDM,Edmonton Oilers,BOS,Boston Bruins
2025-12-18,7:30 PM,PHI,Philadelphia Flyers,BUF,Buffalo Sabres
2025-12-18,7:00 PM,MIN,Minnesota Wild,CBJ,Columbus Blue Jackets
2025-12-18,9:00 PM,SEA,Seattle Kraken,CGY,Calgary Flames
2025-12-18,7:00 PM,CHI,Chicago Blackhawks,MTL,Montreal Canadiens
2025-12-18,7:00 PM,PIT,Pittsburgh Penguins,OTT,Ottawa Senators
2025-12-18,10:00 PM,DAL,Dallas Stars,SJS,San Jose Sharks
2025-12-18,8:00 PM,NYR,New York Rangers,STL,St. Louis Blues
2025-12-18,7:00 PM,LAK,Los Angeles Kings,TBL,Tampa Bay Lightning
2025-12-18,7:00 PM,TOR,Toronto Maple Leafs,WSH,Washington Capitals
2025-12-19,10:00 PM,DAL,Dallas Stars,ANA,Anaheim Ducks
2025-12-19,9:00 PM,WPG,Winnipeg Jets,COL,Colorado Avalanche
2025-12-19,7:00 PM,CAR,Carolina Hurricanes,FLA,Florida Panthers
2025-12-19,7:00 PM,VAN,Vancouver Canucks,NYI,New York Islanders
2025-12-19,9:00 PM,NJD,New Jersey Devils,UTA,Utah Mammoth
2025-12-20,10:00 PM,CBJ,Columbus Blue Jackets,ANA,Anaheim Ducks
2025-12-20,7:00 PM,VAN,Vancouver Canucks,BOS,Boston Bruins
2025-12-20,5:00 PM,NYI,New York Islanders,BUF,Buffalo Sabres
2025-12-20,10:00 PM,VGK,Vegas Golden Knights,CGY,Calgary Flames
2025-12-20,6:00 PM,STL,St. Louis Blues,FLA,Florida Panthers
2025-12-20,3:00 PM,EDM,Edmonton Oilers,MIN,Minnesota Wild
2025-12-20,7:00 PM,PIT,Pittsburgh Penguins,MTL,Montreal Canadiens
2025-12-20,7:00 PM,TOR,Toronto Maple Leafs,NSH,Nashville Predators
2025-12-20,12:30 PM,PHI,Philadelphia Flyers,NYR,New York Rangers
2025-12-20,3:00 PM,CHI,Chicago Blackhawks,OTT,Ottawa Senators
2025-12-20,10:00 PM,SEA,Seattle Kraken,SJS,San Jose Sharks
2025-12-20,7:00 PM,CAR,Carolina Hurricanes,TBL,Tampa Bay Lightning
2025-12-20,12:30 PM,DET,Detroit Red Wings,WSH,Washington Capitals
2025-12-21,7:00 PM,OTT,Ottawa Senators,BOS,Boston Bruins
2025-12-21,7:00 PM,TOR,Toronto Maple Leafs,DAL,Dallas Stars
2025-12-21,1:00 PM,WSH,Washington Capitals,DET,Detroit Red Wings
2025-12-21,8:00 PM,VGK,Vegas Golden Knights,EDM,Edmonton Oilers
2025-12-21,6:00 PM,COL,Colorado Avalanche,MIN,Minnesota Wild
2025-12-21,7:00 PM,BUF,Buffalo Sabres,NJD,New Jersey Devils
2025-12-21,7:00 PM,NYR,New York Rangers,NSH,Nashville Predators
2025-12-21,7:00 PM,MTL,Montreal Canadiens,PIT,Pittsburgh Penguins
2025-12-21,7:00 PM,WPG,Winnipeg Jets,UTA,Utah Mammoth
2025-12-22,10:00 PM,SEA,Seattle Kraken,ANA,Anaheim Ducks
2025-12-22,10:00 PM,CBJ,Columbus Blue Jackets,LAK,Los Angeles Kings
2025-12-22,7:30 PM,VAN,Vancouver Canucks,PHI,Philadelphia Flyers
2025-12-22,7:00 PM,STL,St. Louis Blues,TBL,Tampa Bay Lightning
2025-12-23,7:00 PM,MTL,Montreal Canadiens,BOS,Boston Bruins
2025-12-23,7:00 PM,FLA,Florida Panthers,CAR,Carolina Hurricanes
2025-12-23,9:00 PM,PHI,Philadelphia Flyers,CHI,Chicago Blackhawks
2025-12-23,9:00 PM,UTA,Utah Mammoth,COL,Colorado Avalanche
2025-12-23,6:30 PM,DAL,Dallas Stars,DET,Detroit Red Wings
2025-12-23,9:00 PM,CGY,Calgary Flames,EDM,Edmonton Oilers
2025-12-23,10:00 PM,SEA,Seattle Kraken,LAK,Los Angeles Kings
2025-12-23,8:00 PM,NSH,Nashville Predators,MIN,Minnesota Wild
2025-12-23,7:00 PM,NJD,New Jersey Devils,NYI,New York Islanders
2025-12-23,7:00 PM,BUF,Buffalo Sabres,OTT,Ottawa Senators
2025-12-23,4:00 PM,PIT,Pittsburgh Penguins,TOR,Toronto Maple Leafs
2025-12-23,10:00 PM,SJS,San Jose Sharks,VGK,Vegas Golden Knights
2025-12-23,7:00 PM,NYR,New York Rangers,WSH,Washington Capitals
2025-12-27,7:00 PM,BOS,Boston Bruins,BUF,Buffalo Sabres
2025-12-27,7:00 PM,DET,Detroit Red Wings,CAR,Carolina Hurricanes
2025-12-27,10:00 PM,EDM,Edmonton Oilers,CGY,Calgary Flames
2025-12-27,8:00 PM,CHI,Chicago Blackhawks,DAL,Dallas Stars
2025-12-27,7:00 PM,TBL,Tampa Bay Lightning,FLA,Florida Panthers
2025-12-27,9:00 PM,ANA,Anaheim Ducks,LAK,Los Angeles Kings
2025-12-27,7:00 PM,WSH,Washington Capitals,NJD,New Jersey Devils
2025-12-27,6:00 PM,NYR,New York Rangers,NYI,New York Islanders
2025-12-27,8:00 PM,NSH,Nashville Predators,STL,St. Louis Blues
2025-12-27,7:00 PM,OTT,Ottawa Senators,TOR,Toronto Maple Leafs
2025-12-27,10:00 PM,SJS,San Jose Sharks,VAN,Vancouver Canucks
2025-12-27,10:00 PM,COL,Colorado Avalanche,VGK,Vegas Golden Knights
2025-12-27,7:00 PM,MIN,Minnesota Wild,WPG,Winnipeg Jets
2025-12-28,5:00 PM,NYI,New York Islanders,CBJ,Columbus Blue Jackets
2025-12-28,7:00 PM,PIT,Pittsburgh Penguins,CHI,Chicago Blackhawks
2025-12-28,7:00 PM,TOR,Toronto Maple Leafs,DET,Detroit Red Wings
2025-12-28,8:00 PM,PHI,Philadelphia Flyers,SEA,Seattle Kraken
2025-12-28,5:00 PM,MTL,Montreal Canadiens,TBL,Tampa Bay Lightning
2025-12-29,10:00 PM,SJS,San Jose Sharks,ANA,Anaheim Ducks
2025-12-29,7:00 PM,NYR,New York Rangers,CAR,Carolina Hurricanes
2025-12-29,9:00 PM,BOS,Boston Bruins,CGY,Calgary Flames
2025-12-29,9:00 PM,LAK,Los Angeles Kings,COL,Colorado Avalanche
2025-12-29,7:00 PM,WSH,Washington Capitals,FLA,Florida Panthers
2025-12-29,7:00 PM,CBJ,Columbus Blue Jackets,OTT,Ottawa Senators
2025-12-29,10:00 PM,VAN,Vancouver Canucks,SEA,Seattle Kraken
2025-12-29,8:00 PM,BUF,Buffalo Sabres,STL,St. Louis Blues
2025-12-29,9:00 PM,NSH,Nashville Predators,UTA,Utah Mammoth
2025-12-29,10:00 PM,MIN,Minnesota Wild,VGK,Vegas Golden Knights
2025-12-29,7:30 PM,EDM,Edmonton Oilers,WPG,Winnipeg Jets
2025-12-30,8:30 PM,NYI,New York Islanders,CHI,Chicago Blackhawks
2025-12-30,7:00 PM,MTL,Montreal Canadiens,FLA,Florida Panthers
2025-12-30,7:00 PM,CAR,Carolina Hurricanes,PIT,Pittsburgh Penguins
2025-12-30,7:00 PM,NJD,New Jersey Devils,TOR,Toronto Maple Leafs
2025-12-30,10:00 PM,PHI,Philadelphia Flyers,VAN,Vancouver Canucks
2025-12-31,4:00 PM,TBL,Tampa Bay Lightning,ANA,Anaheim Ducks
2025-12-31,7:00 PM,NJD,New Jersey Devils,CBJ,Columbus Blue Jackets
2025-12-31,9:30 PM,PHI,Philadelphia Flyers,CGY,Calgary Flames
2025-12-31,9:00 PM,STL,St. Louis Blues,COL,Colorado Avalanche
2025-12-31,8:00 PM,BUF,Buffalo Sabres,DAL,Dallas Stars
2025-12-31,6:30 PM,WPG,Winnipeg Jets,DET,Detroit Red Wings
2025-12-31,9:30 PM,BOS,Boston Bruins,EDM,Edmonton Oilers
2025-12-31,4:00 PM,MIN,Minnesota Wild,SJS,San Jose Sharks
2025-12-31,3:00 PM,NSH,Nashville Predators,VGK,Vegas Golden Knights
2025-12-31,12:30 PM,NYR,New York Rangers,WSH,Washington Capitals
2026-01-01,7:00 PM,MTL,Montreal Canadiens,CAR,Carolina Hurricanes
2026-01-01,8:30 PM,DAL,Dallas Stars,CHI,Chicago Blackhawks
2026-01-01,7:00 PM,TBL,Tampa Bay Lightning,LAK,Los Angeles Kings
2026-01-01,3:00 PM,UTA,Utah Mammoth,NYI,New York Islanders
2026-01-01,1:00 PM,WSH,Washington Capitals,OTT,Ottawa Senators
2026-01-01,7:00 PM,DET,Detroit Red Wings,PIT,Pittsburgh Penguins
2026-01-01,10:00 PM,NSH,Nashville Predators,SEA,Seattle Kraken
2026-01-01,7:00 PM,WPG,Winnipeg Jets,TOR,Toronto Maple Leafs
2026-01-02,10:30 PM,MIN,Minnesota Wild,ANA,Anaheim Ducks
2026-01-02,3:00 PM,VGK,Vegas Golden Knights,STL,St. Louis Blues
2026-01-02,10:30 PM,SEA,Seattle Kraken,VAN,Vancouver Canucks
2026-01-03,7:00 PM,COL,Colorado Avalanche,CAR,Carolina Hurricanes
2026-01-03,3:00 PM,BUF,Buffalo Sabres,CBJ,Columbus Blue Jackets
2026-01-03,7:00 PM,NSH,Nashville Predators,CGY,Calgary Flames
2026-01-03,12:00 PM,PIT,Pittsburgh Penguins,DET,Detroit Red Wings
2026-01-03,3:30 PM,PHI,Philadelphia Flyers,EDM,Edmonton Oilers
2026-01-03,9:00 PM,MIN,Minnesota Wild,LAK,Los Angeles Kings
2026-01-03,3:00 PM,UTA,Utah Mammoth,NJD,New Jersey Devils
2026-01-03,7:00 PM,TOR,Toronto Maple Leafs,NYI,New York Islanders
2026-01-03,7:00 PM,WPG,Winnipeg Jets,OTT,Ottawa Senators
2026-01-03,4:00 PM,TBL,Tampa Bay Lightning,SJS,San Jose Sharks
2026-01-03,4:00 PM,MTL,Montreal Canadiens,STL,St. Louis Blues
2026-01-03,10:00 PM,BOS,Boston Bruins,VAN,Vancouver Canucks
2026-01-03,7:00 PM,CHI,Chicago Blackhawks,WSH,Washington Capitals
2026-01-04,3:00 PM,PIT,Pittsburgh Penguins,CBJ,Columbus Blue Jackets
2026-01-04,7:00 PM,VGK,Vegas Golden Knights,CHI,Chicago Blackhawks
2026-01-04,2:00 PM,MTL,Montreal Canadiens,DAL,Dallas Stars
2026-01-04,5:00 PM,COL,Colorado Avalanche,FLA,Florida Panthers
2026-01-04,7:00 PM,CAR,Carolina Hurricanes,NJD,New Jersey Devils
2026-01-05,9:30 PM,SEA,Seattle Kraken,CGY,Calgary Flames
2026-01-05,10:30 PM,MIN,Minnesota Wild,LAK,Los Angeles Kings
2026-01-05,7:00 PM,UTA,Utah Mammoth,NYR,New York Rangers
2026-01-05,7:30 PM,DET,Detroit Red Wings,OTT,Ottawa Senators
2026-01-05,7:00 PM,ANA,Anaheim Ducks,WSH,Washington Capitals
2026-01-06,7:00 PM,VAN,Vancouver Canucks,BUF,Buffalo Sabres
2026-01-06,7:00 PM,DAL,Dallas Stars,CAR,Carolina Hurricanes
2026-01-06,9:00 PM,NSH,Nashville Predators,EDM,Edmonton Oilers
2026-01-06,7:30 PM,NJD,New Jersey Devils,NYI,New York Islanders
2026-01-06,7:00 PM,ANA,Anaheim Ducks,PHI,Philadelphia Flyers
2026-01-06,10:00 PM,BOS,Boston Bruins,SEA,Seattle Kraken
2026-01-06,10:00 PM,CBJ,Columbus Blue Jackets,SJS,San Jose Sharks
2026-01-06,7:00 PM,COL,Colorado Avalanche,TBL,Tampa Bay Lightning
2026-01-06,7:30 PM,FLA,Florida Panthers,TOR,Toronto Maple Leafs
2026-01-06,8:00 PM,VGK,Vegas Golden Knights,WPG,Winnipeg Jets
2026-01-07,9:30 PM,STL,St. Louis Blues,CHI,Chicago Blackhawks
2026-01-07,10:30 PM,SJS,San Jose Sharks,LAK,Los Angeles Kings
2026-01-07,7:30 PM,CGY,Calgary Flames,MTL,Montreal Canadiens
2026-01-07,9:30 PM,OTT,Ottawa Senators,UTA,Utah Mammoth
2026-01-07,7:00 PM,DAL,Dallas Stars,WSH,Washington Capitals
2026-01-08,7:00 PM,CGY,Calgary Flames,BOS,Boston Bruins
2026-01-08,7:00 PM,ANA,Anaheim Ducks,CAR,Carolina Hurricanes
2026-01-08,9:00 PM,OTT,Ottawa Senators,COL,Colorado Avalanche
2026-01-08,7:00 PM,VAN,Vancouver Canucks,DET,Detroit Red Wings
2026-01-08,7:00 PM,FLA,Florida Panthers,MTL,Montreal Canadiens
2026-01-08,8:00 PM,NYI,New York Islanders,NSH,Nashville Predators
2026-01-08,7:00 PM,BUF,Buffalo Sabres,NYR,New York Rangers
2026-01-08,7:00 PM,TOR,Toronto Maple Leafs,PHI,Philadelphia Flyers
2026-01-08,7:00 PM,NJD,New Jersey Devils,PIT,Pittsburgh Penguins
2026-01-08,10:00 PM,MIN,Minnesota Wild,SEA,Seattle Kraken
2026-01-08,10:00 PM,CBJ,Columbus Blue Jackets,VGK,Vegas Golden Knights
2026-01-08,8:00 PM,EDM,Edmonton Oilers,WPG,Winnipeg Jets
2026-01-09,8:00 PM,WSH,Washington Capitals,CHI,Chicago Blackhawks
2026-01-09,9:00 PM,STL,St. Louis Blues,UTA,Utah Mammoth
2026-01-09,8:00 PM,LAK,Los Angeles Kings,WPG,Winnipeg Jets
2026-01-10,1:00 PM,NYR,New York Rangers,BOS,Boston Bruins
2026-01-10,7:00 PM,ANA,Anaheim Ducks,BUF,Buffalo Sabres
2026-01-10,7:00 PM,SEA,Seattle Kraken,CAR,Carolina Hurricanes
2026-01-10,4:00 PM,CBJ,Columbus Blue Jackets,COL,Colorado Avalanche
2026-01-10,10:00 PM,LAK,Los Angeles Kings,EDM,Edmonton Oilers
2026-01-10,8:00 PM,NYI,New York Islanders,MIN,Minnesota Wild
2026-01-10,7:00 PM,DET,Detroit Red Wings,MTL,Montreal Canadiens
2026-01-10,8:00 PM,CHI,Chicago Blackhawks,NSH,Nashville Predators
2026-01-10,7:00 PM,FLA,Florida Panthers,OTT,Ottawa Senators
2026-01-10,7:00 PM,TBL,Tampa Bay Lightning,PHI,Philadelphia Flyers
2026-01-10,3:30 PM,CGY,Calgary Flames,PIT,Pittsburgh Penguins
2026-01-10,4:00 PM,DAL,Dallas Stars,SJS,San Jose Sharks
2026-01-10,7:00 PM,VAN,Vancouver Canucks,TOR,Toronto Maple Leafs
2026-01-10,10:00 PM,STL,St. Louis Blues,VGK,Vegas Golden Knights
2026-01-11,5:00 PM,PIT,Pittsburgh Penguins,BOS,Boston Bruins
2026-01-11,7:00 PM,WSH,Washington Capitals,NSH,Nashville Predators
2026-01-11,8:00 PM,VGK,Vegas Golden Knights,SJS,San Jose Sharks
2026-01-11,7:00 PM,CBJ,Columbus Blue Jackets,UTA,Utah Mammoth
2026-01-11,2:00 PM,NJD,New Jersey Devils,WPG,Winnipeg Jets
2026-01-12,7:00 PM,FLA,Florida Panthers,BUF,Buffalo Sabres
2026-01-12,8:30 PM,EDM,Edmonton Oilers,CHI,Chicago Blackhawks
2026-01-12,10:00 PM,TOR,Toronto Maple Leafs,COL,Colorado Avalanche
2026-01-12,7:00 PM,CAR,Carolina Hurricanes,DET,Detroit Red Wings
2026-01-12,10:00 PM,DAL,Dallas Stars,LAK,Los Angeles Kings
2026-01-12,8:00 PM,NJD,New Jersey Devils,MIN,Minnesota Wild
2026-01-12,7:30 PM,VAN,Vancouver Canucks,MTL,Montreal Canadiens
2026-01-12,7:00 PM,SEA,Seattle Kraken,NYR,New York Rangers
2026-01-12,7:00 PM,TBL,Tampa Bay Lightning,PHI,Philadelphia Flyers
2026-01-13,10:00 PM,DAL,Dallas Stars,ANA,Anaheim Ducks
2026-01-13,7:30 PM,DET,Detroit Red Wings,BOS,Boston Bruins
2026-01-13,7:00 PM,CGY,Calgary Flames,CBJ,Columbus Blue Jackets
2026-01-13,8:00 PM,EDM,Edmonton Oilers,NSH,Nashville Predators
2026-01-13,7:00 PM,VAN,Vancouver Canucks,OTT,Ottawa Senators
2026-01-13,7:00 PM,TBL,Tampa Bay Lightning,PIT,Pittsburgh Penguins
2026-01-13,7:30 PM,CAR,Carolina Hurricanes,STL,St. Louis Blues
2026-01-13,10:00 PM,TOR,Toronto Maple Leafs,UTA,Utah Mammoth
2026-01-13,8:00 PM,NYI,New York Islanders,WPG,Winnipeg Jets
2026-01-13,7:00 PM,MTL,Montreal Canadiens,WSH,Washington Capitals
2026-01-14,7:30 PM,PHI,Philadelphia Flyers,BUF,Buffalo Sabres
2026-01-14,10:00 PM,VGK,Vegas Golden Knights,LAK,Los Angeles Kings
2026-01-14,7:00 PM,SEA,Seattle Kraken,NJD,New Jersey Devils
2026-01-14,7:30 PM,OTT,Ottawa Senators,NYR,New York Rangers
2026-01-15,7:00 PM,SEA,Seattle Kraken,BOS,Boston Bruins
2026-01-15,7:00 PM,MTL,Montreal Canadiens,BUF,Buffalo Sabres
2026-01-15,7:00 PM,VAN,Vancouver Canucks,CBJ,Columbus Blue Jackets
2026-01-15,8:30 PM,CGY,Calgary Flames,CHI,Chicago Blackhawks
2026-01-15,9:00 PM,NYI,New York Islanders,EDM,Edmonton Oilers
2026-01-15,8:00 PM,WPG,Winnipeg Jets,MIN,Minnesota Wild
2026-01-15,7:00 PM,PHI,Philadelphia Flyers,PIT,Pittsburgh Penguins
2026-01-15,9:00 PM,DAL,Dallas Stars,UTA,Utah Mammoth
2026-01-15,9:30 PM,TOR,Toronto Maple Leafs,VGK,Vegas Golden Knights
2026-01-15,7:00 PM,SJS,San Jose Sharks,WSH,Washington Capitals
2026-01-16,7:00 PM,FLA,Florida Panthers,CAR,Carolina Hurricanes
2026-01-16,9:00 PM,NSH,Nashville Predators,COL,Colorado Avalanche
2026-01-16,7:00 PM,SJS,San Jose Sharks,DET,Detroit Red Wings
2026-01-16,10:30 PM,ANA,Anaheim Ducks,LAK,Los Angeles Kings
2026-01-16,8:00 PM,TBL,Tampa Bay Lightning,STL,St. Louis Blues
2026-01-17,10:00 PM,LAK,Los Angeles Kings,ANA,Anaheim Ducks
2026-01-17,12:30 PM,MIN,Minnesota Wild,BUF,Buffalo Sabres
2026-01-17,3:00 PM,NYI,New York Islanders,CGY,Calgary Flames
2026-01-17,8:00 PM,BOS,Boston Bruins,CHI,Chicago Blackhawks
2026-01-17,7:00 PM,CAR,Carolina Hurricanes,NJD,New Jersey Devils
2026-01-17,7:00 PM,MTL,Montreal Canadiens,OTT,Ottawa Senators
2026-01-17,1:00 PM,NYR,New York Rangers,PHI,Philadelphia Flyers
2026-01-17,7:00 PM,CBJ,Columbus Blue Jackets,PIT,Pittsburgh Penguins
2026-01-17,5:00 PM,SEA,Seattle Kraken,UTA,Utah Mammoth
2026-01-17,10:00 PM,EDM,Edmonton Oilers,VAN,Vancouver Canucks
2026-01-17,10:00 PM,NSH,Nashville Predators,VGK,Vegas Golden Knights
2026-01-17,7:00 PM,TOR,Toronto Maple Leafs,WPG,Winnipeg Jets
2026-01-17,7:00 PM,FLA,Florida Panthers,WSH,Washington Capitals
2026-01-18,2:00 PM,TBL,Tampa Bay Lightning,DAL,Dallas Stars
2026-01-18,5:00 PM,OTT,Ottawa Senators,DET,Detroit Red Wings
2026-01-18,8:00 PM,STL,St. Louis Blues,EDM,Edmonton Oilers
2026-01-19,10:00 PM,NYR,New York Rangers,ANA,Anaheim Ducks
2026-01-19,1:30 PM,BUF,Buffalo Sabres,CAR,Carolina Hurricanes
2026-01-19,9:00 PM,NJD,New Jersey Devils,CGY,Calgary Flames
2026-01-19,8:30 PM,WPG,Winnipeg Jets,CHI,Chicago Blackhawks
2026-01-19,4:00 PM,WSH,Washington Capitals,COL,Colorado Avalanche
2026-01-19,7:00 PM,SJS,San Jose Sharks,FLA,Florida Panthers
2026-01-19,5:00 PM,PIT,Pittsburgh Penguins,SEA,Seattle Kraken
2026-01-19,7:30 PM,MIN,Minnesota Wild,TOR,Toronto Maple Leafs
2026-01-19,10:00 PM,NYI,New York Islanders,VAN,Vancouver Canucks
2026-01-19,8:00 PM,PHI,Philadelphia Flyers,VGK,Vegas Golden Knights
2026-01-20,7:00 PM,OTT,Ottawa Senators,CBJ,Columbus Blue Jackets
2026-01-20,7:30 PM,BOS,Boston Bruins,DAL,Dallas Stars
2026-01-20,10:00 PM,NJD,New Jersey Devils,EDM,Edmonton Oilers
2026-01-20,10:00 PM,NYR,New York Rangers,LAK,Los Angeles Kings
2026-01-20,7:00 PM,MIN,Minnesota Wild,MTL,Montreal Canadiens
2026-01-20,8:00 PM,BUF,Buffalo Sabres,NSH,Nashville Predators
2026-01-20,7:00 PM,SJS,San Jose Sharks,TBL,Tampa Bay Lightning
2026-01-20,8:00 PM,STL,St. Louis Blues,WPG,Winnipeg Jets
2026-01-21,9:30 PM,PIT,Pittsburgh Penguins,CGY,Calgary Flames
2026-01-21,9:00 PM,ANA,Anaheim Ducks,COL,Colorado Avalanche
2026-01-21,9:30 PM,NYI,New York Islanders,SEA,Seattle Kraken
2026-01-21,7:00 PM,DET,Detroit Red Wings,TOR,Toronto Maple Leafs
2026-01-21,9:00 PM,PHI,Philadelphia Flyers,UTA,Utah Mammoth
2026-01-21,10:00 PM,WSH,Washington Capitals,VAN,Vancouver Canucks
2026-01-22,7:00 PM,VGK,Vegas Golden Knights,BOS,Boston Bruins
2026-01-22,7:00 PM,CHI,Chicago Blackhawks,CAR,Carolina Hurricanes
2026-01-22,7:00 PM,DAL,Dallas Stars,CBJ,Columbus Blue Jackets
2026-01-22,9:00 PM,PIT,Pittsburgh Penguins,EDM,Edmonton Oilers
2026-01-22,9:30 PM,DET,Detroit Red Wings,MIN,Minnesota Wild
2026-01-22,7:00 PM,BUF,Buffalo Sabres,MTL,Montreal Canadiens
2026-01-22,8:00 PM,OTT,Ottawa Senators,NSH,Nashville Predators
2026-01-22,8:00 PM,FLA,Florida Panthers,WPG,Winnipeg Jets
2026-01-23,9:00 PM,WSH,Washington Capitals,CGY,Calgary Flames
2026-01-23,7:00 PM,TBL,Tampa Bay Lightning,CHI,Chicago Blackhawks
2026-01-23,9:00 PM,PHI,Philadelphia Flyers,COL,Colorado Avalanche
2026-01-23,8:00 PM,STL,St. Louis Blues,DAL,Dallas Stars
2026-01-23,10:00 PM,ANA,Anaheim Ducks,SEA,Seattle Kraken
2026-01-23,10:00 PM,NYR,New York Rangers,SJS,San Jose Sharks
2026-01-23,7:00 PM,VGK,Vegas Golden Knights,TOR,Toronto Maple Leafs
2026-01-23,10:00 PM,NJD,New Jersey Devils,VAN,Vancouver Canucks
2026-01-24,7:00 PM,MTL,Montreal Canadiens,BOS,Boston Bruins
2026-01-24,7:00 PM,TBL,Tampa Bay Lightning,CBJ,Columbus Blue Jackets
2026-01-24,10:00 PM,WSH,Washington Capitals,EDM,Edmonton Oilers
2026-01-24,9:00 PM,FLA,Florida Panthers,MIN,Minnesota Wild
2026-01-24,3:30 PM,UTA,Utah Mammoth,NSH,Nashville Predators
2026-01-24,1:00 PM,BUF,Buffalo Sabres,NYI,New York Islanders
2026-01-24,7:00 PM,CAR,Carolina Hurricanes,OTT,Ottawa Senators
2026-01-24,8:00 PM,LAK,Los Angeles Kings,STL,St. Louis Blues
2026-01-24,7:00 PM,DET,Detroit Red Wings,WPG,Winnipeg Jets
2026-01-25,8:00 PM,ANA,Anaheim Ducks,CGY,Calgary Flames
2026-01-25,7:00 PM,FLA,Florida Panthers,CHI,Chicago Blackhawks
2026-01-25,5:00 PM,VGK,Vegas Golden Knights,OTT,Ottawa Senators
2026-01-25,4:00 PM,NJD,New Jersey Devils,SEA,Seattle Kraken
2026-01-25,1:30 PM,COL,Colorado Avalanche,TOR,Toronto Maple Leafs
2026-01-25,6:00 PM,PIT,Pittsburgh Penguins,VAN,Vancouver Canucks
2026-01-26,7:00 PM,LAK,Los Angeles Kings,CBJ,Columbus Blue Jackets
2026-01-26,8:30 PM,ANA,Anaheim Ducks,EDM,Edmonton Oilers
2026-01-26,7:00 PM,BOS,Boston Bruins,NYR,New York Rangers
2026-01-26,7:00 PM,NYI,New York Islanders,PHI,Philadelphia Flyers
2026-01-26,7:00 PM,UTA,Utah Mammoth,TBL,Tampa Bay Lightning
2026-01-27,7:00 PM,NSH,Nashville Predators,BOS,Boston Bruins
2026-01-27,7:00 PM,LAK,Los Angeles Kings,DET,Detroit Red Wings
2026-01-27,7:00 PM,UTA,Utah Mammoth,FLA,Florida Panthers
2026-01-27,8:00 PM,CHI,Chicago Blackhawks,MIN,Minnesota Wild
2026-01-27,7:00 PM,VGK,Vegas Golden Knights,MTL,Montreal Canadiens
2026-01-27,7:00 PM,WPG,Winnipeg Jets,NJD,New Jersey Devils
2026-01-27,10:00 PM,WSH,Washington Capitals,SEA,Seattle Kraken
2026-01-27,8:00 PM,DAL,Dallas Stars,STL,St. Louis Blues
2026-01-27,7:00 PM,BUF,Buffalo Sabres,TOR,Toronto Maple Leafs
2026-01-27,10:00 PM,SJS,San Jose Sharks,VAN,Vancouver Canucks
2026-01-28,7:00 PM,PHI,Philadelphia Flyers,CBJ,Columbus Blue Jackets
2026-01-28,7:30 PM,NYR,New York Rangers,NYI,New York Islanders
2026-01-28,7:30 PM,COL,Colorado Avalanche,OTT,Ottawa Senators
2026-01-29,7:00 PM,PHI,Philadelphia Flyers,BOS,Boston Bruins
2026-01-29,7:00 PM,LAK,Los Angeles Kings,BUF,Buffalo Sabres
2026-01-29,7:00 PM,UTA,Utah Mammoth,CAR,Carolina Hurricanes
2026-01-29,7:30 PM,WSH,Washington Capitals,DET,Detroit Red Wings
2026-01-29,9:00 PM,SJS,San Jose Sharks,EDM,Edmonton Oilers
2026-01-29,8:00 PM,CGY,Calgary Flames,MIN,Minnesota Wild
2026-01-29,7:00 PM,COL,Colorado Avalanche,MTL,Montreal Canadiens
2026-01-29,7:00 PM,NSH,Nashville Predators,NJD,New Jersey Devils
2026-01-29,7:00 PM,NYI,New York Islanders,NYR,New York Rangers
2026-01-29,7:00 PM,CHI,Chicago Blackhawks,PIT,Pittsburgh Penguins
2026-01-29,10:00 PM,TOR,Toronto Maple Leafs,SEA,Seattle Kraken
2026-01-29,8:00 PM,FLA,Florida Panthers,STL,St. Louis Blues
2026-01-29,7:00 PM,WPG,Winnipeg Jets,TBL,Tampa Bay Lightning
2026-01-29,10:00 PM,ANA,Anaheim Ducks,VAN,Vancouver Canucks
2026-01-29,10:00 PM,DAL,Dallas Stars,VGK,Vegas Golden Knights
2026-01-30,8:30 PM,CBJ,Columbus Blue Jackets,CHI,Chicago Blackhawks
2026-01-31,7:00 PM,MTL,Montreal Canadiens,BUF,Buffalo Sabres
2026-01-31,4:00 PM,SJS,San Jose Sharks,CGY,Calgary Flames
2026-01-31,1:00 PM,COL,Colorado Avalanche,DET,Detroit Red Wings
2026-01-31,10:00 PM,MIN,Minnesota Wild,EDM,Edmonton Oilers
2026-01-31,4:00 PM,WPG,Winnipeg Jets,FLA,Florida Panthers
2026-01-31,7:00 PM,NSH,Nashville Predators,NYI,New York Islanders
2026-01-31,7:00 PM,NJD,New Jersey Devils,OTT,Ottawa Senators
2026-01-31,12:30 PM,LAK,Los Angeles Kings,PHI,Philadelphia Flyers
2026-01-31,3:30 PM,NYR,New York Rangers,PIT,Pittsburgh Penguins
2026-01-31,7:00 PM,CBJ,Columbus Blue Jackets,STL,St. Louis Blues
2026-01-31,9:00 PM,DAL,Dallas Stars,UTA,Utah Mammoth
2026-01-31,7:00 PM,TOR,Toronto Maple Leafs,VAN,Vancouver Canucks
2026-01-31,10:00 PM,SEA,Seattle Kraken,VGK,Vegas Golden Knights
2026-01-31,5:00 PM,CAR,Carolina Hurricanes,WSH,Washington Capitals
2026-02-01,9:30 PM,VGK,Vegas Golden Knights,ANA,Anaheim Ducks
2026-02-01,3:00 PM,LAK,Los Angeles Kings,CAR,Carolina Hurricanes
2026-02-02,10:00 PM,TOR,Toronto Maple Leafs,CGY,Calgary Flames
2026-02-02,8:30 PM,SJS,San Jose Sharks,CHI,Chicago Blackhawks
2026-02-02,9:00 PM,DET,Detroit Red Wings,COL,Colorado Avalanche
2026-02-02,8:30 PM,WPG,Winnipeg Jets,DAL,Dallas Stars
2026-02-02,7:00 PM,BUF,Buffalo Sabres,FLA,Florida Panthers
2026-02-02,7:30 PM,MTL,Montreal Canadiens,MIN,Minnesota Wild
2026-02-02,8:00 PM,STL,St. Louis Blues,NSH,Nashville Predators
2026-02-02,7:00 PM,OTT,Ottawa Senators,PIT,Pittsburgh Penguins
2026-02-02,9:30 PM,VAN,Vancouver Canucks,UTA,Utah Mammoth
2026-02-02,7:00 PM,NYI,New York Islanders,WSH,Washington Capitals
2026-02-03,10:00 PM,SEA,Seattle Kraken,ANA,Anaheim Ducks
2026-02-03,7:00 PM,OTT,Ottawa Senators,CAR,Carolina Hurricanes
2026-02-03,8:30 PM,TOR,Toronto Maple Leafs,EDM,Edmonton Oilers
2026-02-03,7:00 PM,CBJ,Columbus Blue Jackets,NJD,New Jersey Devils
2026-02-03,7:30 PM,PIT,Pittsburgh Penguins,NYI,New York Islanders
2026-02-03,7:00 PM,WSH,Washington Capitals,PHI,Philadelphia Flyers
2026-02-03,7:30 PM,BUF,Buffalo Sabres,TBL,Tampa Bay Lightning
2026-02-04,7:00 PM,CHI,Chicago Blackhawks,CBJ,Columbus Blue Jackets
2026-02-04,10:00 PM,EDM,Edmonton Oilers,CGY,Calgary Flames
2026-02-04,9:00 PM,SJS,San Jose Sharks,COL,Colorado Avalanche
2026-02-04,9:30 PM,STL,St. Louis Blues,DAL,Dallas Stars
2026-02-04,7:00 PM,BOS,Boston Bruins,FLA,Florida Panthers
2026-02-04,10:00 PM,SEA,Seattle Kraken,LAK,Los Angeles Kings
2026-02-04,8:00 PM,MIN,Minnesota Wild,NSH,Nashville Predators
2026-02-04,9:00 PM,DET,Detroit Red Wings,UTA,Utah Mammoth
2026-02-04,10:00 PM,VAN,Vancouver Canucks,VGK,Vegas Golden Knights
2026-02-04,7:00 PM,MTL,Montreal Canadiens,WPG,Winnipeg Jets
2026-02-05,7:00 PM,PIT,Pittsburgh Penguins,BUF,Buffalo Sabres
2026-02-05,7:00 PM,NYI,New York Islanders,NJD,New Jersey Devils
2026-02-05,7:00 PM,CAR,Carolina Hurricanes,NYR,New York Rangers
2026-02-05,7:00 PM,OTT,Ottawa Senators,PHI,Philadelphia Flyers
2026-02-05,7:30 PM,FLA,Florida Panthers,TBL,Tampa Bay Lightning
2026-02-05,10:00 PM,LAK,Los Angeles Kings,VGK,Vegas Golden Knights
2026-02-05,7:00 PM,NSH,Nashville Predators,WSH,Washington Capitals
2026-02-25,10:30 PM,EDM,Edmonton Oilers,ANA,Anaheim Ducks
2026-02-25,8:00 PM,SEA,Seattle Kraken,DAL,Dallas Stars
2026-02-25,10:00 PM,VGK,Vegas Golden Knights,LAK,Los Angeles Kings
2026-02-25,7:00 PM,BUF,Buffalo Sabres,NJD,New Jersey Devils
2026-02-25,7:30 PM,TOR,Toronto Maple Leafs,TBL,Tampa Bay Lightning
2026-02-25,9:00 PM,COL,Colorado Avalanche,UTA,Utah Mammoth
2026-02-25,10:00 PM,WPG,Winnipeg Jets,VAN,Vancouver Canucks
2026-02-25,7:00 PM,PHI,Philadelphia Flyers,WSH,Washington Capitals
2026-02-26,7:00 PM,CBJ,Columbus Blue Jackets,BOS,Boston Bruins
2026-02-26,7:00 PM,TBL,Tampa Bay Lightning,CAR,Carolina Hurricanes
2026-02-26,9:00 PM,MIN,Minnesota Wild,COL,Colorado Avalanche
2026-02-26,7:00 PM,TOR,Toronto Maple Leafs,FLA,Florida Panthers
2026-02-26,10:30 PM,EDM,Edmonton Oilers,LAK,Los Angeles Kings
2026-02-26,7:00 PM,NYI,New York Islanders,MTL,Montreal Canadiens
2026-02-26,8:00 PM,CHI,Chicago Blackhawks,NSH,Nashville Predators
2026-02-26,8:00 PM,PHI,Philadelphia Flyers,NYR,New York Rangers
2026-02-26,7:00 PM,DET,Detroit Red Wings,OTT,Ottawa Senators
2026-02-26,7:00 PM,NJD,New Jersey Devils,PIT,Pittsburgh Penguins
2026-02-26,10:00 PM,CGY,Calgary Flames,SJS,San Jose Sharks
2026-02-26,8:00 PM,SEA,Seattle Kraken,STL,St. Louis Blues
2026-02-27,10:00 PM,WPG,Winnipeg Jets,ANA,Anaheim Ducks
2026-02-27,7:00 PM,BUF,Buffalo Sabres,FLA,Florida Panthers
2026-02-27,9:00 PM,MIN,Minnesota Wild,UTA,Utah Mammoth
2026-02-27,7:00 PM,VGK,Vegas Golden Knights,WSH,Washington Capitals
2026-02-28,7:00 PM,DET,Detroit Red Wings,CAR,Carolina Hurricanes
2026-02-28,6:00 PM,NYI,New York Islanders,CBJ,Columbus Blue Jackets
2026-02-28,6:00 PM,CHI,Chicago Blackhawks,COL,Colorado Avalanche
2026-02-28,8:00 PM,NSH,Nashville Predators,DAL,Dallas Stars
2026-02-28,7:00 PM,CGY,Calgary Flames,LAK,Los Angeles Kings
2026-02-28,7:00 PM,WSH,Washington Capitals,MTL,Montreal Canadiens
2026-02-28,12:30 PM,PIT,Pittsburgh Penguins,NYR,New York Rangers
2026-02-28,3:00 PM,BOS,Boston Bruins,PHI,Philadelphia Flyers
2026-02-28,10:00 PM,VAN,Vancouver Canucks,SEA,Seattle Kraken
2026-02-28,4:00 PM,EDM,Edmonton Oilers,SJS,San Jose Sharks
2026-02-28,5:00 PM,NJD,New Jersey Devils,STL,St. Louis Blues
2026-02-28,7:00 PM,BUF,Buffalo Sabres,TBL,Tampa Bay Lightning
2026-02-28,7:00 PM,OTT,Ottawa Senators,TOR,Toronto Maple Leafs
2026-03-01,8:00 PM,CGY,Calgary Flames,ANA,Anaheim Ducks
2026-03-01,5:00 PM,STL,St. Louis Blues,MIN,Minnesota Wild
2026-03-01,6:30 PM,FLA,Florida Panthers,NYI,New York Islanders
2026-03-01,1:00 PM,VGK,Vegas Golden Knights,PIT,Pittsburgh Penguins
2026-03-01,4:00 PM,WPG,Winnipeg Jets,SJS,San Jose Sharks
2026-03-01,4:00 PM,CHI,Chicago Blackhawks,UTA,Utah Mammoth
2026-03-02,10:30 PM,COL,Colorado Avalanche,LAK,Los Angeles Kings
2026-03-02,8:00 PM,DET,Detroit Red Wings,NSH,Nashville Predators
2026-03-02,7:00 PM,CBJ,Columbus Blue Jackets,NYR,New York Rangers
2026-03-02,10:00 PM,CAR,Carolina Hurricanes,SEA,Seattle Kraken
2026-03-02,7:30 PM,PHI,Philadelphia Flyers,TOR,Toronto Maple Leafs
2026-03-02,10:00 PM,DAL,Dallas Stars,VAN,Vancouver Canucks
2026-03-03,10:00 PM,COL,Colorado Avalanche,ANA,Anaheim Ducks
2026-03-03,7:00 PM,PIT,Pittsburgh Penguins,BOS,Boston Bruins
2026-03-03,7:00 PM,VGK,Vegas Golden Knights,BUF,Buffalo Sabres
2026-03-03,7:00 PM,NSH,Nashville Predators,CBJ,Columbus Blue Jackets
2026-03-03,9:00 PM,DAL,Dallas Stars,CGY,Calgary Flames
2026-03-03,9:00 PM,OTT,Ottawa Senators,EDM,Edmonton Oilers
2026-03-03,9:30 PM,TBL,Tampa Bay Lightning,MIN,Minnesota Wild
2026-03-03,7:00 PM,FLA,Florida Panthers,NJD,New Jersey Devils
2026-03-03,10:00 PM,MTL,Montreal Canadiens,SJS,San Jose Sharks
2026-03-03,8:00 PM,CHI,Chicago Blackhawks,WPG,Winnipeg Jets
2026-03-03,7:00 PM,UTA,Utah Mammoth,WSH,Washington Capitals
2026-03-04,10:00 PM,NYI,New York Islanders,ANA,Anaheim Ducks
2026-03-04,7:00 PM,VGK,Vegas Golden Knights,DET,Detroit Red Wings
2026-03-04,7:00 PM,TOR,Toronto Maple Leafs,NJD,New Jersey Devils
2026-03-04,10:00 PM,STL,St. Louis Blues,SEA,Seattle Kraken
2026-03-04,10:00 PM,CAR,Carolina Hurricanes,VAN,Vancouver Canucks
2026-03-05,7:00 PM,FLA,Florida Panthers,CBJ,Columbus Blue Jackets
2026-03-05,9:00 PM,OTT,Ottawa Senators,CGY,Calgary Flames
2026-03-05,9:30 PM,NYI,New York Islanders,LAK,Los Angeles Kings
2026-03-05,8:00 PM,BOS,Boston Bruins,NSH,Nashville Predators
2026-03-05,7:00 PM,TOR,Toronto Maple Leafs,NYR,New York Rangers
2026-03-05,7:00 PM,UTA,Utah Mammoth,PHI,Philadelphia Flyers
2026-03-05,7:00 PM,BUF,Buffalo Sabres,PIT,Pittsburgh Penguins
2026-03-05,8:00 PM,TBL,Tampa Bay Lightning,WPG,Winnipeg Jets
2026-03-06,9:00 PM,MTL,Montreal Canadiens,ANA,Anaheim Ducks
2026-03-06,8:30 PM,VAN,Vancouver Canucks,CHI,Chicago Blackhawks
2026-03-06,8:00 PM,COL,Colorado Avalanche,DAL,Dallas Stars
2026-03-06,7:00 PM,FLA,Florida Panthers,DET,Detroit Red Wings
2026-03-06,9:00 PM,CAR,Carolina Hurricanes,EDM,Edmonton Oilers
2026-03-06,10:00 PM,STL,St. Louis Blues,SJS,San Jose Sharks
2026-03-06,10:00 PM,MIN,Minnesota Wild,VGK,Vegas Golden Knights
2026-03-07,12:30 PM,WSH,Washington Capitals,BOS,Boston Bruins
2026-03-07,5:30 PM,NSH,Nashville Predators,BUF,Buffalo Sabres
2026-03-07,7:00 PM,UTA,Utah Mammoth,CBJ,Columbus Blue Jackets
2026-03-07,10:00 PM,CAR,Carolina Hurricanes,CGY,Calgary Flames
2026-03-07,7:00 PM,MTL,Montreal Canadiens,LAK,Los Angeles Kings
2026-03-07,3:00 PM,NYR,New York Rangers,NJD,New Jersey Devils
2026-03-07,5:30 PM,PHI,Philadelphia Flyers,PIT,Pittsburgh Penguins
2026-03-07,10:00 PM,OTT,Ottawa Senators,SEA,Seattle Kraken
2026-03-07,10:00 PM,NYI,New York Islanders,SJS,San Jose Sharks
2026-03-07,7:00 PM,TBL,Tampa Bay Lightning,TOR,Toronto Maple Leafs
2026-03-07,7:00 PM,VAN,Vancouver Canucks,WPG,Winnipeg Jets
2026-03-08,9:00 PM,STL,St. Louis Blues,ANA,Anaheim Ducks
2026-03-08,6:00 PM,TBL,Tampa Bay Lightning,BUF,Buffalo Sabres
2026-03-08,2:00 PM,MIN,Minnesota Wild,COL,Colorado Avalanche
2026-03-08,6:00 PM,CHI,Chicago Blackhawks,DAL,Dallas Stars
2026-03-08,7:00 PM,DET,Detroit Red Wings,NJD,New Jersey Devils
2026-03-08,4:30 PM,BOS,Boston Bruins,PIT,Pittsburgh Penguins
2026-03-08,9:30 PM,EDM,Edmonton Oilers,VGK,Vegas Golden Knights
2026-03-09,8:30 PM,UTA,Utah Mammoth,CHI,Chicago Blackhawks
2026-03-09,7:00 PM,NYR,New York Rangers,PHI,Philadelphia Flyers
2026-03-09,9:00 PM,OTT,Ottawa Senators,VAN,Vancouver Canucks
2026-03-09,7:00 PM,CGY,Calgary Flames,WSH,Washington Capitals
2026-03-10,7:00 PM,LAK,Los Angeles Kings,BOS,Boston Bruins
2026-03-10,7:00 PM,SJS,San Jose Sharks,BUF,Buffalo Sabres
2026-03-10,7:00 PM,PIT,Pittsburgh Penguins,CAR,Carolina Hurricanes
2026-03-10,10:00 PM,EDM,Edmonton Oilers,COL,Colorado Avalanche
2026-03-10,8:00 PM,VGK,Vegas Golden Knights,DAL,Dallas Stars
2026-03-10,7:00 PM,DET,Detroit Red Wings,FLA,Florida Panthers
2026-03-10,8:00 PM,UTA,Utah Mammoth,MIN,Minnesota Wild
2026-03-10,7:00 PM,TOR,Toronto Maple Leafs,MTL,Montreal Canadiens
2026-03-10,7:00 PM,CGY,Calgary Flames,NYR,New York Rangers
2026-03-10,10:00 PM,NSH,Nashville Predators,SEA,Seattle Kraken
2026-03-10,7:30 PM,NYI,New York Islanders,STL,St. Louis Blues
2026-03-10,7:00 PM,CBJ,Columbus Blue Jackets,TBL,Tampa Bay Lightning
2026-03-10,8:30 PM,ANA,Anaheim Ducks,WPG,Winnipeg Jets
2026-03-11,7:30 PM,MTL,Montreal Canadiens,OTT,Ottawa Senators
2026-03-11,7:30 PM,WSH,Washington Capitals,PHI,Philadelphia Flyers
2026-03-12,7:00 PM,SJS,San Jose Sharks,BOS,Boston Bruins
2026-03-12,7:00 PM,WSH,Washington Capitals,BUF,Buffalo Sabres
2026-03-12,7:00 PM,STL,St. Louis Blues,CAR,Carolina Hurricanes
2026-03-12,8:00 PM,EDM,Edmonton Oilers,DAL,Dallas Stars
2026-03-12,7:00 PM,CBJ,Columbus Blue Jackets,FLA,Florida Panthers
2026-03-12,8:00 PM,PHI,Philadelphia Flyers,MIN,Minnesota Wild
2026-03-12,7:00 PM,CGY,Calgary Flames,NJD,New Jersey Devils
2026-03-12,10:00 PM,COL,Colorado Avalanche,SEA,Seattle Kraken
2026-03-12,7:00 PM,DET,Detroit Red Wings,TBL,Tampa Bay Lightning
2026-03-12,7:00 PM,ANA,Anaheim Ducks,TOR,Toronto Maple Leafs
2026-03-12,9:00 PM,CHI,Chicago Blackhawks,UTA,Utah Mammoth
2026-03-12,10:00 PM,NSH,Nashville Predators,VAN,Vancouver Canucks
2026-03-12,10:00 PM,PIT,Pittsburgh Penguins,VGK,Vegas Golden Knights
2026-03-12,8:00 PM,NYR,New York Rangers,WPG,Winnipeg Jets
2026-03-13,7:00 PM,LAK,Los Angeles Kings,NYI,New York Islanders
2026-03-13,8:00 PM,EDM,Edmonton Oilers,STL,St. Louis Blues
2026-03-14,7:00 PM,TOR,Toronto Maple Leafs,BUF,Buffalo Sabres
2026-03-14,8:00 PM,DET,Detroit Red Wings,DAL,Dallas Stars
2026-03-14,6:00 PM,NYR,New York Rangers,MIN,Minnesota Wild
2026-03-14,7:00 PM,SJS,San Jose Sharks,MTL,Montreal Canadiens
2026-03-14,7:00 PM,LAK,Los Angeles Kings,NJD,New Jersey Devils
2026-03-14,7:00 PM,CGY,Calgary Flames,NYI,New York Islanders
2026-03-14,1:00 PM,ANA,Anaheim Ducks,OTT,Ottawa Senators
2026-03-14,7:30 PM,CBJ,Columbus Blue Jackets,PHI,Philadelphia Flyers
2026-03-14,7:00 PM,CAR,Carolina Hurricanes,TBL,Tampa Bay Lightning
2026-03-14,9:00 PM,PIT,Pittsburgh Penguins,UTA,Utah Mammoth
2026-03-14,10:00 PM,SEA,Seattle Kraken,VAN,Vancouver Canucks
2026-03-14,10:00 PM,CHI,Chicago Blackhawks,VGK,Vegas Golden Knights
2026-03-14,4:00 PM,COL,Colorado Avalanche,WPG,Winnipeg Jets
2026-03-14,3:00 PM,BOS,Boston Bruins,WSH,Washington Capitals
2026-03-15,8:00 PM,NSH,Nashville Predators,EDM,Edmonton Oilers
2026-03-15,7:30 PM,TOR,Toronto Maple Leafs,MIN,Minnesota Wild
2026-03-15,7:00 PM,ANA,Anaheim Ducks,MTL,Montreal Canadiens
2026-03-15,5:00 PM,SJS,San Jose Sharks,OTT,Ottawa Senators
2026-03-15,8:00 PM,FLA,Florida Panthers,SEA,Seattle Kraken
2026-03-15,3:00 PM,STL,St. Louis Blues,WPG,Winnipeg Jets
2026-03-16,9:30 PM,PIT,Pittsburgh Penguins,COL,Colorado Avalanche
2026-03-16,8:00 PM,UTA,Utah Mammoth,DAL,Dallas Stars
2026-03-16,7:00 PM,CGY,Calgary Flames,DET,Detroit Red Wings
2026-03-16,7:00 PM,BOS,Boston Bruins,NJD,New Jersey Devils
2026-03-16,7:00 PM,LAK,Los Angeles Kings,NYR,New York Rangers
2026-03-17,7:00 PM,CAR,Carolina Hurricanes,CBJ,Columbus Blue Jackets
2026-03-17,7:30 PM,MIN,Minnesota Wild,CHI,Chicago Blackhawks
2026-03-17,9:00 PM,SJS,San Jose Sharks,EDM,Edmonton Oilers
2026-03-17,7:00 PM,BOS,Boston Bruins,MTL,Montreal Canadiens
2026-03-17,10:00 PM,TBL,Tampa Bay Lightning,SEA,Seattle Kraken
2026-03-17,7:00 PM,NYI,New York Islanders,TOR,Toronto Maple Leafs
2026-03-17,10:00 PM,FLA,Florida Panthers,VAN,Vancouver Canucks
2026-03-17,10:00 PM,BUF,Buffalo Sabres,VGK,Vegas Golden Knights
2026-03-17,8:00 PM,NSH,Nashville Predators,WPG,Winnipeg Jets
2026-03-18,10:00 PM,PHI,Philadelphia Flyers,ANA,Anaheim Ducks
2026-03-18,7:00 PM,PIT,Pittsburgh Penguins,CAR,Carolina Hurricanes
2026-03-18,9:30 PM,STL,St. Louis Blues,CGY,Calgary Flames
2026-03-18,9:30 PM,DAL,Dallas Stars,COL,Colorado Avalanche
2026-03-18,7:00 PM,NJD,New Jersey Devils,NYR,New York Rangers
2026-03-18,7:30 PM,OTT,Ottawa Senators,WSH,Washington Capitals
2026-03-19,7:00 PM,WPG,Winnipeg Jets,BOS,Boston Bruins
2026-03-19,7:00 PM,NYR,New York Rangers,CBJ,Columbus Blue Jackets
2026-03-19,7:00 PM,MTL,Montreal Canadiens,DET,Detroit Red Wings
2026-03-19,9:00 PM,FLA,Florida Panthers,EDM,Edmonton Oilers
2026-03-19,10:30 PM,PHI,Philadelphia Flyers,LAK,Los Angeles Kings
2026-03-19,7:30 PM,CHI,Chicago Blackhawks,MIN,Minnesota Wild
2026-03-19,8:00 PM,SEA,Seattle Kraken,NSH,Nashville Predators
2026-03-19,7:00 PM,NYI,New York Islanders,OTT,Ottawa Senators
2026-03-19,10:00 PM,BUF,Buffalo Sabres,SJS,San Jose Sharks
2026-03-19,10:00 PM,TBL,Tampa Bay Lightning,VAN,Vancouver Canucks
2026-03-19,10:00 PM,UTA,Utah Mammoth,VGK,Vegas Golden Knights
2026-03-20,9:00 PM,FLA,Florida Panthers,CGY,Calgary Flames
2026-03-20,8:30 PM,COL,Colorado Avalanche,CHI,Chicago Blackhawks
2026-03-20,7:00 PM,CAR,Carolina Hurricanes,TOR,Toronto Maple Leafs
2026-03-20,10:00 PM,ANA,Anaheim Ducks,UTA,Utah Mammoth
2026-03-20,7:00 PM,NJD,New Jersey Devils,WSH,Washington Capitals
2026-03-21,5:00 PM,SEA,Seattle Kraken,CBJ,Columbus Blue Jackets
2026-03-21,8:00 PM,BOS,Boston Bruins,DET,Detroit Red Wings
2026-03-21,10:00 PM,TBL,Tampa Bay Lightning,EDM,Edmonton Oilers
2026-03-21,4:00 PM,BUF,Buffalo Sabres,LAK,Los Angeles Kings
2026-03-21,4:00 PM,DAL,Dallas Stars,MIN,Minnesota Wild
2026-03-21,7:00 PM,NYI,New York Islanders,MTL,Montreal Canadiens
2026-03-21,2:00 PM,VGK,Vegas Golden Knights,NSH,Nashville Predators
2026-03-21,7:00 PM,TOR,Toronto Maple Leafs,OTT,Ottawa Senators
2026-03-21,1:00 PM,WPG,Winnipeg Jets,PIT,Pittsburgh Penguins
2026-03-21,4:00 PM,PHI,Philadelphia Flyers,SJS,San Jose Sharks
2026-03-21,7:00 PM,STL,St. Louis Blues,VAN,Vancouver Canucks
2026-03-22,8:00 PM,BUF,Buffalo Sabres,ANA,Anaheim Ducks
2026-03-22,8:00 PM,TBL,Tampa Bay Lightning,CGY,Calgary Flames
2026-03-22,3:00 PM,NSH,Nashville Predators,CHI,Chicago Blackhawks
2026-03-22,7:00 PM,VGK,Vegas Golden Knights,DAL,Dallas Stars
2026-03-22,7:00 PM,CBJ,Columbus Blue Jackets,NYI,New York Islanders
2026-03-22,12:00 PM,WPG,Winnipeg Jets,NYR,New York Rangers
2026-03-22,3:00 PM,CAR,Carolina Hurricanes,PIT,Pittsburgh Penguins
2026-03-22,9:00 PM,LAK,Los Angeles Kings,UTA,Utah Mammoth
2026-03-22,12:30 PM,COL,Colorado Avalanche,WSH,Washington Capitals
2026-03-23,7:30 PM,OTT,Ottawa Senators,NYR,New York Rangers
2026-03-24,7:00 PM,TOR,Toronto Maple Leafs,BOS,Boston Bruins
2026-03-24,9:00 PM,LAK,Los Angeles Kings,CGY,Calgary Flames
2026-03-24,8:00 PM,NJD,New Jersey Devils,DAL,Dallas Stars
2026-03-24,7:00 PM,OTT,Ottawa Senators,DET,Detroit Red Wings
2026-03-24,7:00 PM,SEA,Seattle Kraken,FLA,Florida Panthers
2026-03-24,7:00 PM,CAR,Carolina Hurricanes,MTL,Montreal Canadiens
2026-03-24,8:00 PM,SJS,San Jose Sharks,NSH,Nashville Predators
2026-03-24,7:00 PM,CHI,Chicago Blackhawks,NYI,New York Islanders
2026-03-24,7:00 PM,CBJ,Columbus Blue Jackets,PHI,Philadelphia Flyers
2026-03-24,7:00 PM,COL,Colorado Avalanche,PIT,Pittsburgh Penguins
2026-03-24,8:00 PM,WSH,Washington Capitals,STL,St. Louis Blues
2026-03-24,7:30 PM,MIN,Minnesota Wild,TBL,Tampa Bay Lightning
2026-03-24,9:30 PM,EDM,Edmonton Oilers,UTA,Utah Mammoth
2026-03-24,10:00 PM,ANA,Anaheim Ducks,VAN,Vancouver Canucks
2026-03-24,8:00 PM,VGK,Vegas Golden Knights,WPG,Winnipeg Jets
2026-03-25,7:00 PM,BOS,Boston Bruins,BUF,Buffalo Sabres
2026-03-25,7:30 PM,NYR,New York Rangers,TOR,Toronto Maple Leafs
2026-03-26,9:00 PM,ANA,Anaheim Ducks,CGY,Calgary Flames
2026-03-26,7:00 PM,MIN,Minnesota Wild,FLA,Florida Panthers
2026-03-26,7:00 PM,CBJ,Columbus Blue Jackets,MTL,Montreal Canadiens
2026-03-26,8:00 PM,NJD,New Jersey Devils,NSH,Nashville Predators
2026-03-26,7:00 PM,DAL,Dallas Stars,NYI,New York Islanders
2026-03-26,7:00 PM,PIT,Pittsburgh Penguins,OTT,Ottawa Senators
2026-03-26,7:00 PM,CHI,Chicago Blackhawks,PHI,Philadelphia Flyers
2026-03-26,8:00 PM,SJS,San Jose Sharks,STL,St. Louis Blues
2026-03-26,7:00 PM,SEA,Seattle Kraken,TBL,Tampa Bay Lightning
2026-03-26,9:00 PM,WSH,Washington Capitals,UTA,Utah Mammoth
2026-03-26,10:00 PM,LAK,Los Angeles Kings,VAN,Vancouver Canucks
2026-03-26,9:30 PM,EDM,Edmonton Oilers,VGK,Vegas Golden Knights
2026-03-26,8:00 PM,COL,Colorado Avalanche,WPG,Winnipeg Jets
2026-03-27,7:00 PM,DET,Detroit Red Wings,BUF,Buffalo Sabres
2026-03-27,7:00 PM,CHI,Chicago Blackhawks,NYR,New York Rangers
2026-03-28,5:00 PM,MIN,Minnesota Wild,BOS,Boston Bruins
2026-03-28,5:30 PM,SEA,Seattle Kraken,BUF,Buffalo Sabres
2026-03-28,5:00 PM,NJD,New Jersey Devils,CAR,Carolina Hurricanes
2026-03-28,5:00 PM,SJS,San Jose Sharks,CBJ,Columbus Blue Jackets
2026-03-28,10:00 PM,VAN,Vancouver Canucks,CGY,Calgary Flames
2026-03-28,7:00 PM,WPG,Winnipeg Jets,COL,Colorado Avalanche
2026-03-28,8:00 PM,PHI,Philadelphia Flyers,DET,Detroit Red Wings
2026-03-28,3:30 PM,ANA,Anaheim Ducks,EDM,Edmonton Oilers
2026-03-28,9:00 PM,UTA,Utah Mammoth,LAK,Los Angeles Kings
2026-03-28,7:00 PM,MTL,Montreal Canadiens,NSH,Nashville Predators
2026-03-28,1:00 PM,FLA,Florida Panthers,NYI,New York Islanders
2026-03-28,5:00 PM,DAL,Dallas Stars,PIT,Pittsburgh Penguins
2026-03-28,7:00 PM,TOR,Toronto Maple Leafs,STL,St. Louis Blues
2026-03-28,1:00 PM,OTT,Ottawa Senators,TBL,Tampa Bay Lightning
2026-03-28,10:30 PM,WSH,Washington Capitals,VGK,Vegas Golden Knights
2026-03-29,5:00 PM,MTL,Montreal Canadiens,CAR,Carolina Hurricanes
2026-03-29,5:00 PM,BOS,Boston Bruins,CBJ,Columbus Blue Jackets
2026-03-29,7:00 PM,CHI,Chicago Blackhawks,NJD,New Jersey Devils
2026-03-29,1:00 PM,FLA,Florida Panthers,NYR,New York Rangers
2026-03-29,7:00 PM,DAL,Dallas Stars,PHI,Philadelphia Flyers
2026-03-29,5:00 PM,NSH,Nashville Predators,TBL,Tampa Bay Lightning
2026-03-30,10:00 PM,TOR,Toronto Maple Leafs,ANA,Anaheim Ducks
2026-03-30,8:30 PM,CGY,Calgary Flames,COL,Colorado Avalanche
2026-03-30,7:00 PM,PIT,Pittsburgh Penguins,NYI,New York Islanders
2026-03-30,10:00 PM,STL,St. Louis Blues,SJS,San Jose Sharks
2026-03-30,10:00 PM,VAN,Vancouver Canucks,VGK,Vegas Golden Knights
2026-03-31,7:00 PM,DAL,Dallas Stars,BOS,Boston Bruins
2026-03-31,7:00 PM,NYI,New York Islanders,BUF,Buffalo Sabres
2026-03-31,7:30 PM,CAR,Carolina Hurricanes,CBJ,Columbus Blue Jackets
2026-03-31,8:30 PM,WPG,Winnipeg Jets,CHI,Chicago Blackhawks
2026-03-31,9:00 PM,SEA,Seattle Kraken,EDM,Edmonton Oilers
2026-03-31,7:00 PM,OTT,Ottawa Senators,FLA,Florida Panthers
2026-03-31,7:00 PM,NJD,New Jersey Devils,NYR,New York Rangers
2026-03-31,7:00 PM,DET,Detroit Red Wings,PIT,Pittsburgh Penguins
2026-03-31,7:00 PM,MTL,Montreal Canadiens,TBL,Tampa Bay Lightning
2026-03-31,7:00 PM,PHI,Philadelphia Flyers,WSH,Washington Capitals
2026-04-01,8:30 PM,VAN,Vancouver Canucks,COL,Colorado Avalanche
2026-04-01,9:00 PM,STL,St. Louis Blues,LAK,Los Angeles Kings
2026-04-01,10:00 PM,ANA,Anaheim Ducks,SJS,San Jose Sharks
2026-04-02,7:00 PM,CBJ,Columbus Blue Jackets,CAR,Carolina Hurricanes
2026-04-02,8:00 PM,WPG,Winnipeg Jets,DAL,Dallas Stars
2026-04-02,9:00 PM,CHI,Chicago Blackhawks,EDM,Edmonton Oilers
2026-04-02,7:00 PM,BOS,Boston Bruins,FLA,Florida Panthers
2026-04-02,10:30 PM,NSH,Nashville Predators,LAK,Los Angeles Kings
2026-04-02,8:00 PM,VAN,Vancouver Canucks,MIN,Minnesota Wild
2026-04-02,7:30 PM,WSH,Washington Capitals,NJD,New Jersey Devils
2026-04-02,7:00 PM,MTL,Montreal Canadiens,NYR,New York Rangers
2026-04-02,7:00 PM,BUF,Buffalo Sabres,OTT,Ottawa Senators
2026-04-02,7:00 PM,DET,Detroit Red Wings,PHI,Philadelphia Flyers
2026-04-02,10:00 PM,UTA,Utah Mammoth,SEA,Seattle Kraken
2026-04-02,10:00 PM,TOR,Toronto Maple Leafs,SJS,San Jose Sharks
2026-04-02,7:00 PM,PIT,Pittsburgh Penguins,TBL,Tampa Bay Lightning
2026-04-02,10:00 PM,CGY,Calgary Flames,VGK,Vegas Golden Knights
2026-04-03,10:00 PM,STL,St. Louis Blues,ANA,Anaheim Ducks
2026-04-03,7:00 PM,PHI,Philadelphia Flyers,NYI,New York Islanders
2026-04-04,10:00 PM,CGY,Calgary Flames,ANA,Anaheim Ducks
2026-04-04,7:00 PM,NYI,New York Islanders,CAR,Carolina Hurricanes
2026-04-04,7:00 PM,WPG,Winnipeg Jets,CBJ,Columbus Blue Jackets
2026-04-04,3:00 PM,COL,Colorado Avalanche,DAL,Dallas Stars
2026-04-04,10:00 PM,VGK,Vegas Golden Knights,EDM,Edmonton Oilers
2026-04-04,7:00 PM,TOR,Toronto Maple Leafs,LAK,Los Angeles Kings
2026-04-04,7:00 PM,MTL,Montreal Canadiens,NJD,New Jersey Devils
2026-04-04,12:30 PM,DET,Detroit Red Wings,NYR,New York Rangers
2026-04-04,1:00 PM,MIN,Minnesota Wild,OTT,Ottawa Senators
2026-04-04,5:00 PM,FLA,Florida Panthers,PIT,Pittsburgh Penguins
2026-04-04,10:00 PM,CHI,Chicago Blackhawks,SEA,Seattle Kraken
2026-04-04,10:00 PM,NSH,Nashville Predators,SJS,San Jose Sharks
2026-04-04,5:00 PM,BOS,Boston Bruins,TBL,Tampa Bay Lightning
2026-04-04,7:00 PM,UTA,Utah Mammoth,VAN,Vancouver Canucks
2026-04-04,7:00 PM,BUF,Buffalo Sabres,WSH,Washington Capitals
2026-04-05,9:30 PM,STL,St. Louis Blues,COL,Colorado Avalanche
2026-04-05,1:00 PM,MIN,Minnesota Wild,DET,Detroit Red Wings
2026-04-05,7:00 PM,NJD,New Jersey Devils,MTL,Montreal Canadiens
2026-04-05,7:00 PM,WSH,Washington Capitals,NYR,New York Rangers
2026-04-05,5:00 PM,CAR,Carolina Hurricanes,OTT,Ottawa Senators
2026-04-05,3:30 PM,BOS,Boston Bruins,PHI,Philadelphia Flyers
2026-04-05,3:00 PM,FLA,Florida Panthers,PIT,Pittsburgh Penguins
2026-04-06,7:00 PM,TBL,Tampa Bay Lightning,BUF,Buffalo Sabres
2026-04-06,10:30 PM,NSH,Nashville Predators,LAK,Los Angeles Kings
2026-04-06,10:00 PM,CHI,Chicago Blackhawks,SJS,San Jose Sharks
2026-04-06,7:30 PM,SEA,Seattle Kraken,WPG,Winnipeg Jets
2026-04-07,10:00 PM,NSH,Nashville Predators,ANA,Anaheim Ducks
2026-04-07,7:00 PM,BOS,Boston Bruins,CAR,Carolina Hurricanes
2026-04-07,8:00 PM,CGY,Calgary Flames,DAL,Dallas Stars
2026-04-07,7:00 PM,CBJ,Columbus Blue Jackets,DET,Detroit Red Wings
2026-04-07,8:00 PM,SEA,Seattle Kraken,MIN,Minnesota Wild
2026-04-07,7:00 PM,FLA,Florida Panthers,MTL,Montreal Canadiens
2026-04-07,7:00 PM,PHI,Philadelphia Flyers,NJD,New Jersey Devils
2026-04-07,7:00 PM,TBL,Tampa Bay Lightning,OTT,Ottawa Senators
2026-04-07,8:00 PM,COL,Colorado Avalanche,STL,St. Louis Blues
2026-04-07,9:30 PM,EDM,Edmonton Oilers,UTA,Utah Mammoth
2026-04-07,10:00 PM,VGK,Vegas Golden Knights,VAN,Vancouver Canucks
2026-04-08,7:00 PM,BUF,Buffalo Sabres,NYR,New York Rangers
2026-04-08,10:00 PM,EDM,Edmonton Oilers,SJS,San Jose Sharks
2026-04-08,7:30 PM,WSH,Washington Capitals,TOR,Toronto Maple Leafs
2026-04-09,10:00 PM,SJS,San Jose Sharks,ANA,Anaheim Ducks
2026-04-09,7:00 PM,CBJ,Columbus Blue Jackets,BUF,Buffalo Sabres
2026-04-09,8:30 PM,CAR,Carolina Hurricanes,CHI,Chicago Blackhawks
2026-04-09,9:00 PM,CGY,Calgary Flames,COL,Colorado Avalanche
2026-04-09,9:00 PM,MIN,Minnesota Wild,DAL,Dallas Stars
2026-04-09,6:30 PM,PHI,Philadelphia Flyers,DET,Detroit Red Wings
2026-04-09,10:30 PM,VAN,Vancouver Canucks,LAK,Los Angeles Kings
2026-04-09,7:00 PM,TBL,Tampa Bay Lightning,MTL,Montreal Canadiens
2026-04-09,7:00 PM,PIT,Pittsburgh Penguins,NJD,New Jersey Devils
2026-04-09,7:00 PM,TOR,Toronto Maple Leafs,NYI,New York Islanders
2026-04-09,7:00 PM,FLA,Florida Panthers,OTT,Ottawa Senators
2026-04-09,10:00 PM,VGK,Vegas Golden Knights,SEA,Seattle Kraken
2026-04-09,8:00 PM,WPG,Winnipeg Jets,STL,St. Louis Blues
2026-04-09,9:00 PM,NSH,Nashville Predators,UTA,Utah Mammoth
2026-04-11,12:30 PM,TBL,Tampa Bay Lightning,BOS,Boston Bruins
2026-04-11,5:00 PM,STL,St. Louis Blues,CHI,Chicago Blackhawks
2026-04-11,8:00 PM,VGK,Vegas Golden Knights,COL,Colorado Avalanche
2026-04-11,5:00 PM,NYR,New York Rangers,DAL,Dallas Stars
2026-04-11,5:00 PM,NJD,New Jersey Devils,DET,Detroit Red Wings
2026-04-11,4:00 PM,EDM,Edmonton Oilers,LAK,Los Angeles Kings
2026-04-11,7:00 PM,CBJ,Columbus Blue Jackets,MTL,Montreal Canadiens
2026-04-11,5:00 PM,MIN,Minnesota Wild,NSH,Nashville Predators
2026-04-11,1:00 PM,OTT,Ottawa Senators,NYI,New York Islanders
2026-04-11,3:00 PM,WSH,Washington Capitals,PIT,Pittsburgh Penguins
2026-04-11,7:00 PM,CGY,Calgary Flames,SEA,Seattle Kraken
2026-04-11,10:00 PM,VAN,Vancouver Canucks,SJS,San Jose Sharks
2026-04-11,7:00 PM,FLA,Florida Panthers,TOR,Toronto Maple Leafs
2026-04-11,5:00 PM,CAR,Carolina Hurricanes,UTA,Utah Mammoth
2026-04-11,7:00 PM,PHI,Philadelphia Flyers,WPG,Winnipeg Jets
2026-04-12,8:00 PM,VAN,Vancouver Canucks,ANA,Anaheim Ducks
2026-04-12,6:00 PM,BOS,Boston Bruins,CBJ,Columbus Blue Jackets
2026-04-12,9:00 PM,UTA,Utah Mammoth,CGY,Calgary Flames
2026-04-12,7:00 PM,OTT,Ottawa Senators,NJD,New Jersey Devils
2026-04-12,6:00 PM,MTL,Montreal Canadiens,NYI,New York Islanders
2026-04-12,3:00 PM,PIT,Pittsburgh Penguins,WSH,Washington Capitals
2026-04-13,8:30 PM,BUF,Buffalo Sabres,CHI,Chicago Blackhawks
2026-04-13,9:30 PM,COL,Colorado Avalanche,EDM,Edmonton Oilers
2026-04-13,7:00 PM,NYR,New York Rangers,FLA,Florida Panthers
2026-04-13,8:00 PM,SJS,San Jose Sharks,NSH,Nashville Predators
2026-04-13,7:00 PM,CAR,Carolina Hurricanes,PHI,Philadelphia Flyers
2026-04-13,9:30 PM,LAK,Los Angeles Kings,SEA,Seattle Kraken
2026-04-13,8:00 PM,MIN,Minnesota Wild,STL,St. Louis Blues
2026-04-13,7:00 PM,DET,Detroit Red Wings,TBL,Tampa Bay Lightning
2026-04-13,7:30 PM,DAL,Dallas Stars,TOR,Toronto Maple Leafs
2026-04-13,10:00 PM,WPG,Winnipeg Jets,VGK,Vegas Golden Knights
2026-04-14,7:00 PM,NJD,New Jersey Devils,BOS,Boston Bruins
2026-04-14,7:00 PM,WSH,Washington Capitals,CBJ,Columbus Blue Jackets
2026-04-14,9:00 PM,COL,Colorado Avalanche,CGY,Calgary Flames
2026-04-14,8:00 PM,ANA,Anaheim Ducks,MIN,Minnesota Wild
2026-04-14,7:00 PM,CAR,Carolina Hurricanes,NYI,New York Islanders
2026-04-14,7:00 PM,MTL,Montreal Canadiens,PHI,Philadelphia Flyers
2026-04-14,9:30 PM,PIT,Pittsburgh Penguins,STL,St. Louis Blues
2026-04-14,9:00 PM,WPG,Winnipeg Jets,UTA,Utah Mammoth
2026-04-14,10:00 PM,LAK,Los Angeles Kings,VAN,Vancouver Canucks
2026-04-15,7:00 PM,DAL,Dallas Stars,BUF,Buffalo Sabres
2026-04-15,8:30 PM,SJS,San Jose Sharks,CHI,Chicago Blackhawks
2026-04-15,7:00 PM,DET,Detroit Red Wings,FLA,Florida Panthers
2026-04-15,7:30 PM,TOR,Toronto Maple Leafs,OTT,Ottawa Senators
2026-04-15,7:00 PM,NYR,New York Rangers,TBL,Tampa Bay Lightning
2026-04-15,10:00 PM,SEA,Seattle Kraken,VGK,Vegas Golden Knights
2026-04-16,9:00 PM,LAK,Los Angeles Kings,CGY,Calgary Flames
2026-04-16,10:30 PM,SEA,Seattle Kraken,COL,Colorado Avalanche
2026-04-16,9:00 PM,VAN,Vancouver Canucks,EDM,Edmonton Oilers
2026-04-16,8:00 PM,ANA,Anaheim Ducks,NSH,Nashville Predators
2026-04-16,8:00 PM,STL,St. Louis Blues,UTA,Utah Mammoth
2026-04-16,8:00 PM,SJS,San Jose Sharks,WPG,Winnipeg Jets
