SATURDAY SEP. 20,St. Louis at Dallas, 7 p.m.
SUNDAY SEP. 21,NY Rangers at New Jersey, 1 p.m.
SUNDAY SEP. 21,Florida (split squad) at Nashville (split squad), 3 p.m.
SUNDAY SEP. 21,Toronto at Ottawa, 3 p.m.
SUNDAY SEP. 21,Colorado (split squad) vs. Utah (split squad), 4:30 p.m.
SUNDAY SEP. 21,Minnesota at Winnipeg, 5 p.m.
SUNDAY SEP. 21,St. Louis at Columbus, 5 p.m.
SUNDAY SEP. 21,Washington at Boston, 5 p.m.
SUNDAY SEP. 21,Anaheim vs. Los Angeles at Ontario Calif. (Toyota Arena), 6 p.m.
SUNDAY SEP. 21,Florida (split squad) at Nashville (split squad), 7 p.m.
SUNDAY SEP. 21,Philadelphia at NY Islanders, 7 p.m.
SUNDAY SEP. 21,Calgary (split squad) at Edmonton (split squad), 8 p.m.
SUNDAY SEP. 21,Edmonton (split squad) at Calgary (split squad), 8 p.m.
SUNDAY SEP. 21,Vancouver at Seattle, 8 p.m.
SUNDAY SEP. 21,Vegas at San Jose, 8 p.m.
SUNDAY SEP. 21,Utah (split squad) at Colorado (split squad), 8:30 p.m.
MONDAY SEP. 22,Buffalo at Columbus, 7 p.m.
MONDAY SEP. 22,Pittsburgh at Montreal, 7 p.m.
MONDAY SEP. 22,Tampa Bay at Carolina, 7 p.m.
MONDAY SEP. 22,Utah at Anaheim, 10 p.m.
TUESDAY SEP. 23,Boston at NY Rangers, 7 p.m.
TUESDAY SEP. 23,Chicago at Detroit, 7 p.m.
TUESDAY SEP. 23,Columbus at Buffalo, 7 p.m.
TUESDAY SEP. 23,NY Islanders at New Jersey, 7 p.m.
TUESDAY SEP. 23,Ottawa at Toronto, 7 p.m.
TUESDAY SEP. 23,Philadelphia at Montreal, 7 p.m.
TUESDAY SEP. 23,Minnesota at Dallas, 8 p.m.
TUESDAY SEP. 23,Edmonton at Winnipeg, 8 p.m.
TUESDAY SEP. 23,Tampa Bay at Nashville, 8 p.m.
TUESDAY SEP. 23,Seattle at Calgary, 9 p.m.
TUESDAY SEP. 23,Los Angeles at Vegas, 10 p.m.
WEDNESDAY SEP. 24,Florida at Carolina, 6 p.m.
WEDNESDAY SEP. 24,Pittsburgh at Columbus, 7 p.m.
WEDNESDAY SEP. 24,Seattle at Edmonton, 9 p.m.
WEDNESDAY SEP. 24,Calgary vs. Vancouver at Abbotsford B.C. (Abbotsford Centre), 10 p.m.
WEDNESDAY SEP. 24,Los Angeles at Anaheim, 10 p.m.
THURSDAY SEP. 25,Buffalo at Detroit, 7 p.m.
THURSDAY SEP. 25,NY Islanders at NY Rangers, 7 p.m.
THURSDAY SEP. 25,Philadelphia vs. Washington at Hershey Pa. (GIANT Center), 7 p.m.
THURSDAY SEP. 25,Toronto at Montreal, 7 p.m.
THURSDAY SEP. 25,Dallas at Minnesota, 8 p.m.
THURSDAY SEP. 25,Utah at Vegas, 10 p.m.
FRIDAY SEP. 26,Carolina at Tampa Bay, 7 p.m.
FRIDAY SEP. 26,Detroit at Pittsburgh, 7 p.m.
FRIDAY SEP. 26,New Jersey at NY Islanders, 7 p.m.
FRIDAY SEP. 26,Winnipeg at Edmonton, 9 p.m.
FRIDAY SEP. 26,Seattle at Vancouver, 10 p.m.
FRIDAY SEP. 26,Vegas at San Jose, 10 p.m.
SATURDAY SEP. 27,Detroit at Buffalo, 3 p.m.
SATURDAY SEP. 27,Boston at Philadelphia, 5 p.m.
SATURDAY SEP. 27,Anaheim vs. Los Angeles at Bakersfield Calif. (Dignity Health Arena), 6 p.m.
SATURDAY SEP. 27,Chicago at St. Louis, 7 p.m.
SATURDAY SEP. 27,Columbus at Pittsburgh, 7 p.m.
SATURDAY SEP. 27,Dallas at Colorado, 7 p.m.
SATURDAY SEP. 27,Montreal at Toronto, 7 p.m.
SATURDAY SEP. 27,Nashville at Tampa Bay, 7 p.m.
SATURDAY SEP. 27,Calgary at Winnipeg, 8 p.m.
SUNDAY SEP. 28,New Jersey (split squad) vs. Ottawa at Quebec City Que. (Videotron Centre), 3 p.m.
SUNDAY SEP. 28,Washington at New Jersey (split squad), 3 p.m.
SUNDAY SEP. 28,Chicago at Minnesota, 6 p.m.
SUNDAY SEP. 28,Nashville at Carolina, 7 p.m.
SUNDAY SEP. 28,Vancouver at Edmonton, 8 p.m.
MONDAY SEP. 29,Carolina at Florida, 6 p.m.
MONDAY SEP. 29,NY Rangers at NY Islanders, 7 p.m.
MONDAY SEP. 29,Philadelphia at Boston, 7 p.m.
MONDAY SEP. 29,Pittsburgh at Detroit, 7 p.m.
MONDAY SEP. 29,Calgary at Seattle, 10 p.m.
MONDAY SEP. 29,San Jose at Anaheim, 10 p.m.
TUESDAY SEP. 30,Florida vs. Tampa Bay at Orlando Fla. (Kia Center), 7 p.m.
TUESDAY SEP. 30,Montreal vs. Ottawa at Quebec City Que. (Videotron Centre), 7 p.m.
TUESDAY SEP. 30,Washington at Columbus, 7 p.m.
TUESDAY SEP. 30,Detroit at Chicago, 8 p.m.
TUESDAY SEP. 30,Vegas at Colorado, 8 p.m.
TUESDAY SEP. 30,Winnipeg at Minnesota, 8 p.m.
TUESDAY SEP. 30,Dallas at St. Louis, 8 p.m.
TUESDAY SEP. 30,Los Angeles vs. Utah at Boise Idaho (Idaho Central Arena), 9 p.m.
WEDNESDAY OCT. 1,Pittsburgh at Buffalo, 7 p.m.
WEDNESDAY OCT. 1,Colorado at Vegas, 9 p.m.
WEDNESDAY OCT. 1,Vancouver at Calgary, 9 p.m.
WEDNESDAY OCT. 1,Anaheim at San Jose, 10 p.m.
WEDNESDAY OCT. 1,Edmonton at Seattle, 10 p.m.
THURSDAY OCT. 2,Boston at Washington, 7 p.m.
THURSDAY OCT. 2,Detroit at Toronto, 7 p.m.
THURSDAY OCT. 2,Florida at Tampa Bay, 7 p.m.
THURSDAY OCT. 2,New Jersey at NY Rangers, 7 p.m.
THURSDAY OCT. 2,NY Islanders at Philadelphia, 7 p.m.
THURSDAY OCT. 2,Ottawa at St. Louis, 8 p.m.
THURSDAY OCT. 2,Los Angeles at Utah, 9 p.m.
FRIDAY OCT. 3,Buffalo at Pittsburgh, 7 p.m.
FRIDAY OCT. 3,Minnesota at Chicago, 8 p.m.
FRIDAY OCT. 3,Winnipeg at Calgary, 9 p.m.
FRIDAY OCT. 3,Edmonton at Vancouver, 10 p.m.
FRIDAY OCT. 3,San Jose at Vegas, 10 p.m.
SATURDAY OCT. 4,NY Rangers at Boston, 2 p.m.
SATURDAY OCT. 4,New Jersey at Philadelphia, 3 p.m.
SATURDAY OCT. 4,Anaheim at Los Angeles, 4 p.m.
SATURDAY OCT. 4,Carolina at Nashville, 4 p.m.
SATURDAY OCT. 4,Colorado at Dallas, 6 p.m.
SATURDAY OCT. 4,Columbus at Washington, 7 p.m.
SATURDAY OCT. 4,Ottawa at Montreal, 7 p.m.
SATURDAY OCT. 4,St. Louis at Chicago, 7 p.m.
SATURDAY OCT. 4,Tampa Bay at Florida, 7 p.m.
SATURDAY OCT. 4,Toronto at Detroit, 7 p.m.
SATURDAY OCT. 4,San Jose at Utah, 9 p.m.