2025-09-20,7:00 PM,St. Louis,Dallas
2025-09-21,1:00 PM,NY Rangers,New Jersey
2025-09-21,3:00 PM,Florida,Nashville
2025-09-21,3:00 PM,Toronto,Ottawa
2025-09-21,4:30 PM,Colorado,Utah
2025-09-21,5:00 PM,Minnesota,Winnipeg
2025-09-21,5:00 PM,St. Louis,Columbus
2025-09-21,5:00 PM,Washington,Boston
2025-09-21,6:00 PM,Anaheim,Los Angeles
2025-09-21,7:00 PM,Florida,Nashville
2025-09-21,7:00 PM,Philadelphia,NY Islanders
2025-09-21,8:00 PM,Calgary,Edmonton
2025-09-21,8:00 PM,Edmonton,Calgary
2025-09-21,8:00 PM,Vancouver,Seattle
2025-09-21,8:00 PM,Vegas,San Jose
2025-09-21,8:30 PM,Utah, Colorado
2025-09-22,7:00 PM,Buffalo,Columbus
2025-09-22,7:00 PM,Pittsburgh,Montreal
2025-09-22,7:00 PM,Tampa Bay,Carolina
2025-09-22,10:00 PM,Utah,Anaheim
2025-09-23,7:00 PM,Boston,NY Rangers
2025-09-23,7:00 PM,Chicago,Detroit
2025-09-23,7:00 PM,Columbus,Buffalo
2025-09-23,7:00 PM,NY Islanders,New Jersey
2025-09-23,7:00 PM,Ottawa,Toronto
2025-09-23,7:00 PM,Philadelphia,Montreal
2025-09-23,8:00 PM,Minnesota,Dallas
2025-09-23,8:00 PM,Edmonton,Winnipeg
2025-09-23,8:00 PM,Tampa Bay,Nashville
2025-09-23,9:00 PM,Seattle,Calgary
2025-09-23,10:00 PM,Los Angeles,Vegas
2025-09-24,6:00 PM,Florida,Carolina
2025-09-24,7:00 PM,Pittsburgh,Columbus
2025-09-24,9:00 PM,Seattle,Edmonton
2025-09-24,10:00 PM,Calgary,Vancouver
2025-09-24,10:00 PM,Los Angeles,Anaheim
2025-09-25,7:00 PM,Buffalo,Detroit
2025-09-25,7:00 PM,NY Islanders,NY Rangers
2025-09-25,7:00 PM,Philadelphia,Washington
2025-09-25,7:00 PM,Toronto,Montreal
2025-09-25,8:00 PM,Dallas,Minnesota
2025-09-25,10:00 PM,Utah,Vegas
2025-09-26,7:00 PM,Carolina,Tampa Bay
2025-09-26,7:00 PM,Detroit,Pittsburgh
2025-09-26,7:00 PM,New Jersey,NY Islanders
2025-09-26,9:00 PM,Winnipeg,Edmonton
2025-09-26,10:00 PM,Seattle,Vancouver
2025-09-26,10:00 PM,Vegas,San Jose
2025-09-27,3:00 PM,Detroit,Buffalo
2025-09-27,5:00 PM,Boston,Philadelphia
2025-09-27,6:00 PM,Anaheim,Los Angeles
2025-09-27,7:00 PM,Chicago,St. Louis
2025-09-27,7:00 PM,Columbus,Pittsburgh
2025-09-27,7:00 PM,Dallas,Colorado
2025-09-27,7:00 PM,Montreal,Toronto
2025-09-27,7:00 PM,Nashville,Tampa Bay
2025-09-27,8:00 PM,Calgary,Winnipeg
2025-09-28,3:00 PM,New Jersey,Ottawa
2025-09-28,3:00 PM,Washington,New Jersey
2025-09-28,6:00 PM,Chicago,Minnesota
2025-09-28,7:00 PM,Nashville,Carolina
2025-09-28,8:00 PM,Vancouver,Edmonton
2025-09-29,6:00 PM,Carolina,Florida
2025-09-29,7:00 PM,NY Rangers,NY Islanders
2025-09-29,7:00 PM,Philadelphia,Boston
2025-09-29,7:00 PM,Pittsburgh,Detroit
2025-09-29,10:00 PM,Calgary,Seattle
2025-09-29,10:00 PM,San Jose,Anaheim
2025-09-30,7:00 PM,Florida,Tampa Bay
2025-09-30,7:00 PM,Montreal,Ottawa
2025-09-30,7:00 PM,Washington,Columbus
2025-09-30,8:00 PM,Detroit,Chicago
2025-09-30,8:00 PM,Vegas,Colorado
2025-09-30,8:00 PM,Winnipeg,Minnesota
2025-09-30,8:00 PM,Dallas,St. Louis
2025-09-30,9:00 PM,Los Angeles,Utah
2025-10-01,7:00 PM,Pittsburgh,Buffalo
2025-10-01,9:00 PM,Colorado,Vegas
2025-10-01,9:00 PM,Vancouver,Calgary
2025-10-01,10:00 PM,Anaheim,San Jose
2025-10-01,10:00 PM,Edmonton,Seattle
2025-10-02,7:00 PM,Boston,Washington
2025-10-02,7:00 PM,Detroit,Toronto
2025-10-02,7:00 PM,Florida,Tampa Bay
2025-10-02,7:00 PM,New Jersey,NY Rangers
2025-10-02,7:00 PM,NY Islanders,Philadelphia
2025-10-02,8:00 PM,Ottawa,St. Louis
2025-10-02,9:00 PM,Los Angeles,Utah
2025-10-03,7:00 PM,Buffalo,Pittsburgh
2025-10-03,8:00 PM,Minnesota,Chicago
2025-10-03,9:00 PM,Winnipeg,Calgary
2025-10-03,10:00 PM,Edmonton,Vancouver
2025-10-03,10:00 PM,San Jose,Vegas
2025-10-04,2:00 PM,NY Rangers,Boston
2025-10-04,3:00 PM,New Jersey,Philadelphia
2025-10-04,4:00 PM,Anaheim,Los Angeles
2025-10-04,4:00 PM,Carolina,Nashville
2025-10-04,6:00 PM,Colorado,Dallas
2025-10-04,7:00 PM,Columbus,Washington
2025-10-04,7:00 PM,Ottawa,Montreal
2025-10-04,7:00 PM,St. Louis,Chicago
2025-10-04,7:00 PM,Tampa Bay,Florida
2025-10-04,7:00 PM,Toronto,Detroit
2025-10-04,9:00 PM,San Jose,Utah