lineId,season,name,team,position,situation,games_played,icetime,iceTimeRank,xGoalsPercentage,corsiPercentage,fenwickPercentage,xOnGoalFor,xGoalsFor,xReboundsFor,xFreezeFor,xPlayStoppedFor,xPlayContinuedInZoneFor,xPlayContinuedOutsideZoneFor,flurryAdjustedxGoalsFor,scoreVenueAdjustedxGoalsFor,flurryScoreVenueAdjustedxGoalsFor,shotsOnGoalFor,missedShotsFor,blockedShotAttemptsFor,shotAttemptsFor,goalsFor,reboundsFor,reboundGoalsFor,freezeFor,playStoppedFor,playContinuedInZoneFor,playContinuedOutsideZoneFor,savedShotsOnGoalFor,savedUnblockedShotAttemptsFor,penaltiesFor,penalityMinutesFor,faceOffsWonFor,hitsFor,takeawaysFor,giveawaysFor,lowDangerShotsFor,mediumDangerShotsFor,highDangerShotsFor,lowDangerxGoalsFor,mediumDangerxGoalsFor,highDangerxGoalsFor,lowDangerGoalsFor,mediumDangerGoalsFor,highDangerGoalsFor,scoreAdjustedShotsAttemptsFor,unblockedShotAttemptsFor,scoreAdjustedUnblockedShotAttemptsFor,dZoneGiveawaysFor,xGoalsFromxReboundsOfShotsFor,xGoalsFromActualReboundsOfShotsFor,reboundxGoalsFor,totalShotCreditFor,scoreAdjustedTotalShotCreditFor,scoreFlurryAdjustedTotalShotCreditFor,xOnGoalAgainst,xGoalsAgainst,xReboundsAgainst,xFreezeAgainst,xPlayStoppedAgainst,xPlayContinuedInZoneAgainst,xPlayContinuedOutsideZoneAgainst,flurryAdjustedxGoalsAgainst,scoreVenueAdjustedxGoalsAgainst,flurryScoreVenueAdjustedxGoalsAgainst,shotsOnGoalAgainst,missedShotsAgainst,blockedShotAttemptsAgainst,shotAttemptsAgainst,goalsAgainst,reboundsAgainst,reboundGoalsAgainst,freezeAgainst,playStoppedAgainst,playContinuedInZoneAgainst,playContinuedOutsideZoneAgainst,savedShotsOnGoalAgainst,savedUnblockedShotAttemptsAgainst,penaltiesAgainst,penalityMinutesAgainst,faceOffsWonAgainst,hitsAgainst,takeawaysAgainst,giveawaysAgainst,lowDangerShotsAgainst,mediumDangerShotsAgainst,highDangerShotsAgainst,lowDangerxGoalsAgainst,mediumDangerxGoalsAgainst,highDangerxGoalsAgainst,lowDangerGoalsAgainst,mediumDangerGoalsAgainst,highDangerGoalsAgainst,scoreAdjustedShotsAttemptsAgainst,unblockedShotAttemptsAgainst,scoreAdjustedUnblockedShotAttemptsAgainst,dZoneGiveawaysAgainst,xGoalsFromxReboundsOfShotsAgainst,xGoalsFromActualReboundsOfShotsAgainst,reboundxGoalsAgainst,totalShotCreditAgainst,scoreAdjustedTotalShotCreditAgainst,scoreFlurryAdjustedTotalShotCreditAgainst
847793384801858482113,2025,Luostarinen-Lundell-Reinhart,FLA,line,5on5,1,711.0,2.0,0.67,0.52,0.56,7.28,0.7,0.52,1.72,0.23,4.06,2.76,0.66,0.68,0.64,7.0,3.0,2.0,12.0,0.0,1.0,0.0,3.0,0.0,3.0,3.0,7.0,10.0,0.0,0.0,11.0,2.0,0.0,5.0,7.0,2.0,1.0,0.22,0.25,0.23,0.0,0.0,0.0,12.09,10.0,10.12,1.0,0.11,0.23,0.23,0.58,0.56,0.55,5.9,0.35,0.33,1.38,0.18,3.24,2.52,0.35,0.36,0.36,3.0,5.0,3.0,11.0,1.0,0.0,0.0,1.0,0.0,3.0,3.0,2.0,7.0,1.0,2.0,7.0,5.0,1.0,3.0,7.0,1.0,0.0,0.18,0.17,0.0,1.0,0.0,0.0,11.07,8.0,7.98,1.0,0.07,0.0,0.0,0.42,0.42,0.42
84779328478055,2025,Forsling-Ekblad,FLA,pairing,5on5,1,1032.0,2.0,0.79,0.71,0.76,14.39,1.55,1.07,3.63,0.47,7.27,5.01,1.51,1.51,1.47,16.0,3.0,5.0,24.0,2.0,1.0,0.0,4.0,0.0,6.0,6.0,14.0,17.0,1.0,5.0,15.0,6.0,0.0,5.0,11.0,6.0,2.0,0.41,0.67,0.47,0.0,1.0,1.0,23.79,19.0,18.99,1.0,0.23,0.23,0.23,1.55,1.51,1.49,4.69,0.42,0.28,1.12,0.14,2.29,1.75,0.42,0.44,0.44,2.0,4.0,4.0,10.0,0.0,0.0,0.0,2.0,0.0,2.0,2.0,2.0,6.0,1.0,5.0,10.0,3.0,1.0,10.0,4.0,2.0,0.0,0.06,0.36,0.0,0.0,0.0,0.0,9.98,6.0,5.98,6.0,0.06,0.0,0.0,0.48,0.5,0.5
84788828479323,2025,Gavrikov-Fox,NYR,pairing,5on5,1,982.0,1.0,0.36,0.32,0.35,5.48,0.46,0.36,1.33,0.19,3.24,2.43,0.46,0.43,0.43,2.0,6.0,1.0,9.0,0.0,0.0,0.0,0.0,0.0,1.0,7.0,2.0,8.0,1.0,2.0,7.0,11.0,3.0,5.0,4.0,4.0,0.0,0.07,0.39,0.0,0.0,0.0,0.0,8.46,8.0,7.55,5.0,0.08,0.0,0.0,0.53,0.5,0.5,11.54,0.81,0.86,2.93,0.34,5.92,4.13,0.78,0.86,0.82,12.0,3.0,4.0,19.0,0.0,2.0,0.0,1.0,0.0,6.0,6.0,12.0,15.0,1.0,2.0,10.0,6.0,0.0,3.0,12.0,3.0,0.0,0.47,0.33,0.0,0.0,0.0,0.0,20.32,15.0,15.95,2.0,0.18,0.25,0.25,0.73,0.78,0.76
84764418482730,2025,Edmundson-Clarke,LAK,pairing,5on5,1,648.0,3.0,0.74,0.5,0.6,6.73,0.49,0.37,2.06,0.23,3.49,2.36,0.48,0.46,0.45,5.0,4.0,4.0,13.0,0.0,1.0,0.0,2.0,0.0,5.0,1.0,5.0,9.0,3.0,6.0,8.0,8.0,3.0,8.0,8.0,0.0,1.0,0.16,0.0,0.32,0.0,0.0,0.0,12.0,9.0,8.27,5.0,0.08,0.32,0.32,0.24,0.22,0.22,4.44,0.17,0.22,1.75,0.16,2.15,1.55,0.16,0.18,0.17,4.0,2.0,7.0,13.0,0.0,1.0,0.0,2.0,0.0,2.0,1.0,4.0,6.0,2.0,4.0,5.0,4.0,1.0,5.0,6.0,0.0,0.0,0.17,0.0,0.0,0.0,0.0,0.0,14.22,6.0,6.43,2.0,0.05,0.03,0.03,0.19,0.2,0.19
84745638479998,2025,Anderson-Doughty,LAK,pairing,5on5,1,770.0,1.0,0.42,0.65,0.57,5.56,0.37,0.34,1.49,0.2,3.26,2.33,0.37,0.34,0.34,5.0,3.0,5.0,13.0,0.0,0.0,0.0,2.0,0.0,3.0,3.0,5.0,8.0,0.0,0.0,4.0,7.0,3.0,7.0,7.0,1.0,0.0,0.2,0.16,0.0,0.0,0.0,0.0,11.93,8.0,7.42,2.0,0.07,0.0,0.0,0.44,0.4,0.4,4.59,0.51,0.23,1.27,0.17,2.2,1.62,0.51,0.55,0.55,3.0,3.0,1.0,7.0,1.0,0.0,0.0,0.0,0.0,2.0,3.0,2.0,5.0,0.0,0.0,7.0,5.0,0.0,12.0,3.0,3.0,0.0,0.07,0.44,0.0,0.0,1.0,0.0,7.55,6.0,6.45,3.0,0.05,0.0,0.0,0.56,0.6,0.6
84735078475179,2025,Kulikov-Petry,FLA,pairing,5on5,1,680.0,3.0,0.7,0.53,0.46,4.51,0.35,0.29,1.23,0.14,2.34,1.65,0.35,0.35,0.35,4.0,2.0,3.0,9.0,0.0,0.0,0.0,3.0,0.0,0.0,3.0,4.0,6.0,2.0,4.0,10.0,7.0,1.0,4.0,4.0,2.0,0.0,0.06,0.29,0.0,0.0,0.0,0.0,8.73,6.0,5.84,1.0,0.06,0.0,0.0,0.41,0.41,0.41,5.2,0.15,0.21,1.62,0.16,2.68,2.17,0.15,0.16,0.16,7.0,0.0,1.0,8.0,1.0,0.0,0.0,1.0,0.0,1.0,4.0,6.0,6.0,0.0,0.0,5.0,9.0,0.0,3.0,7.0,0.0,0.0,0.15,0.0,0.0,1.0,0.0,0.0,8.14,7.0,7.15,0.0,0.04,0.0,0.0,0.2,0.2,0.2
84768918483506,2025,Grzelcyk-Rinzel,CHI,pairing,5on5,1,972.0,1.0,0.3,0.36,0.33,6.37,0.52,0.31,1.65,0.2,2.95,2.38,0.52,0.54,0.54,5.0,3.0,5.0,13.0,1.0,0.0,0.0,1.0,0.0,3.0,3.0,4.0,7.0,0.0,0.0,11.0,5.0,2.0,7.0,6.0,2.0,0.0,0.16,0.36,0.0,1.0,0.0,0.0,13.24,8.0,8.11,4.0,0.07,0.0,0.0,0.59,0.61,0.61,12.15,1.22,0.89,2.69,0.35,6.52,4.33,1.22,1.18,1.18,14.0,2.0,7.0,23.0,1.0,0.0,0.0,5.0,0.0,5.0,5.0,13.0,15.0,2.0,4.0,18.0,2.0,2.0,8.0,10.0,5.0,1.0,0.31,0.67,0.24,0.0,0.0,1.0,22.82,16.0,15.94,3.0,0.18,0.0,0.0,1.41,1.36,1.36
847341984774098477935,2025,Marchand-Bennett-Verhaeghe,FLA,line,5on5,1,846.0,1.0,0.7,0.81,0.81,13.19,1.27,0.96,3.21,0.4,6.64,4.5,1.25,1.24,1.22,13.0,4.0,8.0,25.0,0.0,0.0,0.0,5.0,0.0,5.0,7.0,13.0,17.0,1.0,2.0,9.0,4.0,1.0,4.0,11.0,5.0,1.0,0.36,0.65,0.26,0.0,0.0,0.0,24.64,17.0,16.85,1.0,0.2,0.0,0.0,1.48,1.43,1.41,3.24,0.56,0.21,0.57,0.09,1.4,1.18,0.56,0.59,0.59,4.0,0.0,2.0,6.0,1.0,0.0,0.0,1.0,0.0,0.0,2.0,3.0,3.0,1.0,2.0,7.0,6.0,1.0,6.0,0.0,4.0,0.0,0.0,0.56,0.0,0.0,1.0,0.0,6.21,4.0,4.19,4.0,0.04,0.0,0.0,0.6,0.64,0.64
847167584764838482758,2025,Rakell-Crosby-Koivunen,PIT,line,5on5,1,656.0,1.0,0.32,0.52,0.46,4.51,0.28,0.26,1.09,0.13,2.36,1.88,0.28,0.31,0.31,4.0,2.0,7.0,13.0,0.0,0.0,0.0,1.0,0.0,4.0,1.0,4.0,6.0,1.0,2.0,7.0,1.0,0.0,3.0,5.0,1.0,0.0,0.13,0.16,0.0,0.0,0.0,0.0,14.24,6.0,6.59,1.0,0.05,0.0,0.0,0.34,0.37,0.36,4.71,0.59,0.35,1.15,0.17,2.85,1.89,0.58,0.55,0.54,4.0,3.0,5.0,12.0,0.0,1.0,0.0,0.0,0.0,3.0,3.0,4.0,7.0,1.0,2.0,5.0,6.0,2.0,2.0,4.0,2.0,1.0,0.1,0.18,0.31,0.0,0.0,0.0,11.09,7.0,6.52,1.0,0.07,0.31,0.31,0.35,0.33,0.32
84764738482807,2025,Del Mastro-Murphy,CHI,pairing,5on5,1,857.0,2.0,0.23,0.31,0.32,5.89,0.37,0.31,1.53,0.18,3.18,2.43,0.37,0.39,0.39,5.0,3.0,3.0,11.0,0.0,0.0,0.0,1.0,1.0,3.0,3.0,5.0,8.0,0.0,0.0,9.0,7.0,0.0,5.0,6.0,2.0,0.0,0.14,0.23,0.0,0.0,0.0,0.0,11.24,8.0,8.18,3.0,0.06,0.0,0.0,0.43,0.45,0.45,12.78,1.22,0.86,3.41,0.44,6.46,4.59,1.18,1.19,1.15,11.0,6.0,7.0,24.0,1.0,1.0,0.0,6.0,0.0,1.0,8.0,10.0,16.0,1.0,2.0,8.0,10.0,1.0,1.0,11.0,5.0,1.0,0.32,0.67,0.23,0.0,1.0,0.0,23.51,17.0,16.73,0.0,0.18,0.23,0.23,1.18,1.14,1.13
84717248478854,2025,Shea-Letang,PIT,pairing,5on5,1,777.0,2.0,0.63,0.56,0.57,10.25,1.16,0.72,2.53,0.32,4.92,3.35,0.99,1.27,1.09,9.0,4.0,5.0,18.0,0.0,2.0,0.0,2.0,0.0,5.0,4.0,9.0,13.0,1.0,2.0,4.0,9.0,1.0,2.0,10.0,1.0,2.0,0.38,0.12,0.67,0.0,0.0,0.0,19.71,13.0,14.3,2.0,0.15,0.67,0.67,0.65,0.71,0.62,7.62,0.68,0.48,1.86,0.26,3.74,2.99,0.67,0.62,0.61,8.0,2.0,4.0,14.0,0.0,1.0,0.0,0.0,0.0,4.0,5.0,8.0,10.0,0.0,0.0,4.0,8.0,0.0,7.0,8.0,1.0,1.0,0.19,0.17,0.31,0.0,0.0,0.0,12.92,10.0,9.27,5.0,0.1,0.31,0.31,0.46,0.43,0.42
847843884815778485414,2025,Novak-Kindel-Tomasino,PIT,line,5on5,1,608.0,2.0,0.49,0.42,0.42,3.78,0.45,0.26,0.85,0.11,1.86,1.46,0.45,0.47,0.47,4.0,1.0,3.0,8.0,0.0,0.0,0.0,1.0,0.0,1.0,3.0,4.0,5.0,0.0,0.0,3.0,2.0,0.0,8.0,4.0,0.0,1.0,0.18,0.0,0.26,0.0,0.0,0.0,8.61,5.0,5.36,2.0,0.06,0.0,0.0,0.5,0.53,0.53,5.23,0.46,0.38,1.69,0.2,2.65,1.62,0.43,0.42,0.4,4.0,3.0,4.0,11.0,0.0,2.0,0.0,1.0,0.0,1.0,3.0,4.0,7.0,0.0,0.0,1.0,6.0,0.0,5.0,4.0,3.0,0.0,0.13,0.33,0.0,0.0,0.0,0.0,10.12,7.0,6.47,1.0,0.08,0.2,0.2,0.34,0.32,0.31
84800018482073,2025,Vaakanainen-Schneider,NYR,pairing,5on5,1,863.0,2.0,0.5,0.57,0.53,7.88,1.01,0.64,2.12,0.28,3.49,2.45,0.97,0.95,0.91,6.0,4.0,6.0,16.0,0.0,3.0,0.0,0.0,0.0,3.0,4.0,6.0,10.0,0.0,0.0,3.0,9.0,0.0,4.0,5.0,4.0,1.0,0.16,0.55,0.31,0.0,0.0,0.0,14.91,10.0,9.38,1.0,0.14,0.51,0.51,0.65,0.6,0.59,7.34,1.0,0.45,1.92,0.23,3.11,2.29,0.84,1.1,0.92,5.0,4.0,3.0,12.0,1.0,2.0,0.0,3.0,0.0,1.0,2.0,4.0,8.0,0.0,0.0,3.0,7.0,0.0,8.0,6.0,0.0,3.0,0.09,0.0,0.91,0.0,0.0,1.0,13.28,9.0,9.96,3.0,0.1,0.67,0.67,0.43,0.48,0.41
847747684774928480039,2025,Lehkonen-Mackinnon-Necas,COL,line,5on5,1,727.0,1.0,0.51,0.33,0.38,6.23,0.82,0.44,1.62,0.22,2.83,2.07,0.8,0.9,0.88,5.0,3.0,1.0,9.0,2.0,1.0,1.0,0.0,0.0,2.0,3.0,3.0,6.0,2.0,7.0,7.0,4.0,0.0,12.0,3.0,4.0,1.0,0.07,0.52,0.23,0.0,1.0,1.0,9.92,8.0,8.76,3.0,0.1,0.23,0.23,0.68,0.74,0.74,9.29,0.78,0.6,2.65,0.35,5.04,3.57,0.77,0.71,0.69,7.0,6.0,5.0,18.0,0.0,1.0,0.0,2.0,0.0,6.0,4.0,7.0,13.0,3.0,9.0,5.0,8.0,2.0,7.0,11.0,1.0,1.0,0.38,0.16,0.24,0.0,0.0,0.0,16.21,13.0,11.91,3.0,0.13,0.24,0.24,0.67,0.61,0.61
84752088476879,2025,Dumoulin-Ceci,LAK,pairing,5on5,1,748.0,2.0,0.44,0.43,0.43,4.21,0.46,0.33,1.02,0.15,2.3,1.73,0.44,0.41,0.4,2.0,4.0,4.0,10.0,0.0,1.0,0.0,3.0,0.0,1.0,1.0,2.0,6.0,1.0,2.0,9.0,15.0,0.0,6.0,5.0,0.0,1.0,0.21,0.0,0.24,0.0,0.0,0.0,8.85,6.0,5.41,4.0,0.07,0.24,0.24,0.28,0.26,0.26,5.77,0.57,0.51,1.4,0.19,3.12,2.21,0.55,0.64,0.61,6.0,2.0,5.0,13.0,2.0,1.0,1.0,0.0,0.0,4.0,1.0,4.0,6.0,1.0,2.0,6.0,7.0,1.0,3.0,5.0,2.0,1.0,0.17,0.17,0.23,1.0,0.0,1.0,14.1,8.0,8.74,3.0,0.11,0.23,0.23,0.45,0.49,0.48
847638984785508482109,2025,Lafrenire-Trocheck-Panarin,NYR,line,5on5,1,759.0,1.0,0.44,0.44,0.54,5.27,0.44,0.3,1.42,0.16,2.76,1.93,0.43,0.42,0.41,6.0,1.0,1.0,8.0,0.0,1.0,0.0,1.0,0.0,3.0,2.0,6.0,7.0,0.0,0.0,3.0,6.0,1.0,5.0,6.0,0.0,1.0,0.14,0.0,0.31,0.0,0.0,0.0,7.54,7.0,6.58,3.0,0.06,0.31,0.31,0.2,0.18,0.18,4.61,0.56,0.32,1.11,0.14,2.22,1.65,0.51,0.61,0.56,5.0,1.0,4.0,10.0,1.0,1.0,0.0,0.0,0.0,0.0,4.0,4.0,5.0,1.0,2.0,4.0,8.0,1.0,2.0,4.0,1.0,1.0,0.17,0.15,0.24,0.0,0.0,1.0,10.96,6.0,6.6,2.0,0.07,0.15,0.15,0.49,0.53,0.48
84821768484783,2025,Levshunov-Kaiser,CHI,pairing,5on5,1,824.0,3.0,0.41,0.55,0.47,5.0,0.44,0.27,1.26,0.16,2.81,2.06,0.44,0.46,0.46,5.0,2.0,5.0,12.0,1.0,1.0,0.0,2.0,0.0,2.0,1.0,4.0,6.0,2.0,4.0,3.0,10.0,1.0,2.0,5.0,1.0,1.0,0.08,0.13,0.23,0.0,1.0,0.0,12.17,7.0,7.08,0.0,0.05,0.23,0.23,0.27,0.28,0.28,6.23,0.64,0.49,1.57,0.19,3.02,2.09,0.62,0.63,0.62,5.0,3.0,2.0,10.0,0.0,0.0,0.0,3.0,0.0,4.0,1.0,5.0,8.0,0.0,0.0,6.0,12.0,0.0,6.0,6.0,1.0,1.0,0.19,0.18,0.26,0.0,0.0,0.0,9.98,8.0,8.04,3.0,0.1,0.0,0.0,0.74,0.73,0.71
847645984764688482157,2025,Cuylle-Miller-Zibanejad,NYR,line,5on5,1,721.0,2.0,0.57,0.45,0.42,5.81,0.82,0.49,1.38,0.2,3.1,2.0,0.81,0.76,0.76,4.0,4.0,5.0,13.0,0.0,2.0,0.0,0.0,0.0,3.0,3.0,4.0,8.0,1.0,2.0,6.0,7.0,2.0,4.0,3.0,4.0,1.0,0.06,0.44,0.31,0.0,0.0,0.0,12.06,8.0,7.5,2.0,0.1,0.44,0.44,0.48,0.46,0.46,8.42,0.63,0.65,1.93,0.24,4.44,3.11,0.55,0.67,0.59,6.0,5.0,5.0,16.0,0.0,1.0,0.0,0.0,0.0,7.0,3.0,6.0,11.0,1.0,2.0,6.0,3.0,0.0,3.0,9.0,2.0,0.0,0.33,0.29,0.0,0.0,0.0,0.0,17.22,11.0,11.76,1.0,0.13,0.14,0.14,0.62,0.67,0.57
84774958478859,2025,Mikkola-Jones,FLA,pairing,5on5,1,1033.0,1.0,0.64,0.53,0.54,10.12,1.11,0.78,2.32,0.3,5.12,3.38,1.09,1.08,1.07,8.0,5.0,8.0,21.0,0.0,0.0,0.0,5.0,0.0,4.0,4.0,8.0,13.0,1.0,2.0,8.0,12.0,2.0,6.0,8.0,4.0,1.0,0.19,0.66,0.26,0.0,0.0,0.0,20.82,13.0,12.96,4.0,0.16,0.0,0.0,1.27,1.24,1.22,8.07,0.62,0.44,1.78,0.25,4.45,3.46,0.62,0.65,0.65,7.0,4.0,8.0,19.0,1.0,0.0,0.0,1.0,1.0,5.0,3.0,6.0,10.0,2.0,4.0,9.0,11.0,1.0,2.0,8.0,3.0,0.0,0.26,0.36,0.0,0.0,1.0,0.0,19.62,11.0,11.34,1.0,0.09,0.0,0.0,0.71,0.75,0.74
847688284774798483493,2025,Bertuzzi-Nazar-Teravainen,CHI,line,5on5,1,628.0,1.0,0.3,0.39,0.38,4.55,0.46,0.27,1.12,0.15,2.35,1.65,0.46,0.49,0.49,5.0,1.0,3.0,9.0,2.0,0.0,0.0,2.0,0.0,2.0,0.0,3.0,4.0,1.0,2.0,6.0,4.0,2.0,1.0,4.0,2.0,0.0,0.14,0.33,0.0,1.0,1.0,0.0,9.13,6.0,6.12,0.0,0.06,0.0,0.0,0.52,0.55,0.55,7.58,1.09,0.59,1.85,0.26,3.62,2.59,1.03,1.07,1.01,7.0,3.0,4.0,14.0,1.0,1.0,0.0,1.0,0.0,4.0,3.0,6.0,9.0,2.0,4.0,9.0,4.0,0.0,5.0,6.0,2.0,2.0,0.3,0.29,0.49,0.0,1.0,0.0,14.03,10.0,10.05,1.0,0.13,0.23,0.23,0.98,0.97,0.93
84780388480069,2025,Toews-Makar,COL,pairing,5on5,1,705.0,1.0,0.61,0.38,0.47,6.97,0.72,0.49,1.96,0.25,3.28,2.3,0.7,0.79,0.77,5.0,4.0,1.0,10.0,1.0,2.0,1.0,0.0,0.0,3.0,3.0,4.0,8.0,2.0,4.0,5.0,4.0,0.0,7.0,5.0,3.0,1.0,0.16,0.33,0.23,0.0,0.0,1.0,11.06,9.0,9.72,3.0,0.11,0.26,0.26,0.57,0.61,0.6,7.31,0.46,0.46,1.95,0.27,3.99,2.88,0.46,0.42,0.42,6.0,4.0,6.0,16.0,0.0,0.0,0.0,1.0,0.0,4.0,5.0,6.0,10.0,0.0,0.0,5.0,8.0,2.0,6.0,9.0,1.0,0.0,0.29,0.16,0.0,0.0,0.0,0.0,14.36,10.0,9.08,2.0,0.09,0.0,0.0,0.55,0.5,0.5
84773698478840,2025,Soucy-Borgen,NYR,pairing,5on5,1,762.0,3.0,0.59,0.5,0.53,7.22,0.71,0.56,1.88,0.27,3.88,2.69,0.71,0.66,0.65,8.0,2.0,5.0,15.0,0.0,2.0,0.0,0.0,0.0,5.0,3.0,8.0,10.0,0.0,0.0,4.0,9.0,0.0,4.0,7.0,2.0,1.0,0.18,0.22,0.31,0.0,0.0,0.0,13.95,10.0,9.33,0.0,0.12,0.44,0.44,0.39,0.37,0.37,6.78,0.5,0.45,1.61,0.2,3.46,2.77,0.45,0.55,0.49,8.0,1.0,6.0,15.0,0.0,1.0,0.0,0.0,0.0,5.0,3.0,8.0,9.0,0.0,0.0,2.0,6.0,1.0,2.0,7.0,2.0,0.0,0.24,0.26,0.0,0.0,0.0,0.0,16.26,9.0,9.83,1.0,0.09,0.15,0.15,0.45,0.49,0.42
84745788478450,2025,Wotherspoon-Karlsson,PIT,pairing,5on5,1,801.0,1.0,0.62,0.58,0.57,6.15,0.58,0.43,1.42,0.18,3.1,2.3,0.57,0.63,0.62,6.0,2.0,3.0,11.0,0.0,1.0,0.0,0.0,0.0,3.0,4.0,6.0,8.0,0.0,0.0,4.0,6.0,0.0,6.0,5.0,3.0,0.0,0.14,0.44,0.0,0.0,0.0,0.0,11.99,8.0,8.73,3.0,0.09,0.15,0.15,0.52,0.57,0.57,4.22,0.35,0.35,1.37,0.2,2.26,1.47,0.33,0.33,0.3,4.0,2.0,2.0,8.0,0.0,2.0,0.0,1.0,0.0,0.0,3.0,4.0,6.0,1.0,2.0,2.0,10.0,0.0,1.0,4.0,2.0,0.0,0.11,0.24,0.0,0.0,0.0,0.0,7.38,6.0,5.55,0.0,0.07,0.2,0.2,0.23,0.21,0.2
