playerId,season,name,team,position,situation,games_played,icetime,shifts,gameScore,onIce_xGoalsPercentage,offIce_xGoalsPercentage,onIce_corsiPercentage,offIce_corsiPercentage,onIce_fenwickPercentage,offIce_fenwickPercentage,iceTimeRank,I_F_xOnGoal,I_F_xGoals,I_F_xRebounds,I_F_xFreeze,I_F_xPlayStopped,I_F_xPlayContinuedInZone,I_F_xPlayContinuedOutsideZone,I_F_flurryAdjustedxGoals,I_F_scoreVenueAdjustedxGoals,I_F_flurryScoreVenueAdjustedxGoals,I_F_primaryAssists,I_F_secondaryAssists,I_F_shotsOnGoal,I_F_missedShots,I_F_blockedShotAttempts,I_F_shotAttempts,I_F_points,I_F_goals,I_F_rebounds,I_F_reboundGoals,I_F_freeze,I_F_playStopped,I_F_playContinuedInZone,I_F_playContinuedOutsideZone,I_F_savedShotsOnGoal,I_F_savedUnblockedShotAttempts,penalties,I_F_penalityMinutes,I_F_faceOffsWon,I_F_hits,I_F_takeaways,I_F_giveaways,I_F_lowDangerShots,I_F_mediumDangerShots,I_F_highDangerShots,I_F_lowDangerxGoals,I_F_mediumDangerxGoals,I_F_highDangerxGoals,I_F_lowDangerGoals,I_F_mediumDangerGoals,I_F_highDangerGoals,I_F_scoreAdjustedShotsAttempts,I_F_unblockedShotAttempts,I_F_scoreAdjustedUnblockedShotAttempts,I_F_dZoneGiveaways,I_F_xGoalsFromxReboundsOfShots,I_F_xGoalsFromActualReboundsOfShots,I_F_reboundxGoals,I_F_xGoals_with_earned_rebounds,I_F_xGoals_with_earned_rebounds_scoreAdjusted,I_F_xGoals_with_earned_rebounds_scoreFlurryAdjusted,I_F_shifts,I_F_oZoneShiftStarts,I_F_dZoneShiftStarts,I_F_neutralZoneShiftStarts,I_F_flyShiftStarts,I_F_oZoneShiftEnds,I_F_dZoneShiftEnds,I_F_neutralZoneShiftEnds,I_F_flyShiftEnds,faceoffsWon,faceoffsLost,timeOnBench,penalityMinutes,penalityMinutesDrawn,penaltiesDrawn,shotsBlockedByPlayer,OnIce_F_xOnGoal,OnIce_F_xGoals,OnIce_F_flurryAdjustedxGoals,OnIce_F_scoreVenueAdjustedxGoals,OnIce_F_flurryScoreVenueAdjustedxGoals,OnIce_F_shotsOnGoal,OnIce_F_missedShots,OnIce_F_blockedShotAttempts,OnIce_F_shotAttempts,OnIce_F_goals,OnIce_F_rebounds,OnIce_F_reboundGoals,OnIce_F_lowDangerShots,OnIce_F_mediumDangerShots,OnIce_F_highDangerShots,OnIce_F_lowDangerxGoals,OnIce_F_mediumDangerxGoals,OnIce_F_highDangerxGoals,OnIce_F_lowDangerGoals,OnIce_F_mediumDangerGoals,OnIce_F_highDangerGoals,OnIce_F_scoreAdjustedShotsAttempts,OnIce_F_unblockedShotAttempts,OnIce_F_scoreAdjustedUnblockedShotAttempts,OnIce_F_xGoalsFromxReboundsOfShots,OnIce_F_xGoalsFromActualReboundsOfShots,OnIce_F_reboundxGoals,OnIce_F_xGoals_with_earned_rebounds,OnIce_F_xGoals_with_earned_rebounds_scoreAdjusted,OnIce_F_xGoals_with_earned_rebounds_scoreFlurryAdjusted,OnIce_A_xOnGoal,OnIce_A_xGoals,OnIce_A_flurryAdjustedxGoals,OnIce_A_scoreVenueAdjustedxGoals,OnIce_A_flurryScoreVenueAdjustedxGoals,OnIce_A_shotsOnGoal,OnIce_A_missedShots,OnIce_A_blockedShotAttempts,OnIce_A_shotAttempts,OnIce_A_goals,OnIce_A_rebounds,OnIce_A_reboundGoals,OnIce_A_lowDangerShots,OnIce_A_mediumDangerShots,OnIce_A_highDangerShots,OnIce_A_lowDangerxGoals,OnIce_A_mediumDangerxGoals,OnIce_A_highDangerxGoals,OnIce_A_lowDangerGoals,OnIce_A_mediumDangerGoals,OnIce_A_highDangerGoals,OnIce_A_scoreAdjustedShotsAttempts,OnIce_A_unblockedShotAttempts,OnIce_A_scoreAdjustedUnblockedShotAttempts,OnIce_A_xGoalsFromxReboundsOfShots,OnIce_A_xGoalsFromActualReboundsOfShots,OnIce_A_reboundxGoals,OnIce_A_xGoals_with_earned_rebounds,OnIce_A_xGoals_with_earned_rebounds_scoreAdjusted,OnIce_A_xGoals_with_earned_rebounds_scoreFlurryAdjusted,OffIce_F_xGoals,OffIce_A_xGoals,OffIce_F_shotAttempts,OffIce_A_shotAttempts,xGoalsForAfterShifts,xGoalsAgainstAfterShifts,corsiForAfterShifts,corsiAgainstAfterShifts,fenwickForAfterShifts,fenwickAgainstAfterShifts,past_games,past_sog,past_a_sog,past_e_shot,past_goals,past_a_goals,past_e_goals,past_on_ice_goal,past_a_on_ice_goal,past_assists1,past_assists2,past_rebound_goals,SOG_22,AVG_SOG_22,GOALS_22,AVG_GOALS_22,ASSISTS1_22,ASSISTS2_22,AVG_ASSISTS_22,REBOUNDS_22,AVG_REBOUNDS_22,ONICE_GOALS_22,SOG_23,AVG_SOG_23,GOALS_23,AVG_GOALS_23,ASSISTS1_23,ASSISTS2_23,AVG_ASSISTS_23,REBOUNDS_23,AVG_REBOUNDS_23,ONICE_GOALS_23,SOG_24,AVG_SOG_24,GOALS_24,AVG_GOALS_24,ASSISTS1_24,ASSISTS2_24,AVG_ASSISTS_24,REBOUNDS_24,AVG_REBOUNDS_24,ONICE_GOALS_24
8473533,2025,Jordan Staal,CAR,C,all,5,4511.0,118.0,4.85,0.51,0.68,0.55,0.62,0.57,0.64,28.0,6.08,1.07,0.42,1.31,0.26,3.52,2.41,1.03,1.14,1.1,0.0,0.0,8.0,1.0,3.0,12.0,3.0,3.0,1.0,0.0,3.0,0.0,1.0,1.0,5.0,6.0,1.0,2.0,63.0,10.0,2.0,3.0,2.0,5.0,2.0,0.09,0.51,0.48,1.0,2.0,0.0,12.8,9.0,9.65,1.0,0.09,0.4,0.48,0.68,0.74,0.73,118.0,16.0,24.0,28.0,50.0,25.0,7.0,20.0,66.0,63.0,38.0,13877.0,2.0,2.0,1.0,1.0,41.35,4.94,4.69,5.07,4.82,37.0,19.0,22.0,78.0,5.0,6.0,0.0,34.0,15.0,7.0,0.94,1.83,2.17,2.0,2.0,1.0,81.33,56.0,58.17,0.56,1.24,1.07,4.42,4.55,4.45,32.37,4.76,4.37,4.69,4.3,30.0,13.0,20.0,63.0,2.0,3.0,1.0,26.0,11.0,6.0,0.86,1.57,2.33,0.0,0.0,2.0,60.86,43.0,41.91,0.52,0.94,0.94,4.34,4.26,4.22,17.07,8.18,304.0,184.0,0.0,0.0,0.0,0.0,0.0,0.0,:5:4:3:2:1,:8:4:3:3:0,:2:1:1:2:0,:6:3:2:2:0,:3:1:1:1:0,:1:0:0:0:0,:1:0:0:0:0,:5:3:3:3:2,:1:1:1:2:2,:0:0:0:0:0,:0:0:0:0:0,:0:0:0:0:0,124,2,17,0,7,10,0,2,0,68,123,2,10,0,7,13,0,2,0,65,107,1,13,0,15,8,0,1,0,61
8475172,2025,Nazem Kadri,CGY,C,all,6,7320.0,132.0,3.06,0.56,0.39,0.61,0.44,0.58,0.45,9.0,14.52,1.38,1.29,2.96,0.52,8.31,5.53,1.36,1.37,1.34,2.0,2.0,14.0,6.0,11.0,31.0,4.0,0.0,1.0,0.0,0.0,0.0,9.0,10.0,14.0,20.0,3.0,6.0,37.0,3.0,4.0,7.0,12.0,8.0,0.0,0.26,1.12,0.0,0.0,0.0,0.0,30.08,20.0,19.84,0.0,0.3,0.3,0.0,1.68,1.66,1.63,132.0,33.0,10.0,15.0,74.0,10.0,20.0,29.0,73.0,37.0,41.0,14580.0,6.0,0.0,0.0,3.0,72.34,8.74,8.53,8.7,8.48,56.0,42.0,54.0,152.0,7.0,7.0,2.0,67.0,23.0,8.0,1.73,2.99,4.01,3.0,0.0,4.0,148.71,98.0,96.81,1.36,2.96,2.96,7.14,7.1,7.0,52.31,6.84,6.59,6.86,6.62,56.0,15.0,27.0,98.0,9.0,5.0,1.0,47.0,13.0,11.0,1.2,1.61,4.03,4.0,2.0,3.0,99.83,71.0,71.83,0.69,0.98,0.98,6.55,6.58,6.38,8.21,12.81,202.0,256.0,0.0,0.0,0.0,0.0,0.0,0.0,:6:5:4:3:2:1,:14:11:10:6:3:2,:2:2:2:2:2:2,:15:12:11:7:4:2,:0:0:0:0:0:0,:0:0:0:0:0:0,:1:1:1:1:0:0,:7:6:5:5:3:3,:1:1:1:2:2:3,:2:1:1:1:1:1,:2:2:1:1:0:0,:0:0:0:0:0:0,267,3,24,0,17,15,0,5,0,64,277,3,29,0,28,18,1,2,0,71,279,3,35,0,19,13,0,2,0,77
8480064,2025,Josh Norris,BUF,C,all,1,1131.0,24.0,0.26,0.84,0.44,0.59,0.51,0.63,0.48,4.0,2.84,0.38,0.23,0.56,0.1,1.77,0.97,0.36,0.37,0.35,0.0,0.0,4.0,0.0,0.0,4.0,0.0,0.0,0.0,0.0,1.0,0.0,1.0,2.0,4.0,4.0,0.0,0.0,4.0,1.0,0.0,1.0,2.0,1.0,1.0,0.08,0.09,0.21,0.0,0.0,0.0,3.92,4.0,3.92,0.0,0.05,0.0,0.0,0.44,0.42,0.4,24.0,5.0,3.0,5.0,11.0,4.0,5.0,1.0,14.0,4.0,8.0,2469.0,0.0,0.0,0.0,0.0,14.4,1.62,1.57,1.56,1.51,15.0,5.0,2.0,22.0,0.0,2.0,0.0,13.0,4.0,3.0,0.53,0.42,0.67,0.0,0.0,0.0,21.12,20.0,19.22,0.26,0.39,0.39,1.5,1.45,1.42,8.95,0.32,0.32,0.34,0.34,6.0,6.0,3.0,15.0,0.0,0.0,0.0,11.0,1.0,0.0,0.19,0.13,0.0,0.0,0.0,0.0,15.78,12.0,12.65,0.11,0.0,0.0,0.43,0.45,0.45,1.22,1.56,46.0,45.0,0.0,0.0,0.0,0.0,0.0,0.0,:1,:4,:4,:3,:0,:0,:0,:0,:0,:0,:0,:0,15,2,2,0,0,1,0,0,0,10,115,2,16,0,3,11,0,1,0,42,96,2,21,0,9,5,0,1,0,63
8480813,2025,Joe Veleno,MTL,C,all,1,584.0,13.0,0.3,0.43,0.38,0.59,0.48,0.58,0.46,11.0,2.23,0.19,0.14,0.47,0.06,1.26,0.87,0.19,0.19,0.19,0.0,0.0,2.0,1.0,0.0,3.0,0.0,0.0,0.0,0.0,1.0,0.0,2.0,0.0,2.0,3.0,0.0,0.0,1.0,3.0,0.0,1.0,2.0,1.0,0.0,0.07,0.12,0.0,0.0,0.0,0.0,3.08,3.0,3.12,1.0,0.03,0.0,0.0,0.22,0.22,0.22,13.0,4.0,0.0,3.0,6.0,4.0,1.0,3.0,5.0,1.0,1.0,3016.0,0.0,0.0,0.0,0.0,4.69,0.31,0.3,0.3,0.29,4.0,3.0,3.0,10.0,0.0,0.0,0.0,6.0,1.0,0.0,0.19,0.12,0.0,0.0,0.0,0.0,10.26,7.0,7.12,0.06,0.0,0.0,0.36,0.36,0.35,3.8,0.41,0.41,0.43,0.43,3.0,2.0,2.0,7.0,0.0,1.0,0.0,3.0,2.0,0.0,0.12,0.29,0.0,0.0,0.0,0.0,7.26,5.0,5.28,0.04,0.14,0.14,0.31,0.32,0.32,1.78,2.87,41.0,44.0,0.0,0.0,0.0,0.0,0.0,0.0,:1,:2,:2,:2,:0,:0,:0,:0,:0,:0,:0,:0,85,1,9,0,6,5,0,1,0,45,86,1,12,0,8,8,0,2,0,56,75,1,8,0,3,6,0,1,0,45
8478407,2025,Vince Dunn,SEA,D,all,5,6803.0,141.0,3.4,0.61,0.5,0.54,0.42,0.56,0.43,12.0,11.14,0.42,0.64,3.55,0.36,6.5,4.53,0.41,0.42,0.4,0.0,3.0,12.0,4.0,9.0,25.0,5.0,2.0,0.0,0.0,4.0,0.0,6.0,4.0,10.0,14.0,3.0,6.0,0.0,1.0,0.0,5.0,16.0,0.0,0.0,0.42,0.0,0.0,2.0,0.0,0.0,25.37,16.0,16.24,2.0,0.14,0.0,0.0,0.56,0.56,0.54,141.0,33.0,12.0,26.0,70.0,15.0,19.0,21.0,86.0,0.0,0.0,12184.0,6.0,0.0,0.0,2.0,61.79,6.23,5.96,6.28,6.01,59.0,26.0,32.0,117.0,7.0,6.0,1.0,57.0,23.0,5.0,1.45,2.92,1.86,2.0,3.0,2.0,119.18,85.0,86.41,1.11,1.13,1.13,6.21,6.24,6.08,47.6,3.98,3.9,3.95,3.86,37.0,29.0,35.0,101.0,4.0,3.0,0.0,53.0,8.0,5.0,1.5,1.04,1.44,2.0,0.0,2.0,99.7,66.0,65.37,0.61,0.51,0.51,4.09,4.05,3.97,8.74,8.73,173.0,237.0,0.0,0.0,0.0,0.0,0.0,0.0,:5:4:3:2:1,:12:10:8:6:4,:2:2:3:3:4,:11:10:9:6:4,:2:1:1:1:1,:0:0:0:0:1,:0:0:0:0:0,:7:5:5:4:2,:1:1:2:2:2,:0:0:0:0:0,:3:3:3:2:0,:0:0:0:0:0,150,2,14,0,24,26,1,0,0,86,120,2,11,0,19,16,1,0,0,54,137,2,11,0,12,16,0,1,0,79
8480865,2025,Noah Dobson,MTL,D,all,6,8031.0,150.0,3.27,0.47,0.53,0.54,0.49,0.55,0.49,15.0,10.44,0.33,0.7,2.79,0.38,7.19,4.62,0.3,0.33,0.3,1.0,1.0,11.0,5.0,9.0,25.0,3.0,1.0,0.0,0.0,3.0,0.0,9.0,3.0,10.0,15.0,2.0,4.0,0.0,1.0,2.0,6.0,16.0,0.0,0.0,0.33,0.0,0.0,1.0,0.0,0.0,24.84,16.0,15.81,3.0,0.15,0.0,0.0,0.48,0.48,0.44,150.0,12.0,20.0,29.0,89.0,17.0,12.0,26.0,95.0,0.0,0.0,14071.0,4.0,2.0,1.0,7.0,70.19,6.79,6.51,6.84,6.55,61.0,35.0,33.0,129.0,8.0,5.0,0.0,66.0,22.0,8.0,1.97,2.56,2.26,3.0,4.0,1.0,129.98,96.0,96.54,1.05,1.08,1.44,6.4,6.47,6.3,58.79,7.67,7.52,7.64,7.5,47.0,32.0,31.0,110.0,7.0,3.0,0.0,53.0,19.0,7.0,1.35,2.36,3.96,1.0,3.0,3.0,109.42,79.0,78.69,0.83,0.86,0.86,7.64,7.65,7.5,11.58,10.44,200.0,205.0,0.0,0.0,0.0,0.0,0.0,0.0,:6:5:4:3:2:1,:11:8:6:5:2:1,:2:2:2:2:1:1,:10:8:5:4:2:1,:1:0:0:0:0:0,:0:0:0:0:0:0,:0:0:0:0:0:0,:8:5:4:2:2:1,:1:1:1:1:1:1,:1:1:1:0:0:0,:1:1:1:1:1:0,:0:0:0:0:0:0,206,3,13,0,22,14,0,0,0,81,174,2,10,0,35,25,1,0,0,104,196,3,10,0,16,13,0,1,0,76
8484768,2025,Zayne Parekh,CGY,D,all,4,4225.0,95.0,1.3,0.42,0.5,0.58,0.46,0.57,0.47,19.0,9.6,0.55,0.61,2.23,0.31,6.14,4.16,0.54,0.54,0.53,0.0,0.0,8.0,6.0,8.0,22.0,0.0,0.0,0.0,0.0,2.0,0.0,6.0,6.0,8.0,14.0,0.0,0.0,0.0,1.0,0.0,5.0,13.0,1.0,0.0,0.46,0.09,0.0,0.0,0.0,0.0,21.48,14.0,13.67,5.0,0.14,0.0,0.0,0.69,0.67,0.66,95.0,10.0,2.0,11.0,72.0,16.0,13.0,9.0,57.0,0.0,0.0,10175.0,0.0,2.0,1.0,4.0,45.9,3.57,3.53,3.54,3.49,38.0,24.0,23.0,85.0,0.0,1.0,0.0,47.0,14.0,1.0,1.41,1.96,0.21,0.0,0.0,0.0,82.69,62.0,60.92,0.62,0.2,0.2,4.0,3.96,3.91,33.77,5.02,4.75,5.1,4.83,33.0,13.0,15.0,61.0,3.0,3.0,0.0,32.0,7.0,7.0,0.94,0.86,3.21,0.0,0.0,3.0,63.07,46.0,47.08,0.45,0.57,0.57,4.89,4.97,4.76,9.29,9.38,157.0,181.0,0.0,0.0,0.0,0.0,0.0,0.0,:4:3:2:1,:8:5:3:2,:2:2:2:2,:10:5:4:3,:0:0:0:0,:0:0:0:0,:1:0:0:0,:0:0:0:0,:0:0:0:0,:0:0:0:0,:0:0:0:0,:0:0:0:0,,,,,,,,,,,,,,,,,,,,,2,2,1,1,0,0,0,0,0,1
8475913,2025,Mark Stone,VGK,R,all,6,6627.0,125.0,12.21,0.68,0.46,0.64,0.49,0.7,0.47,29.0,18.85,2.56,1.68,3.9,0.62,9.46,6.78,2.4,2.58,2.42,10.0,1.0,19.0,6.0,5.0,30.0,13.0,2.0,4.0,1.0,0.0,0.0,13.0,6.0,17.0,23.0,0.0,0.0,0.0,3.0,1.0,6.0,13.0,9.0,3.0,0.42,1.22,0.92,0.0,1.0,1.0,30.82,25.0,25.47,0.0,0.38,0.66,0.64,2.3,2.32,2.24,125.0,19.0,19.0,18.0,69.0,20.0,12.0,29.0,64.0,0.0,1.0,15653.0,0.0,6.0,3.0,5.0,82.61,9.85,9.22,9.9,9.27,77.0,34.0,35.0,146.0,15.0,9.0,4.0,72.0,27.0,12.0,1.67,3.69,4.48,3.0,6.0,6.0,146.03,111.0,110.79,1.41,1.62,1.62,9.64,9.68,9.2,35.48,4.56,4.53,4.62,4.59,33.0,15.0,33.0,81.0,6.0,1.0,1.0,33.0,9.0,6.0,0.79,1.15,2.61,2.0,1.0,3.0,81.57,48.0,48.72,0.5,0.92,0.92,4.14,4.21,4.19,11.24,13.04,251.0,262.0,0.0,0.0,0.0,0.0,0.0,0.0,:6:5:4:3:2:1,:19:15:9:5:4:3,:3:3:2:2:2:3,:19:15:9:5:4:3,:2:0:0:0:0:0,:0:0:0:0:0:0,:3:2:1:1:1:1,:15:10:7:5:4:2,:2:2:2:2:2:2,:10:8:6:5:4:2,:1:1:0:0:0:0,:1:0:0:0:0:0,113,3,17,0,13,8,0,4,0,35,117,2,16,0,20,17,1,1,0,56,131,2,19,0,34,14,1,2,0,58
8478864,2025,Kirill Kaprizov,MIN,L,all,6,7943.0,115.0,8.4,0.59,0.36,0.62,0.4,0.62,0.41,14.0,24.25,2.81,1.87,5.08,0.93,14.43,8.89,2.7,2.8,2.69,3.0,2.0,22.0,12.0,8.0,42.0,9.0,4.0,5.0,0.0,5.0,0.0,16.0,4.0,18.0,30.0,0.0,0.0,0.0,2.0,0.0,8.0,24.0,7.0,3.0,0.68,0.85,1.28,1.0,2.0,1.0,41.71,34.0,33.53,3.0,0.48,1.91,0.35,2.94,2.93,2.82,115.0,33.0,9.0,20.0,53.0,15.0,12.0,28.0,60.0,0.0,0.0,14114.0,0.0,2.0,1.0,3.0,92.22,10.97,9.22,11.02,9.27,76.0,50.0,44.0,170.0,11.0,10.0,2.0,94.0,17.0,15.0,2.83,2.01,6.13,2.0,4.0,5.0,170.59,126.0,125.86,1.66,2.98,2.98,9.65,9.69,8.1,57.22,7.63,7.48,7.52,7.38,56.0,22.0,25.0,103.0,8.0,6.0,0.0,58.0,13.0,7.0,1.81,1.81,4.01,4.0,1.0,3.0,103.13,78.0,77.79,0.75,1.21,1.21,7.17,7.1,7.06,7.44,13.3,180.0,265.0,0.0,0.0,0.0,0.0,0.0,0.0,:6:5:4:3:2:1,:22:20:19:13:11:0,:4:4:5:4:6:0,:24:20:18:13:11:2,:4:4:4:3:2:0,:1:1:1:1:1:0,:3:3:3:1:1:0,:11:11:11:9:7:3,:2:2:3:3:4:3,:3:3:3:3:3:3,:2:2:2:1:1:0,:0:0:0:0:0:0,261,4,40,1,26,9,1,8,0,60,277,4,46,1,33,17,1,8,0,62,145,4,25,1,22,9,1,4,0,39
8477986,2025,Brandon Montour,SEA,D,all,4,5473.0,107.0,3.72,0.6,0.53,0.5,0.44,0.53,0.45,7.0,10.52,0.4,0.56,2.68,0.35,6.25,4.76,0.39,0.4,0.39,3.0,1.0,11.0,4.0,9.0,24.0,4.0,0.0,1.0,0.0,2.0,0.0,3.0,9.0,11.0,15.0,1.0,5.0,0.0,8.0,3.0,5.0,15.0,0.0,0.0,0.4,0.0,0.0,0.0,0.0,0.0,24.17,15.0,14.92,3.0,0.12,0.41,0.0,0.51,0.51,0.51,107.0,15.0,9.0,19.0,64.0,17.0,16.0,20.0,54.0,0.0,0.0,9728.0,5.0,5.0,1.0,9.0,50.78,4.55,4.44,4.58,4.47,44.0,25.0,25.0,94.0,4.0,4.0,2.0,54.0,11.0,4.0,1.65,1.4,1.49,0.0,2.0,2.0,94.94,69.0,69.59,0.75,1.36,1.36,3.94,3.98,3.93,44.01,3.05,2.99,3.08,3.02,38.0,24.0,33.0,95.0,0.0,3.0,0.0,51.0,11.0,0.0,1.46,1.59,0.0,0.0,0.0,0.0,95.25,62.0,62.43,0.61,0.35,0.35,3.31,3.35,3.3,7.92,6.95,143.0,183.0,0.0,0.0,0.0,0.0,0.0,0.0,:4:3:2:1,:11:10:7:4,:3:3:4:4,:11:9:6:3,:0:0:0:0,:0:0:0:0,:0:0:0:0,:4:2:1:1,:1:1:0:1,:3:2:1:1,:1:0:0:0,:0:0:0:0,242,3,16,0,26,31,1,4,0,110,168,3,8,0,6,19,0,1,0,59,231,3,18,0,10,13,0,1,0,94
8483524,2025,Shane Wright,SEA,C,all,5,4529.0,101.0,3.5,0.71,0.49,0.54,0.44,0.57,0.45,40.0,11.9,1.89,0.92,2.35,0.42,5.47,3.94,1.81,1.93,1.84,1.0,1.0,11.0,4.0,2.0,17.0,4.0,2.0,2.0,2.0,1.0,0.0,6.0,4.0,9.0,13.0,0.0,0.0,22.0,7.0,0.0,5.0,8.0,5.0,2.0,0.36,0.57,0.96,0.0,1.0,1.0,17.25,15.0,15.29,3.0,0.23,0.34,1.05,1.06,1.08,1.05,101.0,19.0,7.0,19.0,56.0,16.0,18.0,15.0,52.0,22.0,34.0,14458.0,0.0,0.0,0.0,1.0,40.55,4.42,4.29,4.48,4.35,38.0,16.0,22.0,76.0,5.0,3.0,2.0,40.0,11.0,3.0,1.33,1.39,1.71,1.0,2.0,2.0,77.09,54.0,54.94,0.6,1.05,1.05,3.97,4.02,3.94,28.77,1.79,1.78,1.78,1.77,27.0,13.0,25.0,65.0,1.0,2.0,0.0,33.0,6.0,1.0,0.76,0.82,0.21,0.0,0.0,1.0,63.88,40.0,39.48,0.36,0.2,0.2,1.96,1.94,1.93,10.55,10.92,214.0,273.0,0.0,0.0,0.0,0.0,0.0,0.0,:5:4:3:2:1,:11:6:0:0:0,:2:2:0:0:0,:12:8:3:2:0,:2:1:0:0:0,:0:0:0:0:0,:2:1:0:0:0,:5:3:2:1:1,:1:1:1:0:1,:1:1:1:0:0,:1:0:0:0:0,:2:1:0:0:0,4,0,1,0,0,1,0,0,0,2,12,2,4,0,1,0,0,0,0,3,91,1,19,0,15,10,0,3,0,54
8476422,2025,Mike Reilly,CAR,D,all,3,3345.0,85.0,4.5,0.59,0.61,0.6,0.59,0.63,0.6,14.0,6.6,0.16,0.29,2.2,0.21,3.49,2.65,0.16,0.18,0.17,2.0,0.0,8.0,1.0,4.0,13.0,2.0,0.0,0.0,0.0,1.0,0.0,4.0,4.0,8.0,9.0,0.0,0.0,0.0,1.0,0.0,3.0,9.0,0.0,0.0,0.16,0.0,0.0,0.0,0.0,0.0,14.22,9.0,9.77,1.0,0.06,0.0,0.02,0.2,0.22,0.21,85.0,9.0,9.0,14.0,53.0,18.0,11.0,9.0,47.0,0.0,0.0,7560.0,0.0,0.0,0.0,6.0,44.52,4.44,4.3,4.83,4.68,43.0,16.0,19.0,78.0,6.0,5.0,2.0,39.0,15.0,5.0,1.13,1.9,1.41,2.0,4.0,0.0,86.62,59.0,64.86,0.59,0.84,0.84,4.19,4.54,4.43,25.15,3.04,2.99,2.94,2.88,22.0,12.0,17.0,51.0,3.0,2.0,0.0,21.0,10.0,3.0,0.79,1.35,0.9,2.0,1.0,0.0,47.71,34.0,32.25,0.43,0.45,0.45,3.02,2.9,2.87,7.55,4.74,144.0,99.0,0.0,0.0,0.0,0.0,0.0,0.0,:3:2:1,:8:8:5,:3:4:5,:7:6:4,:0:0:0,:0:0:0,:0:0:0,:6:4:2,:2:2:2,:2:1:1,:0:0:0,:0:0:0,12,1,0,0,0,1,0,0,0,6,126,2,6,0,9,9,0,0,0,43,31,2,0,0,2,0,0,0,0,11
8480015,2025,Owen Tippett,PHI,R,all,5,4942.0,105.0,3.6,0.58,0.46,0.54,0.41,0.53,0.42,33.0,17.03,2.1,1.08,3.66,0.57,10.0,6.59,1.65,2.08,1.62,0.0,0.0,14.0,10.0,3.0,27.0,3.0,3.0,0.0,1.0,1.0,0.0,12.0,8.0,11.0,21.0,3.0,6.0,0.0,9.0,1.0,5.0,17.0,6.0,1.0,0.57,0.64,0.89,2.0,0.0,1.0,26.42,24.0,23.46,1.0,0.23,0.0,0.89,1.44,1.41,1.28,105.0,17.0,13.0,10.0,65.0,16.0,16.0,14.0,59.0,0.0,0.0,13498.0,6.0,2.0,1.0,2.0,41.88,4.85,4.29,4.78,4.22,34.0,23.0,22.0,79.0,4.0,2.0,1.0,35.0,19.0,3.0,1.17,2.18,1.5,3.0,0.0,1.0,77.84,57.0,56.03,0.61,1.08,1.08,4.38,4.31,4.09,35.76,3.47,3.44,3.47,3.44,32.0,18.0,17.0,67.0,1.0,2.0,0.0,40.0,6.0,4.0,1.11,0.79,1.57,0.0,0.0,1.0,68.08,50.0,50.58,0.42,0.47,0.47,3.42,3.43,3.42,10.52,12.23,158.0,224.0,0.0,0.0,0.0,0.0,0.0,0.0,:5:4:3:2:1,:14:9:7:3:1,:3:2:2:2:1,:17:11:9:4:1,:3:2:1:1:0,:1:0:0:0:0,:2:2:2:1:0,:4:3:1:1:0,:1:1:0:0:0,:0:0:0:0:0,:0:0:0:0:0,:1:1:1:1:0,231,3,27,0,11,11,0,2,0,69,289,4,28,0,17,8,0,2,0,58,188,2,20,0,16,7,0,0,0,53
8482122,2025,Brock Faber,MIN,D,all,6,8402.0,157.0,0.17,0.33,0.53,0.42,0.53,0.41,0.54,7.0,12.03,0.26,0.61,3.31,0.42,7.39,6.01,0.25,0.26,0.25,0.0,0.0,9.0,9.0,4.0,22.0,0.0,0.0,1.0,0.0,2.0,0.0,9.0,6.0,9.0,18.0,0.0,0.0,0.0,2.0,5.0,5.0,18.0,0.0,0.0,0.26,0.0,0.0,0.0,0.0,0.0,22.76,18.0,18.25,4.0,0.12,0.28,0.0,0.38,0.38,0.38,157.0,10.0,27.0,32.0,88.0,19.0,19.0,20.0,99.0,0.0,0.0,13655.0,0.0,0.0,0.0,10.0,55.75,4.06,3.99,4.0,3.92,55.0,22.0,34.0,111.0,2.0,3.0,0.0,62.0,11.0,4.0,1.34,1.44,1.29,1.0,1.0,0.0,111.1,77.0,76.31,0.66,0.74,0.74,3.98,3.94,3.9,80.37,8.37,7.88,8.28,7.8,82.0,29.0,45.0,156.0,10.0,8.0,1.0,81.0,20.0,10.0,2.48,2.8,3.09,5.0,1.0,4.0,155.91,111.0,110.33,1.24,1.42,1.42,8.19,8.12,7.87,14.34,12.56,239.0,212.0,0.0,0.0,0.0,0.0,0.0,0.0,:6:5:4:3:2:1,:9:8:8:5:5:2,:2:2:2:2:2:2,:12:9:9:7:6:3,:0:0:0:0:0:0,:0:0:0:0:0:0,:0:0:0:0:0:0,:2:1:1:1:1:1,:0:0:0:0:0:1,:0:0:0:0:0:0,:0:0:0:0:0:0,:0:0:0:0:0:0,1,0,0,0,0,0,0,0,0,2,136,2,8,0,18,21,0,2,0,111,124,2,10,0,6,13,0,0,0,108
8475799,2025,Nino Niederreiter,WPG,R,all,5,4273.0,91.0,4.11,0.61,0.42,0.55,0.39,0.57,0.38,34.0,11.84,2.77,1.04,2.18,0.35,5.21,3.45,2.6,2.78,2.61,2.0,1.0,12.0,3.0,2.0,17.0,5.0,2.0,2.0,0.0,2.0,0.0,5.0,4.0,10.0,13.0,0.0,0.0,1.0,10.0,1.0,1.0,6.0,3.0,6.0,0.22,0.39,2.16,0.0,0.0,2.0,17.37,15.0,15.14,0.0,0.25,0.37,0.0,3.02,3.04,2.85,91.0,13.0,7.0,16.0,55.0,17.0,12.0,14.0,48.0,1.0,0.0,13727.0,0.0,0.0,0.0,2.0,43.83,5.4,5.13,5.43,5.17,41.0,18.0,18.0,77.0,6.0,4.0,1.0,40.0,9.0,10.0,1.02,1.01,3.37,1.0,1.0,4.0,79.2,59.0,59.69,0.8,0.78,0.78,5.42,5.46,5.23,33.19,3.41,3.21,3.39,3.19,29.0,16.0,18.0,63.0,2.0,6.0,0.0,29.0,12.0,4.0,0.84,1.5,1.06,0.0,1.0,1.0,61.77,45.0,44.72,0.48,1.02,1.02,2.88,2.87,2.81,11.06,15.27,168.0,264.0,0.0,0.0,0.0,0.0,0.0,0.0,:5:4:3:2:1,:12:10:8:5:4,:2:2:3:2:4,:12:10:8:6:5,:2:1:1:0:0,:0:0:0:0:0,:3:2:2:1:1,:6:3:2:0:0,:1:1:1:0:0,:2:2:1:0:0,:1:0:0:0:0,:0:0:0:0:0,181,2,24,0,8,9,0,6,0,68,170,2,18,0,8,8,0,6,0,43,150,2,17,0,13,7,0,2,0,48
8478403,2025,Jack Eichel,VGK,C,all,6,7449.0,142.0,13.19,0.66,0.45,0.59,0.5,0.62,0.49,13.0,31.07,3.54,1.77,6.5,0.99,15.47,12.73,3.48,3.56,3.5,2.0,8.0,30.0,11.0,3.0,44.0,15.0,5.0,2.0,1.0,6.0,0.0,12.0,16.0,25.0,36.0,0.0,0.0,55.0,4.0,5.0,13.0,28.0,9.0,4.0,0.81,1.12,1.61,4.0,0.0,1.0,44.24,41.0,41.11,4.0,0.41,0.12,0.21,3.75,3.76,3.7,142.0,25.0,17.0,28.0,72.0,21.0,19.0,25.0,77.0,55.0,51.0,14831.0,0.0,4.0,2.0,4.0,93.31,11.61,11.03,11.68,11.1,82.0,42.0,37.0,161.0,17.0,9.0,3.0,74.0,37.0,13.0,1.97,4.95,4.7,4.0,7.0,6.0,162.47,124.0,124.63,1.58,1.45,1.45,11.75,11.81,11.35,54.38,6.0,5.92,5.96,5.88,48.0,27.0,36.0,111.0,5.0,4.0,2.0,57.0,13.0,5.0,1.52,1.78,2.7,2.0,1.0,2.0,110.35,75.0,74.96,0.75,1.67,1.67,5.09,5.06,5.0,9.47,11.59,236.0,232.0,0.0,0.0,0.0,0.0,0.0,0.0,:6:5:4:3:2:1,:30:27:18:11:8:5,:5:5:4:4:4:5,:31:28:19:12:8:4,:5:5:4:2:2:1,:1:1:1:1:1:1,:4:3:2:1:1:1,:17:12:9:7:6:4,:3:2:2:2:3:4,:2:1:1:1:1:1,:8:5:4:4:3:2,:1:1:1:0:0:0,223,3,27,0,22,17,1,3,0,61,278,4,31,0,21,16,1,4,0,66,233,3,28,0,27,39,1,3,0,85
8482074,2025,Connor Zary,CGY,C,all,6,4728.0,103.0,1.37,0.58,0.44,0.53,0.49,0.54,0.48,50.0,10.92,1.5,0.56,2.28,0.33,5.09,4.24,1.5,1.48,1.48,0.0,0.0,10.0,4.0,3.0,17.0,1.0,1.0,0.0,0.0,3.0,0.0,5.0,5.0,9.0,13.0,1.0,2.0,16.0,4.0,0.0,0.0,9.0,4.0,1.0,0.19,0.58,0.73,0.0,0.0,1.0,16.4,14.0,13.7,0.0,0.13,0.0,0.0,1.63,1.61,1.61,103.0,5.0,8.0,20.0,70.0,26.0,8.0,14.0,55.0,16.0,14.0,17172.0,2.0,6.0,3.0,2.0,41.84,3.97,3.93,3.96,3.92,35.0,21.0,22.0,78.0,1.0,2.0,0.0,41.0,12.0,3.0,1.15,1.47,1.35,0.0,0.0,1.0,76.22,56.0,55.27,0.55,0.43,0.43,4.09,4.07,4.04,34.16,2.84,2.73,2.86,2.75,26.0,21.0,21.0,68.0,2.0,4.0,1.0,36.0,8.0,3.0,1.07,1.05,0.72,1.0,1.0,0.0,70.48,47.0,47.82,0.46,0.79,0.79,2.5,2.51,2.49,12.98,16.82,276.0,286.0,0.0,0.0,0.0,0.0,0.0,0.0,:6:5:4:3:2:1,:10:9:8:6:4:3,:2:2:2:2:2:3,:11:8:7:6:3:3,:1:1:1:1:1:1,:0:0:0:0:0:1,:2:1:1:1:1:1,:1:1:1:1:1:1,:0:0:0:0:0:1,:0:0:0:0:0:0,:0:0:0:0:0:0,:0:0:0:0:0:0,,,,,,,,,,,90,1,14,0,11,9,0,3,0,37,111,2,13,0,5,9,0,2,0,38
8478427,2025,Sebastian Aho,CAR,C,all,5,5927.0,110.0,7.62,0.72,0.58,0.64,0.59,0.67,0.6,8.0,17.9,2.24,1.39,3.7,0.66,9.53,7.48,2.08,2.35,2.18,6.0,0.0,12.0,13.0,4.0,29.0,7.0,1.0,0.0,1.0,2.0,0.0,11.0,11.0,11.0,24.0,1.0,2.0,43.0,8.0,1.0,10.0,13.0,10.0,2.0,0.46,1.23,0.55,0.0,1.0,0.0,30.3,25.0,26.2,2.0,0.32,0.0,0.58,1.98,2.03,1.9,110.0,26.0,13.0,11.0,60.0,20.0,11.0,22.0,57.0,43.0,41.0,12461.0,2.0,4.0,2.0,3.0,76.58,8.87,8.4,9.21,8.71,74.0,30.0,32.0,136.0,8.0,6.0,1.0,68.0,27.0,9.0,2.13,3.43,3.31,3.0,3.0,2.0,142.23,104.0,109.1,1.22,0.98,1.14,8.95,9.25,8.88,37.74,3.45,3.27,3.33,3.17,36.0,15.0,26.0,77.0,3.0,3.0,0.0,38.0,10.0,3.0,1.18,1.16,1.1,3.0,0.0,0.0,73.79,51.0,49.11,0.51,0.98,0.98,2.97,2.89,2.84,13.14,9.5,246.0,170.0,0.0,0.0,0.0,0.0,0.0,0.0,:5:4:3:2:1,:12:9:7:4:3,:2:2:2:2:3,:18:15:12:9:5,:1:1:0:0:0,:0:0:0:0:0,:2:2:1:1:1,:8:7:4:3:2,:2:2:1:2:2,:6:5:4:3:2,:0:0:0:0:0,:1:1:0:0:0,218,3,36,0,24,7,0,2,0,70,216,3,36,0,34,19,1,5,0,77,207,3,29,0,33,12,1,2,0,79
8482809,2025,Jackson Blake,CAR,R,all,5,5113.0,96.0,5.88,0.72,0.6,0.66,0.59,0.66,0.61,24.0,18.9,2.0,1.2,4.19,0.61,10.07,6.93,1.87,2.02,1.89,2.0,1.0,19.0,6.0,3.0,28.0,4.0,1.0,2.0,0.0,3.0,0.0,9.0,10.0,18.0,24.0,4.0,8.0,0.0,2.0,1.0,8.0,16.0,7.0,2.0,0.47,0.81,0.72,1.0,0.0,0.0,29.01,25.0,25.95,0.0,0.27,0.79,0.72,1.55,1.58,1.53,96.0,16.0,2.0,21.0,57.0,19.0,18.0,16.0,43.0,0.0,0.0,13275.0,8.0,10.0,5.0,2.0,59.55,6.35,6.08,6.51,6.24,53.0,29.0,35.0,117.0,5.0,4.0,1.0,56.0,20.0,6.0,1.63,2.31,2.41,2.0,1.0,2.0,122.58,82.0,86.01,0.91,1.11,1.11,6.16,6.36,6.21,30.52,2.47,2.42,2.41,2.36,27.0,16.0,18.0,61.0,3.0,1.0,0.0,33.0,9.0,1.0,1.14,1.12,0.21,2.0,1.0,0.0,58.66,43.0,41.31,0.44,0.18,0.18,2.74,2.68,2.63,15.66,10.47,265.0,186.0,0.0,0.0,0.0,0.0,0.0,0.0,:5:4:3:2:1,:19:17:15:11:5,:4:4:5:6:5,:19:16:14:11:4,:1:1:1:0:0,:0:0:0:0:0,:2:2:2:2:0,:5:5:4:2:1,:1:1:1:1:1,:2:2:1:1:0,:1:1:1:1:1,:0:0:0:0:0,,,,,,,,,,,2,2,0,0,0,0,0,0,0,1,143,2,17,0,12,5,0,1,0,38
8483515,2025,Juraj Slafkovsk,MTL,L,all,6,6690.0,126.0,4.1,0.66,0.4,0.68,0.44,0.71,0.43,18.0,13.04,2.4,0.94,2.62,0.4,6.77,4.87,2.3,2.46,2.35,0.0,0.0,13.0,5.0,7.0,25.0,2.0,2.0,2.0,1.0,2.0,0.0,8.0,4.0,11.0,16.0,1.0,2.0,1.0,15.0,1.0,4.0,10.0,5.0,3.0,0.46,0.58,1.36,0.0,1.0,1.0,25.43,18.0,18.32,0.0,0.2,0.55,1.16,1.45,1.5,1.43,126.0,36.0,6.0,23.0,61.0,11.0,17.0,23.0,75.0,1.0,4.0,15412.0,2.0,0.0,0.0,4.0,70.43,9.33,8.38,9.45,8.49,62.0,34.0,33.0,129.0,8.0,10.0,2.0,69.0,18.0,9.0,2.31,2.23,4.79,3.0,2.0,3.0,130.88,96.0,97.28,1.37,2.62,2.62,8.09,8.19,8.01,29.77,4.75,4.71,4.73,4.69,26.0,14.0,21.0,61.0,4.0,3.0,0.0,26.0,9.0,5.0,0.82,1.24,2.68,2.0,0.0,2.0,60.34,40.0,39.54,0.39,0.55,0.55,4.58,4.54,4.52,9.04,13.36,200.0,254.0,0.0,0.0,0.0,0.0,0.0,0.0,:6:5:4:3:2:1,:13:12:11:10:8:6,:2:2:3:3:4:6,:13:12:11:10:9:6,:2:1:1:1:1:0,:0:0:0:0:0:0,:2:2:2:2:2:1,:8:7:6:5:2:0,:1:1:2:2:1:0,:0:0:0:0:0:0,:0:0:0:0:0:0,:1:1:1:1:1:0,,,,,,,,,,,,,,,,,,,,,133,2,18,0,16,17,0,2,0,69
8482100,2025,Alexander Nikishin,CAR,D,all,5,5196.0,111.0,4.9,0.58,0.65,0.52,0.65,0.53,0.66,28.0,7.99,0.49,0.49,2.19,0.24,4.38,3.2,0.44,0.5,0.45,1.0,2.0,8.0,3.0,10.0,21.0,4.0,1.0,1.0,0.0,2.0,0.0,5.0,2.0,7.0,10.0,1.0,2.0,0.0,13.0,2.0,7.0,10.0,1.0,0.0,0.33,0.16,0.0,1.0,0.0,0.0,22.16,11.0,11.42,7.0,0.1,0.14,0.0,0.59,0.61,0.55,111.0,17.0,6.0,19.0,69.0,14.0,16.0,18.0,63.0,0.0,0.0,13192.0,2.0,0.0,0.0,5.0,55.13,5.94,5.51,6.16,5.71,52.0,21.0,28.0,101.0,8.0,7.0,1.0,48.0,20.0,5.0,1.78,2.76,1.41,2.0,5.0,1.0,107.02,73.0,77.34,0.79,1.53,1.53,5.21,5.44,5.26,48.11,4.32,4.11,4.21,4.01,40.0,24.0,29.0,93.0,2.0,5.0,0.0,45.0,15.0,4.0,1.21,1.91,1.21,2.0,0.0,0.0,89.01,64.0,61.34,0.74,1.11,1.11,3.95,3.84,3.77,16.07,8.62,281.0,154.0,0.0,0.0,0.0,0.0,0.0,0.0,:5:4:3:2:1,:8:8:6:3:1,:2:2:2:2:1,:8:8:7:4:2,:1:1:0:0:0,:0:0:0:0:0,:0:0:0:0:0,:8:8:7:5:3,:2:2:2:2:3,:1:1:1:0:0,:2:2:2:2:1,:0:0:0:0:0,,,,,,,,,,,,,,,,,,,,,,,,,,,,,,
8475765,2025,Vladimir Tarasenko,MIN,R,all,6,5781.0,98.0,3.1,0.61,0.38,0.59,0.45,0.62,0.45,37.0,9.52,0.57,0.64,1.99,0.29,5.9,3.61,0.56,0.57,0.56,1.0,3.0,10.0,3.0,7.0,20.0,5.0,1.0,0.0,0.0,2.0,1.0,5.0,4.0,9.0,12.0,0.0,0.0,0.0,2.0,1.0,6.0,12.0,1.0,0.0,0.47,0.1,0.0,1.0,0.0,0.0,20.46,13.0,12.95,2.0,0.14,0.0,0.0,0.71,0.71,0.7,98.0,25.0,13.0,17.0,43.0,7.0,16.0,14.0,61.0,0.0,0.0,16276.0,0.0,2.0,1.0,2.0,67.92,9.23,7.62,9.25,7.64,63.0,27.0,31.0,121.0,9.0,7.0,2.0,64.0,13.0,13.0,2.03,1.48,5.72,2.0,3.0,4.0,123.05,90.0,90.51,1.29,2.35,2.35,8.18,8.2,6.68,39.26,5.87,5.65,5.77,5.55,35.0,20.0,30.0,85.0,4.0,2.0,0.0,39.0,10.0,6.0,1.08,1.4,3.39,1.0,0.0,3.0,83.83,55.0,53.89,0.53,0.2,0.2,6.19,6.08,5.94,9.17,15.06,229.0,283.0,0.0,0.0,0.0,0.0,0.0,0.0,:6:5:4:3:2:1,:10:9:8:7:6:1,:2:2:2:2:3:1,:10:8:7:6:5:1,:1:0:0:0:0:0,:0:0:0:0:0:0,:1:0:0:0:0:0,:9:8:8:6:4:1,:2:2:2:2:2:1,:1:1:1:1:0:0,:3:3:3:2:1:0,:0:0:0:0:0:0,169,2,18,0,16,16,0,1,0,70,155,2,23,0,20,12,0,4,0,60,133,2,11,0,12,10,0,1,0,61
8476460,2025,Mark Scheifele,WPG,C,all,5,5794.0,113.0,7.77,0.6,0.39,0.55,0.36,0.55,0.37,8.0,15.05,4.08,1.19,3.0,0.55,6.98,5.21,3.93,4.06,3.92,3.0,0.0,14.0,7.0,0.0,21.0,9.0,6.0,0.0,0.0,1.0,0.0,4.0,10.0,8.0,15.0,2.0,4.0,41.0,3.0,1.0,6.0,8.0,7.0,6.0,0.41,0.87,2.8,1.0,3.0,2.0,21.33,21.0,21.3,0.0,0.27,0.0,1.32,3.03,3.03,2.9,113.0,19.0,19.0,20.0,55.0,16.0,24.0,23.0,50.0,41.0,44.0,12206.0,4.0,8.0,4.0,1.0,57.57,7.87,7.58,7.84,7.55,55.0,21.0,32.0,108.0,11.0,8.0,1.0,44.0,24.0,8.0,1.54,2.97,3.36,3.0,5.0,3.0,109.26,76.0,76.94,1.02,1.77,1.77,7.12,7.09,6.83,46.07,5.28,5.06,5.27,5.05,43.0,20.0,25.0,88.0,4.0,6.0,1.0,42.0,16.0,5.0,1.2,2.05,2.03,1.0,2.0,1.0,84.89,63.0,61.73,0.71,1.26,1.26,4.73,4.72,4.62,8.59,13.4,137.0,239.0,0.0,0.0,0.0,0.0,0.0,0.0,:5:4:3:2:1,:14:11:8:4:1,:3:3:3:2:1,:15:12:9:6:2,:6:5:3:2:0,:1:1:1:1:0,:4:4:3:1:1,:11:10:8:7:4,:2:2:3:4:4,:3:3:3:3:3,:0:0:0:0:0,:0:0:0:0:0,206,3,42,1,15,11,0,4,0,86,154,2,25,0,32,15,1,2,0,76,181,2,39,0,32,16,1,10,0,83
8474586,2025,Jordan Eberle,SEA,R,all,5,5687.0,121.0,4.17,0.62,0.5,0.56,0.42,0.59,0.43,14.0,14.16,1.32,1.08,3.06,0.42,6.77,5.34,1.3,1.33,1.31,3.0,1.0,13.0,5.0,2.0,20.0,4.0,0.0,3.0,0.0,3.0,0.0,5.0,7.0,13.0,18.0,1.0,2.0,1.0,6.0,1.0,6.0,12.0,5.0,1.0,0.27,0.72,0.33,0.0,0.0,0.0,20.49,18.0,18.32,1.0,0.25,0.86,0.33,1.24,1.25,1.24,121.0,32.0,11.0,20.0,58.0,17.0,13.0,20.0,71.0,1.0,1.0,13300.0,2.0,0.0,0.0,4.0,59.32,5.82,5.61,5.85,5.64,52.0,30.0,25.0,107.0,6.0,5.0,1.0,58.0,20.0,4.0,1.27,2.67,1.89,1.0,4.0,1.0,108.42,82.0,82.94,1.07,1.2,1.2,5.69,5.71,5.59,40.01,3.5,3.36,3.47,3.33,30.0,26.0,27.0,83.0,4.0,1.0,0.0,44.0,7.0,5.0,1.42,0.89,1.19,2.0,0.0,2.0,82.11,56.0,55.56,0.58,0.01,0.01,4.07,4.04,3.87,9.15,9.21,183.0,255.0,0.0,0.0,0.0,0.0,0.0,0.0,:5:4:3:2:1,:13:11:9:6:2,:3:3:3:3:2,:14:13:9:7:3,:0:0:0:0:0,:0:0:0:0:0,:1:1:1:1:0,:6:5:4:2:1,:1:1:1:1:1,:3:2:1:1:0,:1:1:1:1:1,:0:0:0:0:0,177,2,20,0,32,11,1,2,0,60,168,2,17,0,18,9,0,3,0,53,66,2,9,0,16,1,0,1,0,34
8477940,2025,Nikolaj Ehlers,CAR,L,all,5,5256.0,96.0,2.81,0.72,0.59,0.62,0.6,0.66,0.6,24.0,18.49,1.18,1.23,4.72,0.66,10.2,7.01,1.13,1.24,1.19,0.0,0.0,18.0,7.0,4.0,29.0,0.0,0.0,2.0,0.0,5.0,0.0,11.0,7.0,18.0,25.0,0.0,0.0,1.0,2.0,0.0,4.0,20.0,5.0,0.0,0.65,0.53,0.0,0.0,0.0,0.0,30.8,25.0,26.46,0.0,0.29,0.37,0.0,1.47,1.54,1.48,96.0,28.0,8.0,9.0,51.0,14.0,9.0,21.0,52.0,1.0,0.0,13132.0,0.0,0.0,0.0,3.0,67.39,7.39,6.96,7.71,7.26,67.0,25.0,26.0,118.0,6.0,5.0,2.0,64.0,20.0,8.0,1.98,2.42,2.99,2.0,3.0,1.0,124.2,92.0,97.0,1.06,0.71,0.9,7.55,7.81,7.45,34.58,2.94,2.79,2.8,2.66,32.0,15.0,24.0,71.0,3.0,2.0,0.0,37.0,7.0,3.0,1.21,0.84,0.89,3.0,0.0,0.0,67.53,47.0,44.81,0.46,0.56,0.56,2.84,2.73,2.69,14.62,10.0,264.0,176.0,0.0,0.0,0.0,0.0,0.0,0.0,:5:4:3:2:1,:18:13:13:8:2,:4:3:4:4:2,:18:13:12:6:2,:0:0:0:0:0,:0:0:0:0:0,:1:1:1:0:0,:6:6:2:1:1,:1:2:1:0:1,:0:0:0:0:0,:0:0:0:0:0,:0:0:0:0:0,132,3,12,0,15,11,1,2,0,32,233,3,25,0,24,12,0,2,0,56,174,3,24,0,27,12,1,0,0,50
8482125,2025,Alexander Holtz,VGK,R,all,1,848.0,17.0,0.35,0.57,0.55,0.56,0.41,0.52,0.46,9.0,1.86,0.21,0.18,0.3,0.06,1.27,0.96,0.21,0.22,0.21,0.0,0.0,2.0,1.0,3.0,6.0,0.0,0.0,0.0,0.0,0.0,0.0,2.0,1.0,2.0,3.0,0.0,0.0,0.0,0.0,0.0,2.0,2.0,1.0,0.0,0.1,0.11,0.0,0.0,0.0,0.0,6.68,3.0,3.15,1.0,0.04,0.0,0.0,0.25,0.26,0.25,17.0,0.0,3.0,2.0,12.0,6.0,1.0,0.0,10.0,0.0,0.0,2752.0,0.0,0.0,0.0,0.0,7.62,0.49,0.48,0.51,0.49,9.0,2.0,7.0,18.0,0.0,0.0,0.0,9.0,2.0,0.0,0.28,0.22,0.0,0.0,0.0,0.0,19.99,11.0,11.53,0.11,0.0,0.0,0.6,0.62,0.61,7.31,0.37,0.37,0.36,0.36,5.0,5.0,4.0,14.0,0.0,0.0,0.0,9.0,1.0,0.0,0.23,0.14,0.0,0.0,0.0,0.0,12.91,10.0,9.63,0.07,0.0,0.0,0.43,0.42,0.42,2.76,2.25,36.0,51.0,0.0,0.0,0.0,0.0,0.0,0.0,:1,:2,:2,:2,:0,:0,:0,:0,:0,:0,:0,:0,21,1,3,0,1,0,0,0,0,9,122,1,16,0,6,6,0,3,0,45,69,1,4,0,4,4,0,0,0,27
8476468,2025,J.T. Miller,NYR,C,all,7,8524.0,179.0,5.1,0.52,0.51,0.6,0.5,0.59,0.51,20.0,18.48,2.63,1.48,4.22,0.64,9.35,6.69,2.41,2.62,2.41,0.0,2.0,14.0,11.0,6.0,31.0,4.0,2.0,0.0,0.0,1.0,0.0,13.0,9.0,12.0,23.0,1.0,2.0,69.0,15.0,1.0,9.0,13.0,8.0,4.0,0.46,1.11,1.06,1.0,1.0,0.0,30.82,25.0,24.76,4.0,0.33,0.0,0.77,2.19,2.2,2.11,179.0,28.0,27.0,28.0,96.0,8.0,14.0,19.0,138.0,69.0,49.0,16734.0,2.0,2.0,1.0,2.0,88.11,9.74,9.15,9.67,9.09,78.0,45.0,58.0,181.0,6.0,8.0,0.0,79.0,32.0,12.0,2.24,3.88,3.61,3.0,1.0,2.0,180.93,123.0,122.57,1.63,1.9,1.93,9.43,9.43,8.98,64.93,8.92,8.42,9.04,8.52,51.0,36.0,32.0,119.0,5.0,5.0,1.0,61.0,15.0,11.0,1.99,1.89,5.04,1.0,0.0,4.0,120.43,87.0,87.87,0.95,1.5,1.5,8.37,8.42,8.14,11.86,11.57,253.0,253.0,0.0,0.0,0.0,0.0,0.0,0.0,:7:6:5:4:3:2:1,:14:10:8:6:3:1:0,:2:2:2:2:1:0:0,:18:16:12:10:5:3:1,:2:1:1:1:1:1:0,:0:0:0:0:0:0:0,:3:2:2:1:0:0:0,:6:4:4:4:4:3:0,:1:1:1:1:1:2:0,:0:0:0:0:0:0:0,:2:2:2:2:2:1:0,:0:0:0:0:0:0:0,223,3,32,0,37,13,1,4,0,96,194,2,37,0,44,22,1,5,0,82,137,2,22,0,31,17,1,3,0,79
8477949,2025,Alex Tuch,BUF,R,all,5,6134.0,137.0,5.12,0.39,0.48,0.46,0.47,0.46,0.46,7.0,16.41,1.53,1.12,3.98,0.57,8.84,6.96,1.31,1.5,1.29,3.0,0.0,15.0,8.0,4.0,27.0,4.0,1.0,3.0,1.0,2.0,0.0,7.0,10.0,14.0,22.0,3.0,6.0,0.0,1.0,1.0,2.0,16.0,5.0,2.0,0.33,0.53,0.67,0.0,0.0,1.0,26.7,23.0,22.53,1.0,0.24,0.56,0.67,1.1,1.06,1.01,137.0,15.0,27.0,24.0,71.0,16.0,23.0,17.0,81.0,0.0,1.0,11866.0,6.0,6.0,3.0,5.0,61.34,5.64,5.25,5.49,5.11,59.0,27.0,23.0,109.0,6.0,9.0,2.0,61.0,18.0,7.0,1.5,2.33,1.8,4.0,0.0,2.0,107.09,86.0,83.92,0.97,1.86,1.86,4.75,4.62,4.5,74.33,8.95,8.74,9.07,8.86,70.0,30.0,28.0,128.0,4.0,10.0,1.0,78.0,10.0,12.0,1.93,1.25,5.77,1.0,0.0,3.0,130.8,100.0,102.16,1.31,1.79,1.79,8.47,8.58,8.42,8.58,9.18,188.0,216.0,0.0,0.0,0.0,0.0,0.0,0.0,:5:4:3:2:1,:15:13:9:7:6,:3:3:3:4:6,:16:14:10:6:5,:1:1:0:0:0,:0:0:0:0:0,:2:1:1:0:0,:6:5:2:1:0,:1:1:1:0:0,:3:2:1:0:0,:0:0:0:0:0,:1:1:0:0:0,218,3,36,0,29,14,1,3,0,84,192,3,22,0,20,17,0,2,0,86,197,2,36,0,15,16,0,4,0,98
8480014,2025,Gabriel Vilardi,WPG,C,all,5,5453.0,101.0,2.68,0.54,0.44,0.52,0.39,0.5,0.4,15.0,12.83,1.3,1.17,2.6,0.36,6.72,3.85,1.24,1.31,1.24,1.0,3.0,10.0,6.0,6.0,22.0,4.0,0.0,2.0,0.0,3.0,0.0,6.0,5.0,10.0,16.0,0.0,0.0,1.0,4.0,0.0,4.0,7.0,9.0,0.0,0.26,1.04,0.0,0.0,0.0,0.0,22.52,16.0,16.36,0.0,0.27,0.27,0.03,1.55,1.56,1.48,101.0,18.0,8.0,18.0,57.0,11.0,23.0,17.0,50.0,1.0,3.0,12547.0,0.0,4.0,2.0,2.0,43.81,5.58,5.36,5.62,5.39,41.0,18.0,30.0,89.0,8.0,4.0,0.0,35.0,20.0,4.0,1.18,2.39,2.02,3.0,3.0,2.0,91.47,59.0,60.75,0.83,0.55,0.55,5.86,5.88,5.65,44.19,4.8,4.58,4.81,4.58,44.0,16.0,21.0,81.0,3.0,6.0,1.0,43.0,12.0,5.0,1.25,1.51,2.03,1.0,1.0,1.0,78.82,60.0,58.89,0.61,1.26,1.26,4.15,4.16,4.06,10.88,13.89,156.0,246.0,0.0,0.0,0.0,0.0,0.0,0.0,:5:4:3:2:1,:10:9:9:6:1,:2:2:3:3:1,:13:10:10:7:2,:0:0:0:0:0,:0:0:0:0:0,:1:1:1:1:0,:8:7:5:4:2,:2:2:2:2:2,:1:1:0:0:0,:3:3:3:3:1,:0:0:0:0:0,122,2,23,0,10,8,0,4,0,35,117,2,22,0,12,2,0,3,0,36,130,2,27,0,18,16,0,1,0,60
8482665,2025,Matty Beniers,SEA,C,all,5,5907.0,125.0,3.78,0.62,0.49,0.55,0.42,0.58,0.42,9.0,17.56,1.9,1.52,3.83,0.65,10.21,6.89,1.86,1.91,1.88,2.0,0.0,11.0,14.0,3.0,28.0,3.0,1.0,1.0,0.0,3.0,0.0,9.0,11.0,10.0,24.0,0.0,0.0,36.0,4.0,0.0,8.0,13.0,11.0,1.0,0.3,1.38,0.21,0.0,1.0,0.0,28.11,25.0,25.12,1.0,0.36,0.33,0.22,2.04,2.03,2.01,125.0,31.0,15.0,15.0,64.0,19.0,12.0,21.0,73.0,36.0,41.0,13080.0,0.0,2.0,1.0,5.0,64.01,6.6,6.37,6.67,6.44,55.0,34.0,25.0,114.0,6.0,7.0,2.0,62.0,20.0,7.0,1.44,2.48,2.68,1.0,3.0,2.0,115.86,89.0,90.17,1.14,1.75,1.75,5.99,6.05,5.94,46.85,4.1,3.94,4.04,3.88,33.0,32.0,30.0,95.0,5.0,1.0,0.0,51.0,9.0,5.0,1.8,1.1,1.19,2.0,1.0,2.0,93.61,65.0,64.18,0.69,0.01,0.01,4.77,4.71,4.52,8.37,8.62,176.0,243.0,0.0,0.0,0.0,0.0,0.0,0.0,:5:4:3:2:1,:11:10:6:4:1,:2:2:2:2:1,:18:17:11:9:3,:1:1:1:1:0,:0:0:0:0:0,:2:2:1:1:0,:6:6:5:3:1,:1:2:2:2:1,:2:2:2:2:1,:0:0:0:0:0,:0:0:0:0:0,148,2,24,0,18,15,0,5,0,58,133,2,15,0,15,7,0,0,0,55,147,2,20,0,14,9,0,2,0,77
8482109,2025,Alexis Lafrenire,NYR,L,all,7,7682.0,153.0,3.79,0.54,0.5,0.64,0.49,0.66,0.48,29.0,20.47,2.33,1.64,4.96,0.75,11.28,7.04,2.3,2.37,2.34,0.0,1.0,21.0,7.0,8.0,36.0,2.0,1.0,2.0,1.0,4.0,0.0,12.0,9.0,20.0,27.0,0.0,0.0,0.0,10.0,2.0,3.0,17.0,7.0,4.0,0.39,0.81,1.13,0.0,1.0,0.0,35.67,28.0,27.83,1.0,0.4,0.21,0.99,1.74,1.76,1.75,153.0,27.0,16.0,24.0,86.0,15.0,23.0,20.0,95.0,0.0,4.0,17576.0,0.0,0.0,0.0,4.0,83.57,7.88,7.6,7.94,7.66,82.0,35.0,40.0,157.0,5.0,5.0,1.0,83.0,25.0,9.0,2.23,2.92,2.73,1.0,2.0,2.0,155.7,117.0,115.77,1.55,1.02,1.02,8.41,8.44,8.14,42.01,6.65,6.47,6.79,6.59,44.0,15.0,29.0,88.0,5.0,3.0,0.0,44.0,7.0,8.0,1.61,0.98,4.06,1.0,0.0,4.0,88.5,59.0,59.32,0.53,0.39,0.39,6.79,6.91,6.81,13.72,13.84,277.0,284.0,0.0,0.0,0.0,0.0,0.0,0.0,:7:6:5:4:3:2:1,:21:21:19:16:12:11:6,:3:4:4:4:4:6:6,:20:20:16:13:10:8:5,:1:1:1:1:1:1:0,:0:0:0:0:0:0:0,:2:2:2:2:1:1:0,:5:3:3:3:3:2:0,:1:0:1:1:1:1:0,:0:0:0:0:0:0:0,:1:1:1:1:1:1:0,:1:1:1:1:1:1:0,135,2,16,0,10,13,0,1,0,52,217,3,28,0,20,9,0,5,0,71,153,2,17,0,21,7,0,3,0,76
8481527,2025,Kaedan Korczak,VGK,D,all,6,5791.0,137.0,3.3,0.49,0.56,0.53,0.54,0.52,0.55,29.0,8.58,0.41,0.45,2.79,0.26,4.75,3.33,0.41,0.42,0.42,1.0,0.0,10.0,2.0,7.0,19.0,2.0,1.0,0.0,0.0,2.0,0.0,5.0,4.0,9.0,11.0,3.0,6.0,0.0,15.0,1.0,5.0,10.0,2.0,0.0,0.17,0.24,0.0,0.0,1.0,0.0,19.09,12.0,12.02,4.0,0.09,0.0,0.0,0.51,0.52,0.51,137.0,11.0,20.0,28.0,78.0,17.0,24.0,16.0,80.0,0.0,0.0,16489.0,6.0,0.0,0.0,7.0,42.83,3.16,3.15,3.23,3.22,36.0,25.0,31.0,92.0,6.0,0.0,0.0,47.0,13.0,1.0,1.27,1.62,0.27,2.0,3.0,1.0,93.21,61.0,61.38,0.54,0.0,0.0,3.7,3.77,3.76,41.1,3.32,3.18,3.33,3.19,33.0,23.0,26.0,82.0,4.0,5.0,0.0,43.0,11.0,2.0,1.24,1.5,0.59,1.0,3.0,0.0,81.45,56.0,56.23,0.57,0.76,0.76,3.13,3.13,3.09,17.93,14.27,305.0,261.0,0.0,0.0,0.0,0.0,0.0,0.0,:6:5:4:3:2:1,:10:9:7:5:3:1,:2:2:2:2:2:1,:9:8:6:5:3:1,:1:1:1:0:0:0,:0:0:0:0:0:0,:0:0:0:0:0:0,:6:4:4:2:2:2,:1:1:1:1:1:2,:1:0:0:0:0:0,:0:0:0:0:0:0,:0:0:0:0:0:0,16,2,0,0,1,1,0,0,0,6,32,1,1,0,3,5,0,0,0,16,34,1,0,0,5,5,0,0,0,20
8482093,2025,Seth Jarvis,CAR,C,all,5,5805.0,113.0,9.07,0.74,0.57,0.64,0.59,0.68,0.59,11.0,21.27,4.48,1.44,4.54,0.72,9.69,7.13,4.33,4.59,4.43,1.0,1.0,22.0,6.0,1.0,29.0,8.0,6.0,4.0,1.0,4.0,0.0,9.0,5.0,16.0,22.0,0.0,0.0,4.0,2.0,3.0,3.0,11.0,10.0,7.0,0.36,1.28,2.83,0.0,3.0,3.0,30.18,28.0,29.13,2.0,0.34,0.58,0.49,4.33,4.44,4.38,113.0,28.0,14.0,11.0,60.0,18.0,10.0,22.0,63.0,4.0,7.0,12583.0,0.0,0.0,0.0,3.0,76.06,9.38,8.9,9.7,9.19,74.0,30.0,27.0,131.0,9.0,8.0,2.0,67.0,27.0,10.0,2.07,3.4,3.9,2.0,4.0,3.0,136.52,104.0,108.67,1.21,1.25,1.25,9.34,9.6,9.23,36.77,3.32,3.14,3.19,3.02,35.0,15.0,25.0,75.0,3.0,3.0,0.0,39.0,8.0,3.0,1.23,0.98,1.1,3.0,0.0,0.0,71.79,50.0,47.98,0.49,0.98,0.98,2.82,2.73,2.68,12.64,9.63,251.0,172.0,0.0,0.0,0.0,0.0,0.0,0.0,:5:4:3:2:1,:22:16:9:8:3,:4:4:3:4:3,:21:15:10:9:4,:6:5:3:3:2,:1:1:1:2:2,:4:3:2:2:1,:9:8:4:3:2,:2:2:1:2:2,:1:1:0:0:0,:1:1:1:0:0,:1:1:0:0:0,187,2,14,0,16,9,0,3,0,49,178,2,33,0,20,14,0,4,0,70,204,3,32,0,22,13,0,0,0,69
8484145,2025,Zach Benson,BUF,L,all,2,2057.0,46.0,2.9,0.72,0.33,0.6,0.32,0.66,0.32,6.0,4.07,0.51,0.32,0.85,0.12,1.78,1.42,0.45,0.53,0.47,1.0,4.0,4.0,1.0,2.0,7.0,5.0,0.0,0.0,0.0,0.0,0.0,5.0,0.0,4.0,5.0,1.0,2.0,0.0,2.0,3.0,2.0,3.0,1.0,1.0,0.14,0.16,0.21,0.0,0.0,0.0,7.42,5.0,5.15,1.0,0.07,0.0,0.21,0.37,0.38,0.38,46.0,5.0,9.0,5.0,27.0,2.0,7.0,10.0,27.0,0.0,0.0,5143.0,2.0,0.0,0.0,1.0,26.56,3.63,3.49,3.66,3.52,25.0,12.0,11.0,48.0,7.0,2.0,0.0,24.0,10.0,3.0,0.88,1.46,1.29,1.0,5.0,1.0,50.24,37.0,37.76,0.48,0.39,0.39,3.72,3.74,3.66,13.51,1.43,1.39,1.44,1.39,14.0,5.0,13.0,32.0,2.0,1.0,0.0,12.0,6.0,1.0,0.26,0.85,0.33,0.0,2.0,0.0,30.32,19.0,18.53,0.21,0.19,0.19,1.45,1.46,1.42,3.66,7.27,58.0,123.0,0.0,0.0,0.0,0.0,0.0,0.0,:2:1,:4:2,:2:2,:4:2,:0:0,:0:0,:1:0,:7:5,:4:5,:1:1,:4:3,:0:0,,,,,,,,,,,98,1,11,0,11,8,0,1,0,48,120,2,10,0,14,4,0,1,0,50
8476459,2025,Mika Zibanejad,NYR,C,all,7,8692.0,172.0,5.04,0.48,0.53,0.58,0.51,0.6,0.5,16.0,26.9,3.0,2.14,6.01,0.92,14.2,9.74,2.92,2.93,2.86,1.0,0.0,27.0,9.0,7.0,43.0,3.0,2.0,3.0,0.0,6.0,0.0,14.0,11.0,25.0,34.0,0.0,0.0,48.0,6.0,3.0,10.0,21.0,13.0,2.0,0.63,1.52,0.85,0.0,1.0,1.0,42.25,36.0,35.22,5.0,0.51,0.47,0.58,2.93,2.9,2.84,172.0,19.0,25.0,19.0,109.0,13.0,21.0,23.0,115.0,48.0,42.0,16566.0,0.0,4.0,2.0,3.0,94.01,8.23,7.92,8.2,7.9,86.0,44.0,40.0,170.0,5.0,6.0,0.0,93.0,30.0,7.0,2.49,3.44,2.3,1.0,2.0,2.0,167.84,130.0,128.44,1.67,0.95,0.95,8.96,8.94,8.62,63.77,8.76,8.46,8.89,8.57,62.0,25.0,34.0,121.0,7.0,8.0,0.0,61.0,17.0,9.0,2.13,2.34,4.29,1.0,3.0,3.0,122.2,87.0,88.06,0.92,1.14,1.14,8.53,8.67,8.45,13.37,11.73,264.0,251.0,0.0,0.0,0.0,0.0,0.0,0.0,:7:6:5:4:3:2:1,:27:24:22:19:12:8:7,:4:4:4:5:4:4:7,:27:23:20:16:11:8:8,:2:1:1:1:1:0:0,:0:0:0:0:0:0:0,:3:2:2:2:1:1:1,:5:2:2:2:2:0:0,:1:0:0:0:1:0:0,:1:0:0:0:0:0:0,:0:0:0:0:0:0:0,:0:0:0:0:0:0:0,251,3,39,0,32,20,1,3,0,90,221,3,26,0,30,16,1,2,0,83,183,2,20,0,31,11,1,4,0,99
8482702,2025,Logan Stankoven,CAR,C,all,5,4844.0,96.0,5.26,0.69,0.61,0.65,0.59,0.64,0.62,25.0,11.11,1.25,0.69,2.48,0.36,5.79,4.42,1.19,1.31,1.25,1.0,1.0,12.0,3.0,5.0,20.0,3.0,1.0,0.0,1.0,2.0,0.0,8.0,4.0,11.0,14.0,1.0,2.0,35.0,1.0,2.0,3.0,10.0,3.0,2.0,0.3,0.35,0.6,0.0,0.0,1.0,20.98,15.0,15.94,0.0,0.15,0.0,0.38,1.02,1.11,1.1,96.0,18.0,4.0,19.0,55.0,19.0,18.0,15.0,44.0,35.0,34.0,13544.0,2.0,6.0,3.0,1.0,58.1,5.51,5.22,5.66,5.36,49.0,30.0,33.0,112.0,6.0,6.0,2.0,54.0,21.0,4.0,1.68,2.52,1.32,2.0,3.0,1.0,117.11,79.0,82.5,0.81,1.36,1.36,4.96,5.15,4.99,32.38,2.47,2.43,2.37,2.34,29.0,16.0,16.0,61.0,3.0,1.0,0.0,36.0,8.0,1.0,1.3,0.96,0.21,2.0,1.0,0.0,58.06,45.0,42.74,0.46,0.18,0.18,2.75,2.65,2.62,16.5,10.47,270.0,186.0,0.0,0.0,0.0,0.0,0.0,0.0,:5:4:3:2:1,:12:10:8:4:2,:2:2:3:2:2,:11:9:7:4:2,:1:1:1:1:0,:0:0:0:0:0,:1:1:1:1:0,:6:6:5:2:1,:1:2:2:1:1,:1:1:1:0:0,:1:1:1:0:0,:1:1:1:1:0,,,,,,,,,,,51,2,6,0,5,3,0,2,0,12,194,2,14,0,11,13,0,4,0,52
8484798,2025,Zeev Buium,MIN,D,all,6,7458.0,117.0,3.5,0.6,0.35,0.6,0.43,0.61,0.43,20.0,11.62,0.7,0.76,3.77,0.4,6.68,3.68,0.68,0.71,0.69,3.0,1.0,12.0,4.0,6.0,22.0,5.0,1.0,2.0,0.0,1.0,0.0,9.0,3.0,11.0,15.0,1.0,2.0,0.0,2.0,1.0,9.0,14.0,2.0,0.0,0.48,0.22,0.0,0.0,1.0,0.0,22.31,16.0,16.16,5.0,0.19,0.68,0.15,0.74,0.74,0.72,117.0,25.0,11.0,11.0,70.0,11.0,16.0,17.0,73.0,0.0,0.0,14599.0,2.0,2.0,1.0,4.0,84.87,10.92,9.19,10.9,9.16,76.0,38.0,35.0,149.0,9.0,12.0,2.0,80.0,19.0,15.0,2.4,2.3,6.23,1.0,4.0,4.0,149.26,114.0,113.82,1.56,3.29,3.29,9.19,9.16,7.61,54.0,7.26,7.15,7.15,7.04,51.0,23.0,25.0,99.0,7.0,3.0,0.0,52.0,16.0,6.0,1.61,2.07,3.59,3.0,1.0,3.0,98.71,74.0,73.94,0.7,0.54,0.54,7.43,7.34,7.24,7.48,13.66,201.0,269.0,0.0,0.0,0.0,0.0,0.0,0.0,:6:5:4:3:2:1,:12:11:10:8:5:1,:2:2:2:3:2:1,:12:10:10:7:5:1,:1:1:1:1:1:0,:0:0:0:0:0:0,:1:1:1:0:0:0,:9:9:9:7:5:1,:2:2:2:2:2:1,:3:3:3:1:0:0,:1:1:1:1:1:0,:0:0:0:0:0:0,,,,,,,,,,,,,,,,,,,,,,,,,,,,,,
8478398,2025,Kyle Connor,WPG,L,all,5,5803.0,111.0,7.13,0.6,0.4,0.53,0.38,0.51,0.39,10.0,15.26,1.42,1.02,3.15,0.44,7.67,6.3,1.38,1.41,1.37,5.0,0.0,15.0,5.0,9.0,29.0,8.0,3.0,3.0,1.0,3.0,0.0,7.0,4.0,12.0,17.0,1.0,2.0,0.0,0.0,1.0,4.0,15.0,4.0,1.0,0.58,0.58,0.26,2.0,1.0,0.0,29.25,20.0,20.29,2.0,0.22,0.83,0.43,1.21,1.2,1.19,111.0,18.0,12.0,18.0,63.0,15.0,27.0,23.0,46.0,0.0,0.0,12197.0,2.0,2.0,1.0,1.0,53.02,7.18,6.94,7.23,6.99,50.0,20.0,30.0,100.0,12.0,6.0,1.0,40.0,23.0,7.0,1.45,2.83,2.9,4.0,5.0,3.0,102.54,70.0,71.58,0.97,1.13,1.13,7.03,7.05,6.82,49.1,4.85,4.67,4.84,4.67,48.0,20.0,20.0,88.0,4.0,4.0,1.0,51.0,13.0,4.0,1.47,1.67,1.71,1.0,2.0,1.0,85.32,68.0,66.55,0.75,0.8,0.8,4.8,4.78,4.67,9.28,13.84,145.0,239.0,0.0,0.0,0.0,0.0,0.0,0.0,:5:4:3:2:1,:15:11:11:10:6,:3:3:4:5:6,:15:10:9:8:5,:3:3:3:3:3,:1:1:1:2:3,:1:1:1:1:0,:12:11:8:6:3,:2:3:3:3:3,:5:4:2:1:0,:0:0:0:0:0,:1:1:1:1:1,273,3,31,0,31,18,1,2,0,88,221,3,34,1,13,14,0,1,0,65,267,3,41,0,31,25,1,1,0,85
8480018,2025,Nick Suzuki,MTL,C,all,6,7256.0,132.0,7.66,0.67,0.38,0.69,0.43,0.72,0.41,8.0,19.3,2.46,1.44,4.45,0.72,10.52,7.41,2.33,2.5,2.36,3.0,4.0,12.0,15.0,3.0,30.0,8.0,1.0,2.0,0.0,5.0,0.0,10.0,9.0,11.0,26.0,1.0,2.0,53.0,3.0,1.0,3.0,16.0,9.0,2.0,0.58,1.19,0.68,0.0,1.0,0.0,30.34,27.0,27.14,3.0,0.36,0.17,0.39,2.43,2.46,2.42,132.0,32.0,10.0,26.0,64.0,11.0,17.0,24.0,80.0,53.0,52.0,14846.0,2.0,0.0,0.0,3.0,79.69,10.34,9.36,10.46,9.47,70.0,38.0,33.0,141.0,11.0,11.0,2.0,74.0,25.0,9.0,2.52,3.03,4.79,4.0,4.0,3.0,142.88,108.0,109.35,1.49,2.73,2.73,9.1,9.22,9.01,30.4,5.05,5.02,5.0,4.96,23.0,18.0,21.0,62.0,3.0,4.0,0.0,26.0,9.0,6.0,0.78,1.24,3.03,1.0,0.0,2.0,60.83,41.0,40.19,0.39,0.58,0.58,4.87,4.79,4.77,8.03,13.05,188.0,253.0,0.0,0.0,0.0,0.0,0.0,0.0,:6:5:4:3:2:1,:12:10:6:5:3:2,:2:2:2:2:2:2,:19:17:10:8:5:4,:1:0:0:0:0:0,:0:0:0:0:0:0,:2:2:2:1:1:1,:11:9:7:5:2:0,:2:2:2:2:1:0,:3:3:2:2:1:0,:4:4:4:3:1:0,:0:0:0:0:0:0,162,2,26,0,25,15,0,2,0,111,185,2,33,0,25,19,1,3,0,87,172,2,30,0,33,26,1,3,0,92
8477447,2025,Shea Theodore,VGK,D,all,6,8476.0,179.0,2.52,0.54,0.55,0.5,0.56,0.51,0.56,8.0,12.42,0.96,0.81,3.04,0.41,6.96,5.83,0.95,0.95,0.95,1.0,0.0,15.0,3.0,11.0,29.0,1.0,0.0,0.0,0.0,3.0,0.0,6.0,9.0,15.0,18.0,0.0,0.0,0.0,0.0,1.0,8.0,14.0,4.0,0.0,0.51,0.45,0.0,0.0,0.0,0.0,29.28,18.0,17.95,4.0,0.18,0.0,0.0,1.14,1.13,1.13,179.0,24.0,26.0,35.0,94.0,24.0,27.0,26.0,102.0,0.0,0.0,13804.0,0.0,2.0,1.0,14.0,69.38,7.05,6.91,7.06,6.92,66.0,28.0,46.0,140.0,4.0,4.0,1.0,63.0,24.0,7.0,1.79,2.95,2.31,1.0,0.0,3.0,141.36,94.0,94.18,0.94,0.57,0.57,7.42,7.43,7.36,66.91,5.97,5.85,6.0,5.88,56.0,35.0,49.0,140.0,4.0,2.0,0.0,72.0,13.0,6.0,1.96,1.84,2.18,1.0,2.0,1.0,139.04,91.0,91.22,0.9,0.71,0.71,6.17,6.22,6.16,14.04,11.62,257.0,203.0,0.0,0.0,0.0,0.0,0.0,0.0,:6:5:4:3:2:1,:15:12:10:10:6:3,:2:2:2:3:3:3,:12:11:9:9:6:2,:0:0:0:0:0:0,:0:0:0:0:0:0,:1:1:1:1:1:0,:4:4:2:2:2:0,:1:1:0:1:1:0,:1:1:1:1:1:0,:0:0:0:0:0:0,:0:0:0:0:0:0,136,2,8,0,15,18,1,1,0,50,105,2,5,0,19,18,1,0,0,46,128,2,7,0,28,22,1,2,0,58
8483468,2025,Jiri Kulich,BUF,C,all,5,4867.0,116.0,0.64,0.43,0.44,0.52,0.44,0.51,0.44,31.0,12.62,1.87,0.81,3.04,0.42,6.48,4.39,1.86,1.84,1.84,0.0,0.0,11.0,6.0,3.0,20.0,1.0,1.0,1.0,0.0,2.0,0.0,5.0,8.0,10.0,16.0,1.0,2.0,25.0,3.0,0.0,4.0,10.0,6.0,1.0,0.34,0.71,0.82,0.0,0.0,1.0,19.83,17.0,16.53,1.0,0.18,0.18,0.04,2.0,1.98,1.98,116.0,22.0,16.0,15.0,63.0,15.0,17.0,17.0,67.0,25.0,39.0,13133.0,2.0,4.0,2.0,7.0,45.43,3.82,3.71,3.78,3.67,40.0,24.0,31.0,95.0,1.0,6.0,0.0,52.0,9.0,3.0,1.33,1.23,1.26,0.0,0.0,1.0,94.08,64.0,62.57,0.66,0.67,0.67,3.8,3.76,3.71,44.28,5.0,4.9,5.09,4.98,42.0,20.0,27.0,89.0,7.0,5.0,0.0,45.0,14.0,3.0,1.04,2.06,1.89,2.0,4.0,1.0,90.95,62.0,64.15,0.6,0.62,0.62,4.98,5.09,4.98,10.4,13.13,202.0,255.0,0.0,0.0,0.0,0.0,0.0,0.0,:5:4:3:2:1,:11:8:7:3:2,:2:2:2:2:2,:13:9:8:4:2,:1:1:0:0:0,:0:0:0:0:0,:2:2:1:0:0,:1:1:0:0:0,:0:0:0:0:0,:0:0:0:0:0,:0:0:0:0:0,:0:0:0:0:0,,,,,,,,,,,1,1,0,0,0,0,0,0,0,0,134,2,15,0,5,4,0,2,0,48
8481557,2025,Matt Boldy,MIN,L,all,6,8063.0,121.0,9.1,0.56,0.38,0.61,0.41,0.62,0.41,11.0,30.52,3.9,2.03,6.88,0.95,16.23,11.02,2.54,3.91,2.55,2.0,3.0,23.0,18.0,15.0,56.0,9.0,4.0,2.0,1.0,4.0,0.0,11.0,20.0,19.0,37.0,2.0,4.0,4.0,5.0,0.0,10.0,30.0,6.0,5.0,0.97,0.62,2.31,1.0,1.0,2.0,56.12,41.0,40.98,4.0,0.49,0.11,0.75,3.64,3.63,2.36,121.0,31.0,12.0,21.0,57.0,13.0,19.0,31.0,58.0,4.0,6.0,13994.0,4.0,4.0,2.0,2.0,93.65,10.98,9.26,11.04,9.31,80.0,49.0,40.0,169.0,12.0,10.0,2.0,98.0,17.0,14.0,3.12,1.98,5.88,3.0,4.0,5.0,168.71,129.0,128.81,1.68,2.98,2.98,9.68,9.73,8.17,56.68,8.65,8.59,8.62,8.55,53.0,27.0,26.0,106.0,10.0,2.0,0.0,57.0,15.0,8.0,1.9,1.85,4.9,3.0,2.0,5.0,106.14,80.0,80.03,0.81,0.57,0.57,8.89,8.85,8.79,7.42,12.27,181.0,262.0,0.0,0.0,0.0,0.0,0.0,0.0,:6:5:4:3:2:1,:23:21:19:9:6:1,:4:4:5:3:3:1,:31:28:24:13:10:3,:4:4:4:3:2:1,:1:1:1:1:1:1,:4:4:4:1:1:0,:12:12:11:9:7:3,:2:2:3:3:4:3,:2:2:1:1:1:0,:3:3:3:3:3:2,:1:1:1:1:1:0,255,3,31,0,17,15,0,4,0,62,227,3,29,0,26,14,1,2,0,50,272,3,27,0,23,23,1,0,0,74
8478493,2025,Joel Eriksson Ek,MIN,C,all,6,7104.0,120.0,3.63,0.49,0.45,0.52,0.47,0.55,0.47,19.0,17.57,2.77,1.22,3.97,0.57,8.06,6.42,2.58,2.78,2.59,2.0,1.0,17.0,6.0,6.0,29.0,4.0,1.0,0.0,1.0,4.0,0.0,7.0,11.0,16.0,22.0,3.0,6.0,70.0,12.0,1.0,1.0,17.0,1.0,5.0,0.58,0.12,2.06,0.0,0.0,1.0,29.48,23.0,23.37,0.0,0.32,0.0,1.82,1.26,1.28,1.17,120.0,28.0,24.0,26.0,42.0,13.0,12.0,24.0,71.0,70.0,69.0,14953.0,6.0,6.0,3.0,5.0,67.44,6.77,6.37,6.77,6.38,64.0,27.0,29.0,120.0,8.0,8.0,2.0,71.0,12.0,8.0,2.12,1.46,3.18,1.0,4.0,3.0,121.8,91.0,91.36,1.22,2.63,2.63,5.37,5.38,5.14,53.13,6.95,6.61,6.9,6.55,51.0,23.0,36.0,110.0,5.0,5.0,0.0,55.0,13.0,6.0,1.77,1.77,3.41,2.0,0.0,3.0,109.72,74.0,73.48,0.92,0.79,0.79,7.08,7.02,6.82,11.64,13.98,230.0,258.0,0.0,0.0,0.0,0.0,0.0,0.0,:6:5:4:3:2:1,:17:16:13:10:5:3,:3:3:3:3:2:3,:18:15:13:9:5:2,:1:1:1:1:1:1,:0:0:0:0:0:1,:3:3:2:2:1:1,:8:8:8:7:5:1,:1:2:2:2:2:1,:2:2:2:2:2:0,:1:1:1:1:0:0,:1:1:1:1:1:1,247,3,23,0,22,16,0,5,0,80,268,3,30,0,15,19,0,3,0,88,140,3,14,0,9,6,0,5,0,49
8477451,2025,Ryan Hartman,MIN,R,all,6,5853.0,106.0,2.02,0.52,0.45,0.48,0.49,0.5,0.49,32.0,18.28,1.29,1.21,3.93,0.56,9.48,7.53,1.23,1.29,1.22,0.0,0.0,20.0,4.0,7.0,31.0,2.0,2.0,1.0,0.0,4.0,0.0,7.0,10.0,18.0,22.0,2.0,4.0,41.0,3.0,2.0,6.0,20.0,2.0,2.0,0.45,0.26,0.58,1.0,1.0,0.0,31.32,24.0,23.91,2.0,0.27,0.31,0.34,1.23,1.23,1.17,106.0,8.0,21.0,16.0,61.0,22.0,12.0,16.0,56.0,41.0,44.0,16204.0,4.0,4.0,2.0,5.0,48.36,4.57,4.49,4.58,4.5,52.0,14.0,22.0,88.0,3.0,3.0,0.0,48.0,11.0,7.0,1.19,1.49,1.89,2.0,1.0,0.0,88.97,66.0,66.08,0.73,0.88,0.88,4.43,4.46,4.38,48.28,4.14,4.03,4.04,3.93,49.0,17.0,30.0,96.0,4.0,5.0,0.0,47.0,16.0,3.0,1.23,2.05,0.86,2.0,1.0,1.0,96.71,66.0,65.78,0.68,0.48,0.48,4.35,4.27,4.22,13.83,16.79,262.0,272.0,0.0,0.0,0.0,0.0,0.0,0.0,:6:5:4:3:2:1,:20:19:18:13:11:4,:3:4:4:4:6:4,:18:15:13:10:8:3,:2:2:2:2:2:2,:0:0:0:1:1:2,:1:1:1:1:1:0,:3:3:3:3:2:2,:0:1:1:1:1:2,:0:0:0:0:0:0,:0:0:0:0:0:0,:0:0:0:0:0:0,149,3,15,0,15,7,0,1,0,45,173,2,21,0,12,12,0,3,0,61,158,2,11,0,11,4,0,2,0,46
8477955,2025,Jared McCann,SEA,L,all,5,5187.0,124.0,4.76,0.69,0.44,0.57,0.42,0.62,0.41,22.0,16.25,2.2,1.15,3.51,0.57,8.4,6.16,2.05,2.22,2.07,1.0,0.0,14.0,8.0,7.0,29.0,4.0,3.0,0.0,1.0,7.0,0.0,6.0,6.0,11.0,19.0,0.0,0.0,2.0,7.0,0.0,1.0,14.0,5.0,3.0,0.35,0.59,1.27,0.0,2.0,1.0,29.57,22.0,22.37,0.0,0.28,0.0,0.58,1.91,1.92,1.87,124.0,34.0,7.0,19.0,64.0,17.0,15.0,20.0,72.0,2.0,1.0,13800.0,0.0,4.0,2.0,4.0,63.53,7.55,7.31,7.63,7.38,54.0,33.0,21.0,108.0,7.0,7.0,2.0,57.0,22.0,8.0,1.31,2.81,3.43,1.0,3.0,3.0,109.44,87.0,88.06,1.16,1.75,1.75,6.96,7.01,6.89,38.94,3.32,3.18,3.29,3.14,26.0,28.0,28.0,82.0,4.0,1.0,0.0,41.0,9.0,4.0,1.24,1.1,0.98,1.0,1.0,2.0,80.84,54.0,53.35,0.56,0.01,0.01,3.87,3.83,3.66,7.42,9.39,182.0,256.0,0.0,0.0,0.0,0.0,0.0,0.0,:5:4:3:2:1,:14:14:9:6:3,:3:4:3:3:3,:16:16:12:8:5,:3:3:3:2:1,:1:1:1:1:1,:2:2:2:2:1,:7:7:6:3:1,:1:2:2:2:1,:1:1:1:0:0,:0:0:0:0:0,:1:1:1:1:0,210,3,40,1,19,11,0,5,0,58,216,3,29,0,20,13,0,3,0,62,202,2,22,0,26,13,0,2,0,80
8482737,2025,Zack Bolduc,MTL,R,all,6,5358.0,103.0,4.27,0.7,0.41,0.59,0.48,0.61,0.47,38.0,13.33,2.25,1.19,2.99,0.43,6.28,4.86,1.58,2.31,1.65,1.0,0.0,15.0,3.0,4.0,22.0,4.0,3.0,1.0,2.0,1.0,0.0,5.0,8.0,12.0,15.0,1.0,2.0,3.0,9.0,1.0,5.0,11.0,4.0,3.0,0.39,0.53,1.33,0.0,1.0,2.0,22.74,18.0,18.56,1.0,0.29,0.06,1.15,1.4,1.44,1.43,103.0,22.0,6.0,16.0,59.0,13.0,15.0,22.0,53.0,3.0,3.0,16744.0,2.0,4.0,2.0,2.0,56.2,8.26,7.49,8.3,7.53,54.0,21.0,26.0,101.0,7.0,10.0,3.0,52.0,13.0,10.0,1.33,1.72,5.21,1.0,1.0,5.0,102.39,75.0,76.06,1.08,3.08,3.08,6.26,6.32,6.24,35.08,3.56,3.52,3.58,3.54,29.0,18.0,22.0,69.0,4.0,2.0,0.0,32.0,10.0,5.0,0.86,1.37,1.32,2.0,2.0,0.0,69.35,47.0,47.39,0.42,0.34,0.34,3.63,3.66,3.62,10.11,14.55,228.0,246.0,0.0,0.0,0.0,0.0,0.0,0.0,:6:5:4:3:2:1,:15:13:11:10:7:3,:2:3:3:3:4:3,:13:11:10:9:6:3,:3:3:3:3:2:1,:0:1:1:1:1:1,:2:2:2:2:1:0,:7:7:7:6:4:1,:1:1:2:2:2:1,:1:1:1:1:0:0,:0:0:0:0:0:0,:2:2:2:2:1:1,,,,,,,,,,,38,2,5,0,1,3,0,0,0,13,120,2,19,0,7,10,0,3,0,30
8484860,2025,Matvei Gridin,CGY,R,all,4,3532.0,76.0,0.88,0.51,0.47,0.5,0.49,0.49,0.5,28.0,7.75,0.37,0.5,1.86,0.31,4.45,3.5,0.37,0.37,0.36,0.0,0.0,9.0,2.0,4.0,15.0,1.0,1.0,1.0,0.0,1.0,0.0,4.0,4.0,8.0,10.0,0.0,0.0,0.0,1.0,2.0,6.0,10.0,1.0,0.0,0.28,0.09,0.0,1.0,0.0,0.0,14.52,11.0,10.85,2.0,0.11,0.03,0.0,0.48,0.47,0.47,76.0,16.0,4.0,9.0,47.0,11.0,13.0,16.0,36.0,0.0,4.0,11168.0,0.0,0.0,0.0,3.0,29.23,2.72,2.71,2.71,2.69,21.0,18.0,19.0,58.0,4.0,2.0,0.0,30.0,7.0,2.0,0.88,0.82,1.02,2.0,0.0,2.0,56.91,39.0,38.72,0.38,0.18,0.18,2.92,2.91,2.9,30.21,2.59,2.56,2.6,2.57,31.0,10.0,17.0,58.0,6.0,4.0,2.0,30.0,8.0,3.0,0.87,0.98,0.73,3.0,2.0,1.0,58.45,41.0,41.19,0.39,0.69,0.69,2.29,2.3,2.29,8.02,9.07,175.0,180.0,0.0,0.0,0.0,0.0,0.0,0.0,:4:3:2:1,:9:8:7:5,:2:3:4:5,:8:7:5:4,:1:1:1:1,:0:0:0:1,:0:0:0:0,:4:4:3:3,:1:1:2:3,:0:0:0:0,:0:0:0:0,:0:0:0:0,,,,,,,,,,,,,,,,,,,,,,,,,,,,,,
8478550,2025,Artemi Panarin,NYR,L,all,7,8819.0,154.0,6.05,0.53,0.5,0.64,0.48,0.66,0.46,11.0,21.52,1.21,1.58,4.97,0.71,13.84,8.7,1.08,1.21,1.08,2.0,3.0,16.0,15.0,13.0,44.0,6.0,1.0,0.0,0.0,4.0,0.0,15.0,11.0,15.0,30.0,1.0,2.0,0.0,2.0,3.0,11.0,27.0,4.0,0.0,0.81,0.4,0.0,1.0,0.0,0.0,43.55,31.0,30.82,4.0,0.35,0.0,0.03,1.52,1.52,1.37,154.0,25.0,16.0,14.0,99.0,13.0,23.0,27.0,91.0,0.0,0.0,16439.0,2.0,4.0,2.0,0.0,100.79,8.5,8.22,8.55,8.27,99.0,41.0,45.0,185.0,8.0,5.0,1.0,104.0,28.0,8.0,2.67,3.32,2.51,4.0,2.0,2.0,183.66,140.0,138.87,1.85,0.8,0.8,9.54,9.56,9.24,52.54,7.46,7.26,7.57,7.35,53.0,20.0,33.0,106.0,7.0,6.0,0.0,55.0,10.0,8.0,1.93,1.47,4.06,1.0,2.0,4.0,106.02,73.0,73.14,0.64,0.83,0.83,7.26,7.36,7.25,13.1,13.03,249.0,266.0,0.0,0.0,0.0,0.0,0.0,0.0,:7:6:5:4:3:2:1,:16:13:11:6:5:4:2,:2:2:2:2:2:2:2,:22:17:14:8:6:5:2,:1:0:0:0:0:0:0,:0:0:0:0:0:0:0,:1:1:1:0:0:0:0,:8:4:4:4:4:3:0,:1:1:1:1:1:2:0,:2:1:1:1:1:0:0,:3:1:1:1:1:1:0,:0:0:0:0:0:0:0,204,2,29,0,34,29,1,2,0,69,303,4,49,1,37,34,1,4,0,72,237,3,37,0,27,25,1,4,0,85
8480839,2025,Rasmus Dahlin,BUF,D,all,5,7657.0,160.0,3.83,0.49,0.4,0.56,0.39,0.54,0.4,9.0,14.86,0.83,0.97,4.26,0.48,8.87,5.59,0.82,0.81,0.8,1.0,3.0,15.0,6.0,12.0,33.0,4.0,0.0,2.0,0.0,3.0,0.0,9.0,7.0,15.0,21.0,2.0,4.0,0.0,8.0,0.0,15.0,20.0,1.0,0.0,0.65,0.17,0.0,0.0,0.0,0.0,32.26,21.0,20.4,10.0,0.22,0.22,0.0,1.05,1.02,1.02,160.0,20.0,21.0,25.0,94.0,16.0,26.0,23.0,95.0,0.0,0.0,10343.0,4.0,6.0,3.0,5.0,77.56,6.43,6.23,6.37,6.16,76.0,33.0,44.0,153.0,8.0,7.0,1.0,85.0,20.0,4.0,2.73,2.66,1.04,3.0,4.0,1.0,151.22,109.0,106.77,1.21,1.12,1.12,6.52,6.44,6.32,67.04,6.7,6.51,6.8,6.61,63.0,29.0,28.0,120.0,7.0,7.0,0.0,72.0,13.0,7.0,1.85,1.71,3.14,2.0,3.0,2.0,121.61,92.0,93.95,0.98,1.14,1.14,6.54,6.62,6.46,7.78,11.43,144.0,224.0,0.0,0.0,0.0,0.0,0.0,0.0,:5:4:3:2:1,:15:11:8:4:4,:3:3:3:2:4,:15:12:10:6:5,:0:0:0:0:0,:0:0:0:0:0,:1:1:0:0:0,:8:6:2:1:0,:2:2:1:0:0,:1:1:0:0:0,:3:2:1:0:0,:0:0:0:0:0,204,3,15,0,35,23,1,0,0,106,235,3,20,0,24,15,0,0,0,108,200,3,17,0,27,24,1,1,0,91
8477989,2025,Christian Dvorak,PHI,C,all,5,4858.0,112.0,2.45,0.46,0.51,0.44,0.45,0.43,0.46,27.0,9.64,2.23,0.7,1.9,0.27,3.88,3.02,2.17,2.2,2.14,0.0,1.0,10.0,2.0,4.0,16.0,2.0,1.0,1.0,0.0,1.0,0.0,7.0,2.0,9.0,11.0,2.0,4.0,21.0,4.0,1.0,4.0,4.0,6.0,2.0,0.24,0.84,1.15,0.0,0.0,1.0,15.76,12.0,11.82,3.0,0.15,0.19,0.19,2.19,2.16,2.13,112.0,9.0,23.0,15.0,65.0,22.0,18.0,16.0,56.0,21.0,21.0,13582.0,4.0,4.0,2.0,4.0,35.55,3.65,3.56,3.6,3.52,27.0,22.0,17.0,66.0,3.0,2.0,0.0,37.0,10.0,2.0,1.16,1.34,1.15,2.0,0.0,1.0,65.05,49.0,48.11,0.46,0.2,0.2,3.91,3.86,3.79,47.71,4.28,4.16,4.28,4.15,38.0,26.0,20.0,84.0,2.0,4.0,0.0,48.0,13.0,3.0,1.46,1.56,1.27,1.0,0.0,1.0,85.34,64.0,64.79,0.76,0.7,0.7,4.34,4.35,4.27,11.72,11.42,171.0,207.0,0.0,0.0,0.0,0.0,0.0,0.0,:5:4:3:2:1,:10:8:5:2:1,:2:2:2:1:1,:10:8:5:2:1,:1:1:1:0:0,:0:0:0:0:0,:2:2:2:0:0,:3:2:1:0:0,:1:0:0:0:0,:0:0:0:0:0,:1:0:0:0:0,:0:0:0:0:0,88,1,10,0,6,12,0,2,0,80,35,1,5,0,3,1,0,1,0,29,104,1,12,0,15,6,0,2,0,77
8479420,2025,Tage Thompson,BUF,C,all,5,5634.0,123.0,3.74,0.57,0.36,0.59,0.4,0.6,0.39,14.0,22.86,1.63,1.55,5.56,0.82,14.01,8.42,1.54,1.6,1.51,2.0,1.0,19.0,13.0,11.0,43.0,4.0,1.0,2.0,0.0,5.0,0.0,13.0,11.0,18.0,31.0,3.0,6.0,21.0,15.0,4.0,7.0,27.0,4.0,1.0,0.85,0.58,0.2,1.0,0.0,0.0,42.39,32.0,31.4,1.0,0.36,0.24,0.53,1.47,1.44,1.41,123.0,21.0,17.0,21.0,64.0,17.0,26.0,18.0,62.0,21.0,20.0,12366.0,6.0,2.0,1.0,2.0,69.01,7.07,6.79,6.98,6.7,59.0,37.0,33.0,129.0,6.0,7.0,1.0,68.0,21.0,7.0,2.1,2.75,2.21,1.0,3.0,2.0,128.06,96.0,94.55,1.14,1.29,1.29,6.91,6.83,6.7,47.01,5.29,5.17,5.38,5.26,49.0,16.0,23.0,88.0,6.0,3.0,0.0,49.0,10.0,6.0,1.05,1.41,2.83,1.0,3.0,2.0,88.83,65.0,66.49,0.69,0.49,0.49,5.49,5.56,5.46,7.14,12.84,168.0,256.0,0.0,0.0,0.0,0.0,0.0,0.0,:5:4:3:2:1,:19:17:17:13:5,:4:4:6:6:5,:23:20:19:14:6,:1:1:1:0:0,:0:0:0:0:0,:2:1:1:1:1,:6:5:1:0:0,:1:1:0:0:0,:2:1:0:0:0,:1:1:0:0:0,:0:0:0:0:0,295,4,47,1,27,20,1,1,0,87,246,3,29,0,16,11,0,2,0,77,242,3,44,1,18,10,0,7,0,75
8480797,2025,Joel Farabee,CGY,L,all,6,6757.0,138.0,2.77,0.49,0.45,0.53,0.49,0.52,0.47,13.0,13.34,1.51,1.01,2.83,0.41,6.88,4.36,1.48,1.5,1.47,1.0,1.0,10.0,7.0,3.0,20.0,2.0,0.0,2.0,0.0,2.0,0.0,9.0,4.0,10.0,17.0,1.0,2.0,2.0,8.0,1.0,7.0,9.0,6.0,2.0,0.29,0.81,0.41,0.0,0.0,0.0,19.53,17.0,16.64,2.0,0.25,0.42,0.0,1.75,1.75,1.72,138.0,30.0,16.0,17.0,75.0,9.0,21.0,16.0,92.0,2.0,5.0,15143.0,2.0,2.0,1.0,6.0,63.28,6.41,6.11,6.38,6.08,51.0,35.0,41.0,127.0,3.0,5.0,1.0,59.0,22.0,5.0,1.51,3.05,1.85,2.0,0.0,1.0,124.54,86.0,84.96,1.14,1.66,1.66,5.89,5.85,5.7,56.57,6.66,6.41,6.74,6.5,57.0,21.0,36.0,114.0,7.0,3.0,0.0,52.0,22.0,4.0,1.4,2.83,2.43,1.0,4.0,2.0,115.69,78.0,79.08,0.98,0.1,0.1,7.54,7.63,7.37,10.54,12.99,227.0,240.0,0.0,0.0,0.0,0.0,0.0,0.0,:6:5:4:3:2:1,:10:8:4:3:1:1,:2:2:1:1:0:1,:13:11:7:5:2:1,:0:0:0:0:0:0,:0:0:0:0:0:0,:2:1:1:1:0:0,:3:3:2:2:1:0,:0:1:0:1:0:0,:1:1:1:1:0:0,:1:1:1:1:1:0,:0:0:0:0:0:0,145,2,15,0,10,14,0,4,0,76,182,2,22,0,19,9,0,2,0,60,151,2,11,0,9,5,0,2,0,53
8476399,2025,Blake Coleman,CGY,L,all,6,6025.0,145.0,3.06,0.46,0.46,0.45,0.52,0.45,0.51,31.0,16.48,2.58,0.98,3.56,0.5,7.09,6.3,2.52,2.58,2.52,0.0,0.0,15.0,6.0,4.0,25.0,2.0,2.0,2.0,0.0,4.0,0.0,6.0,7.0,13.0,19.0,2.0,4.0,2.0,15.0,2.0,5.0,9.0,7.0,5.0,0.25,0.93,1.4,0.0,1.0,1.0,24.78,21.0,20.97,4.0,0.22,0.62,0.88,1.91,1.93,1.93,145.0,11.0,32.0,32.0,70.0,29.0,17.0,17.0,82.0,2.0,3.0,15875.0,4.0,8.0,4.0,6.0,48.2,4.79,4.71,4.78,4.7,42.0,21.0,21.0,84.0,3.0,5.0,0.0,43.0,14.0,6.0,1.06,1.94,1.78,1.0,1.0,1.0,82.91,63.0,62.58,0.58,1.46,1.46,3.91,3.92,3.9,58.55,5.55,5.36,5.58,5.39,49.0,29.0,24.0,102.0,8.0,5.0,1.0,53.0,19.0,6.0,1.52,2.4,1.63,1.0,5.0,2.0,103.82,78.0,78.75,0.89,1.04,1.04,5.39,5.44,5.32,12.16,14.11,270.0,252.0,0.0,0.0,0.0,0.0,0.0,0.0,:6:5:4:3:2:1,:15:13:11:8:5:2,:2:3:3:3:2:2,:16:14:11:8:6:2,:2:2:2:1:1:1,:0:0:0:0:0:1,:3:3:2:2:1:1,:3:3:3:1:1:1,:0:1:1:0:0:1,:0:0:0:0:0:0,:0:0:0:0:0:0,:0:0:0:0:0:0,188,2,18,0,12,8,0,3,0,55,192,2,30,0,10,14,0,4,0,65,194,2,15,0,16,8,0,4,0,76
8482073,2025,Braden Schneider,NYR,D,all,7,7793.0,161.0,3.42,0.55,0.5,0.51,0.55,0.51,0.55,28.0,9.95,0.34,0.64,2.6,0.32,6.27,4.82,0.34,0.34,0.33,2.0,0.0,11.0,4.0,12.0,27.0,2.0,0.0,2.0,0.0,2.0,0.0,3.0,8.0,11.0,15.0,1.0,2.0,0.0,16.0,1.0,6.0,14.0,1.0,0.0,0.21,0.13,0.0,0.0,0.0,0.0,27.01,15.0,15.08,2.0,0.13,0.04,0.0,0.48,0.47,0.47,161.0,3.0,27.0,10.0,121.0,22.0,20.0,15.0,104.0,0.0,0.0,17465.0,2.0,4.0,2.0,11.0,63.23,6.1,5.94,6.15,5.98,57.0,30.0,38.0,125.0,4.0,7.0,1.0,65.0,14.0,8.0,1.8,1.69,2.62,2.0,1.0,1.0,125.12,87.0,87.35,0.89,0.9,0.9,6.09,6.13,6.07,61.04,5.07,4.79,5.13,4.83,58.0,27.0,35.0,120.0,4.0,5.0,0.0,67.0,14.0,4.0,2.18,1.75,1.15,1.0,2.0,1.0,119.92,85.0,85.31,0.84,1.11,1.11,4.81,4.82,4.62,15.5,15.41,309.0,252.0,0.0,0.0,0.0,0.0,0.0,0.0,:7:6:5:4:3:2:1,:11:10:8:6:5:4:1,:2:2:2:2:2:2:1,:10:9:8:6:4:3:1,:0:0:0:0:0:0:0,:0:0:0:0:0:0:0,:0:0:0:0:0:0:0,:4:4:3:3:3:1:0,:1:1:1:1:1:0:0,:2:2:1:1:1:1:0,:0:0:0:0:0:0:0,:0:0:0:0:0:0:0,79,1,5,0,6,7,0,0,0,63,95,1,5,0,5,9,0,1,0,62,95,1,6,0,6,9,0,1,0,78
8476881,2025,Tomas Hertl,VGK,C,all,6,6400.0,127.0,7.11,0.72,0.46,0.69,0.48,0.67,0.49,24.0,17.44,3.38,1.65,3.34,0.57,9.5,5.57,3.22,3.37,3.21,2.0,1.0,15.0,9.0,8.0,32.0,6.0,3.0,2.0,1.0,5.0,0.0,7.0,7.0,12.0,21.0,3.0,6.0,69.0,9.0,1.0,6.0,10.0,10.0,4.0,0.27,1.36,1.75,0.0,1.0,2.0,31.86,24.0,23.94,2.0,0.41,0.5,0.48,3.31,3.3,3.16,127.0,40.0,14.0,15.0,58.0,11.0,15.0,27.0,74.0,69.0,45.0,15880.0,6.0,6.0,2.0,1.0,76.71,9.27,8.75,9.28,8.75,69.0,36.0,41.0,146.0,14.0,7.0,2.0,66.0,30.0,9.0,1.56,3.97,3.74,2.0,7.0,5.0,145.51,105.0,104.67,1.36,1.18,1.18,9.45,9.47,9.01,36.94,3.67,3.49,3.66,3.48,30.0,21.0,16.0,67.0,4.0,4.0,1.0,37.0,11.0,3.0,0.85,1.3,1.52,1.0,2.0,1.0,66.14,51.0,51.13,0.48,1.04,1.04,3.11,3.11,3.03,11.81,13.93,251.0,276.0,0.0,0.0,0.0,0.0,0.0,0.0,:6:5:4:3:2:1,:15:12:6:4:4:2,:2:2:2:1:2:2,:17:15:10:6:4:2,:3:2:1:0:0:0,:0:0:0:0:0:0,:3:3:2:1:1:1,:14:10:8:6:5:3,:2:2:2:2:2:3,:2:1:1:0:0:0,:1:1:1:1:1:0,:1:1:0:0:0:0,183,2,22,0,19,22,1,5,0,86,124,2,17,0,14,7,0,5,0,72,177,2,32,0,16,13,0,7,0,53
8482659,2025,Josh Doan,BUF,R,all,5,4425.0,103.0,6.35,0.67,0.37,0.67,0.4,0.63,0.4,34.0,14.65,1.94,1.17,3.37,0.51,8.09,4.92,1.88,1.89,1.83,1.0,2.0,18.0,2.0,3.0,23.0,5.0,2.0,2.0,0.0,3.0,0.0,8.0,5.0,16.0,18.0,1.0,2.0,1.0,7.0,2.0,4.0,11.0,7.0,2.0,0.41,1.07,0.46,0.0,2.0,0.0,22.77,20.0,19.66,4.0,0.28,0.44,0.26,1.96,1.92,1.88,103.0,17.0,14.0,13.0,59.0,18.0,17.0,17.0,51.0,1.0,1.0,13575.0,2.0,6.0,3.0,0.0,53.2,5.09,4.77,4.99,4.68,52.0,21.0,27.0,100.0,7.0,5.0,1.0,52.0,17.0,4.0,1.73,2.4,0.96,2.0,4.0,1.0,98.64,73.0,71.89,0.9,0.92,0.92,5.07,4.98,4.85,30.67,2.54,2.5,2.63,2.59,27.0,16.0,6.0,49.0,2.0,1.0,0.0,38.0,3.0,2.0,1.2,0.39,0.96,1.0,1.0,0.0,50.18,43.0,44.3,0.39,0.26,0.26,2.67,2.74,2.71,9.12,15.59,197.0,295.0,0.0,0.0,0.0,0.0,0.0,0.0,:5:4:3:2:1,:18:12:9:5:2,:4:3:3:2:2,:15:11:8:4:2,:2:0:0:0:0,:0:0:0:0:0,:2:1:1:1:0,:7:5:1:0:0,:1:1:0:0:0,:1:1:0:0:0,:2:2:0:0:0,:0:0:0:0:0,,,,,,,,,,,23,2,5,0,2,2,0,2,0,6,88,2,7,0,8,4,0,2,0,24
8475722,2025,Jason Zucker,BUF,L,all,5,4867.0,102.0,4.13,0.54,0.4,0.62,0.41,0.59,0.4,31.0,13.74,1.48,0.94,3.52,0.49,7.0,4.57,1.45,1.46,1.43,1.0,0.0,13.0,5.0,3.0,21.0,4.0,3.0,1.0,0.0,5.0,0.0,8.0,1.0,10.0,15.0,2.0,4.0,4.0,9.0,2.0,4.0,12.0,3.0,3.0,0.34,0.43,0.71,1.0,2.0,0.0,20.65,18.0,17.59,1.0,0.23,0.3,0.28,1.43,1.42,1.4,102.0,21.0,3.0,18.0,60.0,13.0,15.0,15.0,59.0,4.0,3.0,13133.0,4.0,6.0,3.0,1.0,56.61,4.94,4.79,4.89,4.75,57.0,22.0,24.0,103.0,5.0,4.0,0.0,60.0,14.0,5.0,1.92,1.8,1.21,1.0,4.0,0.0,101.89,79.0,77.68,0.92,0.72,0.72,5.15,5.1,4.98,39.09,4.26,4.17,4.31,4.22,35.0,19.0,10.0,64.0,4.0,6.0,0.0,40.0,8.0,6.0,0.97,1.02,2.28,2.0,0.0,2.0,64.28,54.0,54.79,0.51,0.78,0.78,4.0,4.05,3.98,9.27,13.87,194.0,280.0,0.0,0.0,0.0,0.0,0.0,0.0,:5:4:3:2:1,:13:12:9:8:5,:3:3:3:4:5,:14:12:9:8:4,:3:3:1:1:0,:1:1:0:0:0,:1:1:1:1:1,:5:3:1:1:0,:1:1:0:0:0,:1:0:0:0:0,:0:0:0:0:0,:0:0:0:0:0,197,3,27,0,9,12,0,5,0,55,150,2,14,0,11,7,0,1,0,42,143,2,21,0,24,8,0,4,0,59
8478483,2025,Mitch Marner,VGK,R,all,6,7758.0,143.0,8.71,0.74,0.39,0.64,0.48,0.67,0.47,9.0,18.29,1.73,1.29,4.57,0.67,10.02,6.73,1.64,1.74,1.65,4.0,2.0,14.0,11.0,11.0,36.0,8.0,2.0,3.0,0.0,1.0,0.0,7.0,12.0,12.0,23.0,1.0,2.0,2.0,5.0,2.0,5.0,17.0,7.0,1.0,0.33,1.14,0.25,0.0,2.0,0.0,36.48,25.0,25.24,2.0,0.3,0.3,0.26,1.76,1.76,1.72,143.0,39.0,17.0,20.0,67.0,11.0,22.0,24.0,86.0,2.0,1.0,14522.0,2.0,0.0,0.0,4.0,97.7,12.48,11.88,12.49,11.9,82.0,49.0,40.0,171.0,18.0,9.0,3.0,73.0,46.0,12.0,1.89,6.13,4.46,2.0,9.0,7.0,171.08,131.0,130.95,1.74,1.52,1.52,12.7,12.72,12.24,46.82,4.29,4.2,4.24,4.15,41.0,24.0,30.0,95.0,2.0,4.0,1.0,51.0,11.0,3.0,1.28,1.46,1.55,1.0,0.0,1.0,94.0,65.0,64.85,0.61,0.9,0.9,4.0,3.97,3.89,8.61,13.3,226.0,248.0,0.0,0.0,0.0,0.0,0.0,0.0,:6:5:4:3:2:1,:14:11:11:7:5:3,:2:2:3:2:2:3,:18:13:12:8:5:3,:2:0:0:0:0:0,:0:0:0:0:0:0,:2:1:1:1:0:0,:18:14:10:8:7:4,:3:3:2:3:4:4,:4:4:2:1:1:1,:2:2:2:1:1:1,:0:0:0:0:0:0,,,,,,,,,,,158,2,26,0,40,19,1,3,0,81,173,2,27,0,47,28,1,5,0,113
8476921,2025,Jordan Martinook,CAR,L,all,5,4292.0,112.0,5.22,0.51,0.67,0.56,0.62,0.56,0.64,35.0,10.21,1.68,0.75,2.07,0.31,4.32,3.87,1.6,1.72,1.65,1.0,3.0,11.0,2.0,0.0,13.0,4.0,0.0,1.0,0.0,3.0,0.0,3.0,6.0,11.0,13.0,0.0,0.0,2.0,10.0,2.0,4.0,6.0,4.0,3.0,0.33,0.65,0.7,0.0,0.0,0.0,13.32,13.0,13.32,0.0,0.17,0.23,0.17,1.67,1.71,1.63,112.0,18.0,24.0,24.0,46.0,25.0,5.0,20.0,62.0,2.0,2.0,14096.0,0.0,2.0,1.0,2.0,39.75,4.94,4.68,5.09,4.84,35.0,18.0,21.0,74.0,6.0,5.0,0.0,32.0,14.0,7.0,0.96,1.81,2.17,2.0,3.0,1.0,77.48,53.0,55.26,0.55,1.07,1.07,4.42,4.57,4.46,31.6,4.68,4.29,4.61,4.22,30.0,12.0,17.0,59.0,2.0,3.0,1.0,25.0,11.0,6.0,0.82,1.52,2.33,0.0,0.0,2.0,57.12,42.0,40.95,0.5,0.94,0.94,4.24,4.16,4.12,17.07,8.26,308.0,188.0,0.0,0.0,0.0,0.0,0.0,0.0,:5:4:3:2:1,:11:9:7:5:3,:2:2:2:2:3,:10:9:6:5:2,:0:0:0:0:0,:0:0:0:0:0,:2:1:1:1:0,:6:4:4:3:2,:1:1:1:2:2,:1:1:1:1:0,:3:2:2:1:1,:0:0:0:0:0,162,2,13,0,15,6,0,3,0,60,148,2,14,0,11,7,0,2,0,45,112,1,15,0,14,7,0,3,0,58
8478975,2025,Mason Marchment,SEA,L,all,5,4523.0,100.0,2.75,0.62,0.52,0.5,0.45,0.5,0.47,39.0,9.95,1.23,0.64,2.74,0.35,4.78,3.25,1.19,1.22,1.17,1.0,2.0,8.0,5.0,2.0,15.0,4.0,1.0,0.0,0.0,1.0,0.0,6.0,5.0,7.0,12.0,2.0,4.0,2.0,6.0,2.0,9.0,8.0,3.0,2.0,0.22,0.38,0.64,0.0,0.0,1.0,15.2,13.0,13.08,4.0,0.14,0.0,0.41,0.96,0.97,0.92,100.0,18.0,8.0,19.0,55.0,14.0,17.0,18.0,51.0,2.0,2.0,14464.0,4.0,0.0,0.0,3.0,34.87,3.65,3.54,3.7,3.58,27.0,19.0,19.0,65.0,4.0,4.0,2.0,34.0,8.0,4.0,1.07,0.99,1.6,0.0,2.0,2.0,66.48,46.0,47.13,0.51,1.46,1.46,2.7,2.75,2.69,33.6,2.19,2.16,2.21,2.17,29.0,17.0,20.0,66.0,2.0,1.0,0.0,37.0,8.0,1.0,0.92,1.07,0.21,0.0,1.0,1.0,65.53,46.0,45.58,0.47,0.15,0.15,2.52,2.53,2.5,11.32,10.52,225.0,272.0,0.0,0.0,0.0,0.0,0.0,0.0,:5:4:3:2:1,:8:6:3:3:2,:2:2:1:2:2,:10:9:6:5:3,:1:1:1:1:1,:0:0:0:0:1,:1:1:1:1:0,:4:2:1:1:1,:1:0:0:0:1,:1:0:0:0:0,:2:1:0:0:0,:0:0:0:0:0,148,2,12,0,13,6,0,1,0,44,150,2,22,0,18,13,0,3,0,49,134,2,22,0,18,7,0,0,0,48
8476456,2025,Jonathan Huberdeau,CGY,L,all,1,1128.0,23.0,1.52,0.63,0.3,0.67,0.48,0.6,0.49,1.0,3.3,1.02,0.36,0.45,0.07,1.37,0.74,1.0,1.02,1.0,0.0,0.0,3.0,1.0,1.0,5.0,1.0,1.0,1.0,1.0,0.0,0.0,0.0,2.0,2.0,3.0,0.0,0.0,0.0,0.0,0.0,0.0,3.0,0.0,1.0,0.1,0.0,0.92,0.0,0.0,1.0,4.87,4.0,3.96,0.0,0.1,0.92,0.92,0.2,0.2,0.2,23.0,5.0,4.0,3.0,11.0,0.0,2.0,5.0,16.0,0.0,0.0,2472.0,0.0,2.0,1.0,1.0,11.41,1.64,1.62,1.63,1.61,11.0,4.0,13.0,28.0,1.0,1.0,1.0,11.0,2.0,2.0,0.24,0.28,1.12,0.0,0.0,1.0,26.45,15.0,14.55,0.22,0.92,0.92,0.95,0.93,0.92,7.33,0.96,0.95,0.97,0.96,8.0,2.0,4.0,14.0,2.0,0.0,0.0,5.0,4.0,1.0,0.2,0.54,0.22,0.0,2.0,0.0,14.92,10.0,10.39,0.13,0.0,0.0,1.08,1.09,1.09,0.98,2.29,37.0,40.0,0.0,0.0,0.0,0.0,0.0,0.0,:1,:3,:3,:3,:1,:1,:1,:1,:1,:0,:0,:1,126,2,15,0,23,17,1,3,0,55,143,2,12,0,26,14,0,2,0,70,153,2,28,0,26,8,0,4,0,83
8476905,2025,Chandler Stephenson,SEA,C,all,5,6172.0,141.0,2.17,0.48,0.57,0.41,0.49,0.41,0.52,10.0,7.8,1.09,0.59,1.44,0.26,4.31,3.3,1.08,1.1,1.08,0.0,2.0,10.0,1.0,2.0,13.0,4.0,2.0,0.0,1.0,2.0,0.0,0.0,7.0,8.0,9.0,0.0,0.0,50.0,1.0,3.0,6.0,9.0,1.0,1.0,0.36,0.12,0.61,1.0,0.0,1.0,13.17,11.0,11.13,3.0,0.15,0.0,0.61,0.63,0.63,0.63,141.0,22.0,31.0,19.0,69.0,15.0,20.0,20.0,86.0,50.0,48.0,12815.0,0.0,2.0,1.0,7.0,44.34,4.59,4.5,4.62,4.53,41.0,18.0,24.0,83.0,6.0,3.0,1.0,40.0,16.0,3.0,1.06,2.27,1.25,2.0,2.0,2.0,84.59,59.0,59.85,0.88,1.12,1.12,4.34,4.4,4.31,62.81,4.89,4.81,4.87,4.79,54.0,32.0,34.0,120.0,5.0,4.0,1.0,72.0,10.0,4.0,2.17,1.31,1.42,3.0,1.0,1.0,119.36,86.0,85.83,0.89,0.72,0.72,5.05,5.03,4.97,10.38,7.83,207.0,218.0,0.0,0.0,0.0,0.0,0.0,0.0,:5:4:3:2:1,:10:8:4:2:1,:2:2:1:1:1,:8:6:3:1:1,:2:2:0:0:0,:0:0:0:0:0,:1:1:0:0:0,:6:4:2:2:1,:1:1:1:1:1,:0:0:0:0:0,:2:0:0:0:0,:1:1:0:0:0,120,1,16,0,28,21,1,3,0,81,97,1,16,0,18,17,0,0,0,81,73,1,13,0,18,20,0,0,0,99
8480336,2025,Sean Walker,CAR,D,all,5,6923.0,142.0,3.0,0.52,0.69,0.59,0.62,0.58,0.64,8.0,11.94,0.5,0.61,3.63,0.44,6.73,5.1,0.49,0.52,0.51,0.0,0.0,10.0,7.0,17.0,34.0,1.0,1.0,1.0,0.0,3.0,0.0,4.0,8.0,9.0,16.0,1.0,2.0,0.0,12.0,0.0,4.0,16.0,1.0,0.0,0.38,0.12,0.0,1.0,0.0,0.0,35.99,17.0,18.04,2.0,0.12,0.17,0.03,0.59,0.62,0.61,142.0,24.0,25.0,15.0,78.0,18.0,11.0,21.0,92.0,0.0,0.0,11465.0,2.0,0.0,0.0,9.0,64.22,6.44,6.1,6.63,6.28,57.0,33.0,38.0,128.0,4.0,9.0,0.0,63.0,21.0,6.0,1.82,2.53,2.08,2.0,1.0,1.0,134.5,90.0,94.67,0.87,1.68,1.68,5.62,5.84,5.67,48.49,5.96,5.42,5.79,5.26,44.0,20.0,25.0,89.0,8.0,4.0,1.0,43.0,15.0,6.0,1.65,1.87,2.44,5.0,1.0,2.0,84.65,64.0,61.18,0.72,1.63,1.63,5.06,4.93,4.85,15.58,6.98,254.0,158.0,0.0,0.0,0.0,0.0,0.0,0.0,:5:4:3:2:1,:10:4:4:1:0,:2:1:1:0:0,:12:7:6:3:1,:1:1:1:0:0,:0:0:0:0:0,:0:0:0:0:0,:4:3:3:2:2,:1:1:1:1:2,:0:0:0:0:0,:0:0:0:0:0,:0:0:0:0:0,94,1,3,0,5,5,0,0,0,53,150,2,10,0,9,10,0,0,0,76,144,2,5,0,6,5,0,0,0,61
8475842,2025,Sam Carrick,NYR,C,all,7,5539.0,125.0,3.98,0.59,0.49,0.48,0.56,0.48,0.55,54.0,16.12,1.72,0.99,3.9,0.46,6.98,5.95,1.64,1.78,1.68,2.0,1.0,14.0,6.0,4.0,24.0,3.0,0.0,2.0,0.0,7.0,0.0,4.0,7.0,14.0,20.0,1.0,5.0,26.0,9.0,0.0,1.0,14.0,3.0,3.0,0.39,0.48,0.84,0.0,0.0,0.0,24.07,20.0,19.92,1.0,0.21,0.6,0.32,1.61,1.63,1.63,125.0,5.0,27.0,16.0,77.0,17.0,20.0,9.0,79.0,26.0,33.0,19719.0,5.0,7.0,2.0,6.0,44.77,4.95,4.74,5.08,4.86,37.0,23.0,26.0,86.0,4.0,7.0,1.0,39.0,13.0,8.0,1.1,1.71,2.14,1.0,1.0,2.0,87.3,60.0,60.45,0.63,1.03,1.03,4.55,4.61,4.52,46.28,3.43,3.38,3.46,3.41,49.0,17.0,27.0,93.0,1.0,2.0,0.0,51.0,14.0,1.0,1.47,1.75,0.2,0.0,1.0,0.0,93.67,66.0,67.29,0.68,0.17,0.17,3.94,3.97,3.91,16.64,17.06,348.0,279.0,0.0,0.0,0.0,0.0,0.0,0.0,:7:6:5:4:3:2:1,:14:12:10:7:5:1:1,:2:2:2:2:2:0:1,:16:15:13:9:6:1:1,:0:0:0:0:0:0:0,:0:0:0:0:0:0:0,:2:2:1:1:1:0:0,:4:4:4:4:4:1:0,:1:1:1:1:1:0:0,:2:2:2:2:2:1:0,:1:1:1:1:1:0:0,:0:0:0:0:0:0:0,50,1,3,0,2,2,0,0,0,34,92,1,10,0,4,2,0,1,0,64,84,1,6,0,9,5,0,1,0,45
8480817,2025,K'Andre Miller,CAR,D,all,5,7028.0,145.0,5.69,0.61,0.64,0.63,0.6,0.64,0.61,10.0,13.06,0.79,0.75,3.71,0.41,7.4,4.94,0.73,0.83,0.77,1.0,1.0,12.0,6.0,9.0,27.0,4.0,2.0,2.0,0.0,1.0,0.0,5.0,8.0,10.0,16.0,4.0,8.0,0.0,6.0,2.0,8.0,16.0,2.0,0.0,0.42,0.37,0.0,2.0,0.0,0.0,28.21,18.0,18.93,5.0,0.17,0.43,0.18,0.77,0.8,0.77,145.0,25.0,19.0,21.0,80.0,20.0,14.0,19.0,92.0,0.0,1.0,11360.0,8.0,2.0,1.0,7.0,75.64,6.65,6.44,6.96,6.73,67.0,37.0,36.0,140.0,6.0,6.0,0.0,77.0,22.0,5.0,2.31,2.62,1.72,4.0,1.0,1.0,147.67,104.0,109.77,1.1,0.91,0.91,6.85,7.15,6.96,42.17,4.34,4.25,4.27,4.18,38.0,20.0,26.0,84.0,2.0,3.0,0.0,41.0,12.0,5.0,1.38,1.54,1.42,1.0,0.0,1.0,81.05,58.0,55.98,0.67,0.43,0.73,4.27,4.18,4.12,15.36,8.6,242.0,163.0,0.0,0.0,0.0,0.0,0.0,0.0,:5:4:3:2:1,:12:9:7:5:4,:2:2:2:2:4,:13:10:8:6:3,:2:2:2:2:2,:0:0:1:1:2,:1:1:0:0:0,:6:4:4:3:2,:1:1:1:2:2,:1:0:0:0:0,:1:0:0:0:0,:0:0:0:0:0,113,1,9,0,14,20,0,1,0,88,96,1,8,0,5,17,0,1,0,87,110,1,7,0,11,9,0,0,0,89
8484180,2025,Samuel Honzek,CGY,L,all,4,3085.0,83.0,1.33,0.46,0.47,0.47,0.51,0.51,0.51,38.0,8.63,0.99,0.53,2.0,0.26,3.96,3.27,0.98,1.0,0.98,0.0,0.0,9.0,2.0,1.0,12.0,0.0,0.0,0.0,0.0,1.0,0.0,4.0,6.0,9.0,11.0,0.0,0.0,0.0,9.0,0.0,2.0,8.0,2.0,1.0,0.32,0.29,0.39,0.0,0.0,0.0,11.82,11.0,10.95,0.0,0.11,0.0,0.39,0.72,0.73,0.72,83.0,8.0,11.0,18.0,46.0,14.0,14.0,12.0,43.0,0.0,0.0,11315.0,0.0,6.0,3.0,1.0,27.77,2.28,2.26,2.27,2.24,24.0,13.0,9.0,46.0,2.0,2.0,0.0,28.0,7.0,2.0,0.68,0.99,0.62,1.0,1.0,0.0,45.35,37.0,36.72,0.31,0.58,0.58,2.01,2.0,1.99,27.43,2.67,2.59,2.71,2.62,29.0,7.0,15.0,51.0,6.0,2.0,0.0,25.0,7.0,4.0,0.5,0.85,1.32,0.0,4.0,2.0,52.11,36.0,36.46,0.43,0.26,0.26,2.84,2.89,2.8,10.58,11.72,196.0,191.0,0.0,0.0,0.0,0.0,0.0,0.0,:4:3:2:1,:9:6:4:4,:2:2:2:4,:9:6:4:4,:0:0:0:0,:0:0:0:0,:1:1:1:1,:2:2:2:0,:0:1:1:0,:0:0:0:0,:0:0:0:0,:0:0:0:0,,,,,,,,,,,,,,,,,,,,,6,1,0,0,0,0,0,0,0,3
8480145,2025,Neal Pionk,WPG,D,all,5,6781.0,139.0,-0.53,0.4,0.52,0.4,0.45,0.4,0.44,11.0,8.3,0.25,0.55,2.4,0.26,5.4,3.14,0.24,0.25,0.24,0.0,0.0,9.0,3.0,6.0,18.0,0.0,0.0,0.0,0.0,2.0,0.0,5.0,5.0,9.0,12.0,3.0,6.0,0.0,4.0,2.0,6.0,12.0,0.0,0.0,0.25,0.0,0.0,0.0,0.0,0.0,18.54,12.0,12.17,5.0,0.13,0.0,0.0,0.37,0.37,0.37,139.0,9.0,22.0,26.0,82.0,12.0,20.0,26.0,81.0,0.0,0.0,11219.0,6.0,2.0,1.0,9.0,46.83,6.18,5.99,6.2,6.0,39.0,27.0,28.0,94.0,9.0,3.0,0.0,47.0,10.0,9.0,1.26,1.06,3.86,3.0,3.0,3.0,95.95,66.0,66.84,0.81,0.45,0.45,6.54,6.55,6.34,71.8,9.2,8.23,9.25,8.28,63.0,35.0,42.0,140.0,5.0,12.0,2.0,70.0,18.0,10.0,2.26,2.21,4.73,3.0,0.0,2.0,136.86,98.0,97.01,1.24,2.77,2.77,7.68,7.69,7.5,10.28,9.48,151.0,187.0,0.0,0.0,0.0,0.0,0.0,0.0,:5:4:3:2:1,:9:7:7:4:2,:2:2:2:2:2,:8:6:6:4:2,:0:0:0:0:0,:0:0:0:0:0,:0:0:0:0:0,:9:7:7:3:1,:2:2:2:2:1,:0:0:0:0:0,:0:0:0:0:0,:0:0:0:0:0,142,2,10,0,7,16,0,0,0,99,146,2,5,0,6,22,0,0,0,96,123,2,10,0,17,12,0,1,0,80
8482157,2025,Will Cuylle,NYR,L,all,7,7243.0,170.0,2.76,0.54,0.5,0.56,0.53,0.52,0.54,35.0,20.41,2.78,1.52,4.39,0.63,10.64,7.03,2.68,2.8,2.7,0.0,0.0,18.0,9.0,10.0,37.0,1.0,1.0,1.0,0.0,2.0,0.0,11.0,12.0,17.0,26.0,3.0,6.0,2.0,25.0,2.0,2.0,17.0,6.0,4.0,0.46,0.76,1.56,0.0,0.0,1.0,36.99,27.0,27.09,1.0,0.35,0.19,0.43,2.69,2.73,2.66,170.0,18.0,25.0,20.0,107.0,21.0,19.0,17.0,113.0,2.0,1.0,18015.0,6.0,4.0,2.0,6.0,66.41,7.83,7.46,7.73,7.37,57.0,34.0,43.0,134.0,4.0,10.0,0.0,62.0,19.0,10.0,1.73,2.44,3.66,1.0,0.0,3.0,133.9,91.0,90.62,1.04,1.88,1.92,6.96,6.94,6.76,62.42,6.76,6.46,6.87,6.56,47.0,36.0,23.0,106.0,3.0,5.0,0.0,61.0,15.0,7.0,2.03,1.9,2.84,1.0,1.0,1.0,107.24,83.0,83.78,0.88,1.16,1.16,6.48,6.54,6.33,13.77,13.72,300.0,266.0,0.0,0.0,0.0,0.0,0.0,0.0,:7:6:5:4:3:2:1,:18:17:12:10:6:3:1,:3:3:2:2:2:2:1,:20:18:12:11:7:4:1,:1:1:1:1:1:0:0,:0:0:0:0:0:0:0,:3:2:2:2:1:0:0,:4:2:2:2:2:1:0,:1:0:0:0:1:0:0,:0:0:0:0:0:0:0,:0:0:0:0:0:0:0,:0:0:0:0:0:0:0,1,0,0,0,0,0,0,0,0,1,119,1,13,0,4,4,0,3,0,35,152,2,20,0,13,12,0,5,0,70
8480830,2025,Andrei Svechnikov,CAR,R,all,5,4353.0,88.0,1.95,0.76,0.6,0.65,0.59,0.64,0.61,38.0,12.13,1.29,0.97,2.84,0.38,6.23,4.29,1.25,1.34,1.3,0.0,0.0,10.0,6.0,5.0,21.0,0.0,0.0,2.0,0.0,4.0,0.0,8.0,2.0,10.0,16.0,0.0,0.0,0.0,4.0,0.0,6.0,8.0,7.0,1.0,0.28,0.8,0.21,0.0,0.0,0.0,21.89,16.0,16.83,2.0,0.21,0.32,0.01,1.49,1.55,1.5,88.0,17.0,4.0,21.0,46.0,19.0,11.0,12.0,46.0,0.0,0.0,14035.0,0.0,0.0,0.0,0.0,52.0,5.23,4.88,5.3,4.96,40.0,30.0,31.0,101.0,2.0,4.0,1.0,48.0,16.0,6.0,1.48,1.87,1.87,1.0,0.0,1.0,105.05,70.0,72.78,0.77,0.72,0.72,5.28,5.38,5.12,28.83,1.64,1.63,1.6,1.59,29.0,10.0,15.0,54.0,3.0,0.0,0.0,33.0,6.0,0.0,0.99,0.65,0.0,3.0,0.0,0.0,52.18,39.0,37.56,0.38,0.0,0.0,2.02,1.97,1.96,16.78,11.3,281.0,193.0,0.0,0.0,0.0,0.0,0.0,0.0,:5:4:3:2:1,:10:8:6:5:4,:2:2:2:2:4,:12:10:8:7:3,:0:0:0:0:0,:0:0:0:0:0,:1:1:1:1:0,:2:2:2:1:0,:0:0:1:0:0,:0:0:0:0:0,:0:0:0:0:0,:0:0:0:0:0,205,3,23,0,18,14,0,5,0,49,144,2,19,0,18,15,1,1,0,47,180,2,20,0,18,10,0,1,0,62
8478396,2025,Noah Hanifin,VGK,D,all,1,1440.0,28.0,0.57,0.34,0.74,0.55,0.63,0.53,0.66,2.0,2.79,0.05,0.14,0.79,0.08,1.69,1.25,0.05,0.05,0.05,0.0,0.0,3.0,1.0,3.0,7.0,0.0,0.0,0.0,0.0,1.0,0.0,1.0,2.0,3.0,4.0,0.0,0.0,0.0,2.0,1.0,2.0,4.0,0.0,0.0,0.05,0.0,0.0,0.0,0.0,0.0,6.69,4.0,3.79,1.0,0.03,0.0,0.0,0.08,0.07,0.07,28.0,3.0,2.0,4.0,19.0,2.0,1.0,6.0,19.0,0.0,0.0,2460.0,0.0,0.0,0.0,0.0,11.68,0.72,0.72,0.7,0.7,11.0,5.0,5.0,21.0,1.0,1.0,0.0,12.0,4.0,0.0,0.15,0.57,0.0,0.0,1.0,0.0,19.94,16.0,15.18,0.13,0.14,0.14,0.71,0.7,0.7,10.37,1.4,1.4,1.43,1.43,13.0,1.0,3.0,17.0,3.0,0.0,0.0,8.0,4.0,2.0,0.25,0.45,0.7,0.0,1.0,2.0,17.71,14.0,14.51,0.16,0.0,0.0,1.56,1.6,1.59,2.91,1.02,49.0,29.0,0.0,0.0,0.0,0.0,0.0,0.0,:1,:3,:3,:3,:0,:0,:0,:1,:1,:0,:0,:0,176,2,7,0,17,14,0,1,0,93,164,2,13,0,19,15,0,1,0,105,145,2,10,0,17,12,0,1,0,80
8481068,2025,Yegor Sharangovich,CGY,C,all,6,5266.0,114.0,1.36,0.48,0.46,0.51,0.5,0.52,0.48,42.0,10.99,1.12,0.76,2.4,0.36,6.02,4.34,1.07,1.1,1.06,1.0,0.0,9.0,6.0,6.0,21.0,1.0,0.0,0.0,0.0,3.0,0.0,8.0,4.0,9.0,15.0,0.0,0.0,0.0,2.0,0.0,1.0,10.0,4.0,1.0,0.33,0.58,0.21,0.0,0.0,0.0,20.36,15.0,14.67,1.0,0.17,0.0,0.22,1.07,1.05,1.04,114.0,14.0,11.0,13.0,76.0,22.0,19.0,8.0,65.0,0.0,1.0,16634.0,0.0,4.0,2.0,4.0,41.29,2.87,2.78,2.85,2.75,31.0,27.0,22.0,80.0,1.0,2.0,0.0,46.0,10.0,2.0,1.22,1.24,0.41,1.0,0.0,0.0,78.11,58.0,57.1,0.56,0.22,0.22,3.22,3.18,3.11,39.15,3.12,3.08,3.21,3.17,39.0,14.0,23.0,76.0,5.0,2.0,1.0,39.0,13.0,1.0,1.02,1.58,0.52,1.0,3.0,1.0,78.33,53.0,54.13,0.54,0.19,0.19,3.47,3.57,3.54,14.07,16.54,274.0,278.0,0.0,0.0,0.0,0.0,0.0,0.0,:6:5:4:3:2:1,:9:9:8:4:1:0,:2:2:2:1:0:0,:11:10:7:4:2:0,:0:0:0:0:0:0,:0:0:0:0:0:0,:1:1:1:1:0:0,:1:1:1:1:1:0,:0:0:0:0:0:0,:1:1:1:1:1:0,:0:0:0:0:0:0,:0:0:0:0:0:0,131,2,13,0,11,6,0,2,0,60,179,2,31,0,18,10,0,2,0,76,128,2,17,0,10,5,0,2,0,57
8482679,2025,Matt Coronato,CGY,R,all,6,6262.0,127.0,2.69,0.46,0.46,0.6,0.46,0.57,0.46,23.0,17.31,1.19,1.11,4.2,0.55,9.09,6.86,1.13,1.18,1.12,0.0,1.0,12.0,11.0,12.0,35.0,3.0,2.0,2.0,0.0,1.0,0.0,9.0,9.0,10.0,21.0,1.0,2.0,1.0,1.0,2.0,4.0,19.0,3.0,1.0,0.57,0.39,0.22,2.0,0.0,0.0,34.12,23.0,22.63,1.0,0.28,0.39,0.22,1.24,1.23,1.21,127.0,43.0,12.0,15.0,57.0,11.0,18.0,25.0,73.0,1.0,7.0,15638.0,2.0,2.0,1.0,2.0,58.67,5.15,4.93,5.11,4.89,45.0,33.0,42.0,120.0,4.0,6.0,1.0,60.0,14.0,4.0,1.64,1.83,1.68,3.0,0.0,1.0,117.49,78.0,77.06,1.08,1.85,1.85,4.38,4.34,4.25,42.57,6.04,5.79,6.06,5.81,46.0,12.0,23.0,81.0,9.0,5.0,1.0,39.0,9.0,10.0,1.05,1.17,3.83,3.0,3.0,3.0,82.52,58.0,58.48,0.57,0.98,0.98,5.62,5.65,5.45,11.8,13.62,234.0,273.0,0.0,0.0,0.0,0.0,0.0,0.0,:6:5:4:3:2:1,:12:10:7:6:2:1,:2:2:2:2:1:1,:17:16:12:10:6:4,:2:2:2:2:0:0,:0:0:0:1:0:0,:1:1:1:1:0:0,:4:3:3:3:1:1,:1:1:1:1:0:1,:0:0:0:0:0:0,:1:1:1:1:1:1,:0:0:0:0:0:0,4,4,0,0,0,0,0,0,0,0,58,2,3,0,4,2,0,0,0,21,180,2,24,0,14,9,0,1,0,65
8479323,2025,Adam Fox,NYR,D,all,7,10062.0,185.0,7.83,0.55,0.48,0.61,0.49,0.61,0.48,8.0,20.54,1.84,1.33,5.47,0.71,12.59,8.05,1.74,1.84,1.74,2.0,1.0,19.0,11.0,14.0,44.0,6.0,3.0,2.0,1.0,4.0,0.0,14.0,7.0,16.0,27.0,1.0,2.0,0.0,4.0,7.0,7.0,24.0,3.0,3.0,0.5,0.29,1.05,1.0,0.0,2.0,44.7,30.0,30.37,4.0,0.3,0.37,0.15,1.99,1.99,1.89,185.0,32.0,23.0,31.0,99.0,6.0,19.0,22.0,138.0,0.0,0.0,15196.0,2.0,2.0,1.0,11.0,109.59,11.31,10.71,11.43,10.83,99.0,53.0,57.0,209.0,9.0,9.0,1.0,104.0,32.0,16.0,2.77,3.84,4.71,2.0,3.0,4.0,210.91,152.0,152.61,1.92,1.7,1.73,11.5,11.65,11.18,71.75,9.27,9.05,9.4,9.17,59.0,37.0,39.0,135.0,6.0,5.0,0.0,65.0,21.0,10.0,2.08,2.75,4.43,2.0,1.0,3.0,137.16,96.0,97.29,0.98,0.7,0.7,9.55,9.66,9.55,10.28,11.22,225.0,237.0,0.0,0.0,0.0,0.0,0.0,0.0,:7:6:5:4:3:2:1,:19:17:15:11:9:5:1,:3:3:3:3:3:2:1,:21:17:16:11:8:5:1,:3:3:3:3:3:1:0,:0:0:1:1:1:0:0,:2:1:1:1:1:0:0,:9:6:6:6:6:1:0,:1:1:1:2:2:0:0,:2:0:0:0:0:0:0,:1:1:1:1:1:0:0,:1:1:1:1:1:0:0,159,2,12,0,28,32,1,1,0,98,137,2,17,0,25,31,1,1,0,78,135,2,10,0,30,21,1,2,0,103
8480220,2025,Noah Cates,PHI,L,all,5,5072.0,124.0,4.46,0.62,0.43,0.54,0.42,0.53,0.42,27.0,15.74,2.82,1.41,3.17,0.51,6.9,5.19,2.75,2.83,2.77,2.0,0.0,11.0,9.0,3.0,23.0,4.0,2.0,3.0,1.0,2.0,0.0,6.0,7.0,9.0,18.0,1.0,2.0,37.0,4.0,2.0,4.0,9.0,6.0,5.0,0.44,0.78,1.6,0.0,1.0,1.0,22.89,20.0,19.8,2.0,0.32,1.23,1.08,2.06,2.07,2.06,124.0,14.0,23.0,23.0,64.0,18.0,11.0,17.0,78.0,37.0,39.0,13368.0,2.0,4.0,2.0,4.0,40.93,6.3,5.81,6.29,5.8,32.0,22.0,22.0,76.0,5.0,9.0,2.0,30.0,16.0,8.0,1.25,1.94,3.11,2.0,1.0,2.0,75.23,54.0,53.39,0.76,2.78,2.78,4.28,4.25,4.21,34.3,3.84,3.59,3.82,3.57,26.0,21.0,18.0,65.0,5.0,4.0,1.0,32.0,10.0,5.0,0.94,1.18,1.72,2.0,1.0,2.0,66.23,47.0,47.58,0.56,1.05,1.05,3.36,3.35,3.22,9.07,11.86,161.0,226.0,0.0,0.0,0.0,0.0,0.0,0.0,:5:4:3:2:1,:11:8:7:6:3,:2:2:2:3:3,:16:12:10:9:5,:2:1:1:1:1,:0:0:0:0:1,:3:2:2:2:1,:5:4:4:3:1,:1:1:1:2:1,:2:2:2:1:0,:0:0:0:0:0,:1:1:1:1:1,107,1,13,0,14,11,0,3,0,77,78,1,6,0,6,6,0,0,0,32,110,1,16,0,14,7,0,4,0,63
8475791,2025,Taylor Hall,CAR,L,all,5,4064.0,85.0,5.15,0.67,0.62,0.64,0.6,0.62,0.62,41.0,9.09,1.24,0.73,2.15,0.39,4.6,2.9,1.15,1.24,1.16,1.0,1.0,8.0,4.0,6.0,18.0,4.0,2.0,1.0,0.0,1.0,0.0,4.0,4.0,6.0,10.0,0.0,0.0,1.0,2.0,1.0,4.0,6.0,5.0,1.0,0.2,0.75,0.28,1.0,1.0,0.0,19.13,12.0,12.52,2.0,0.16,0.28,0.42,0.97,0.99,0.95,85.0,19.0,3.0,17.0,46.0,11.0,16.0,16.0,42.0,1.0,1.0,14324.0,0.0,2.0,1.0,3.0,47.2,4.4,4.2,4.55,4.36,42.0,22.0,25.0,89.0,5.0,3.0,0.0,46.0,15.0,3.0,1.55,1.94,0.91,2.0,3.0,0.0,94.35,64.0,67.51,0.67,0.83,0.83,4.24,4.43,4.29,27.72,2.14,2.08,2.06,2.01,23.0,16.0,12.0,51.0,3.0,1.0,0.0,31.0,8.0,0.0,1.11,1.02,0.0,2.0,1.0,0.0,48.0,39.0,37.05,0.38,0.18,0.18,2.34,2.26,2.22,17.62,10.81,293.0,196.0,0.0,0.0,0.0,0.0,0.0,0.0,:5:4:3:2:1,:8:6:4:4:2,:2:2:1:2:2,:9:7:5:5:3,:2:2:2:2:1,:0:0:1:1:1,:1:1:1:1:1,:5:5:5:3:2,:1:1:2:2:2,:1:1:1:1:1,:1:1:1:0:0,:0:0:0:0:0,150,2,16,0,10,10,0,4,0,41,20,2,2,0,2,0,0,1,0,10,144,2,18,0,15,9,0,3,0,62
8482159,2025,Tyson Foerster,PHI,R,all,5,5291.0,120.0,4.28,0.64,0.42,0.56,0.41,0.55,0.41,21.0,13.2,1.55,1.12,2.84,0.43,6.8,5.25,1.54,1.53,1.51,2.0,1.0,11.0,7.0,5.0,23.0,4.0,1.0,4.0,0.0,2.0,0.0,5.0,6.0,10.0,17.0,1.0,2.0,0.0,2.0,0.0,4.0,12.0,5.0,1.0,0.51,0.54,0.5,0.0,1.0,0.0,22.64,18.0,17.66,1.0,0.26,1.02,0.53,1.28,1.25,1.25,120.0,16.0,18.0,25.0,61.0,15.0,12.0,20.0,73.0,0.0,0.0,13149.0,2.0,0.0,0.0,1.0,43.54,6.65,6.17,6.66,6.17,34.0,24.0,23.0,81.0,7.0,9.0,2.0,31.0,18.0,9.0,1.21,2.13,3.31,2.0,3.0,2.0,80.43,58.0,57.65,0.79,2.78,2.78,4.66,4.65,4.61,34.87,3.75,3.46,3.72,3.43,26.0,21.0,17.0,64.0,3.0,4.0,1.0,32.0,10.0,5.0,0.97,1.22,1.57,1.0,1.0,1.0,64.86,47.0,47.35,0.55,1.05,1.05,3.26,3.24,3.06,8.72,11.95,156.0,227.0,0.0,0.0,0.0,0.0,0.0,0.0,:5:4:3:2:1,:11:9:6:5:2,:2:2:2:2:2,:13:12:7:5:2,:1:1:1:0:0,:0:0:0:0:0,:2:1:1:0:0,:7:6:6:3:1,:1:2:2:2:1,:2:1:1:1:1,:1:1:1:1:0,:0:0:0:0:0,15,2,3,0,4,0,0,0,0,6,167,2,20,0,6,7,0,2,0,53,142,2,25,0,9,9,0,3,0,63
8482671,2025,Owen Power,BUF,D,all,4,5610.0,123.0,1.58,0.36,0.45,0.4,0.47,0.4,0.47,13.0,7.78,0.33,0.44,2.13,0.28,4.54,3.29,0.32,0.32,0.32,0.0,1.0,7.0,4.0,7.0,18.0,2.0,1.0,1.0,0.0,3.0,0.0,4.0,2.0,6.0,10.0,1.0,2.0,0.0,5.0,2.0,4.0,11.0,0.0,0.0,0.33,0.0,0.0,1.0,0.0,0.0,17.95,11.0,10.81,3.0,0.1,0.03,0.0,0.42,0.42,0.42,123.0,13.0,23.0,17.0,70.0,10.0,30.0,20.0,63.0,0.0,0.0,8790.0,2.0,0.0,0.0,4.0,42.22,4.04,3.87,4.05,3.88,38.0,22.0,21.0,81.0,3.0,6.0,0.0,47.0,9.0,4.0,1.28,1.1,1.65,2.0,0.0,1.0,82.35,60.0,60.35,0.66,0.95,0.91,3.79,3.77,3.72,66.86,7.3,7.21,7.4,7.31,59.0,32.0,29.0,120.0,5.0,4.0,1.0,74.0,8.0,9.0,1.92,1.03,4.35,2.0,1.0,2.0,120.9,91.0,92.25,1.11,1.21,1.21,7.21,7.32,7.24,7.33,8.95,148.0,164.0,0.0,0.0,0.0,0.0,0.0,0.0,:4:3:2:1,:7:5:5:2,:2:2:2:2,:8:6:6:3,:1:0:0:0,:0:0:0:0,:0:0:0:0,:3:2:0:0,:1:1:0:0,:0:0:0:0,:1:1:0:0,:0:0:0:0,130,2,4,0,15,16,0,0,0,113,108,1,6,0,13,14,0,1,0,102,139,2,7,0,16,17,0,2,0,91
8481540,2025,Cole Caufield,MTL,R,all,6,6781.0,129.0,8.62,0.66,0.39,0.67,0.44,0.7,0.42,20.0,21.64,3.17,1.68,4.37,0.67,10.3,6.8,3.12,3.18,3.12,3.0,0.0,17.0,10.0,6.0,33.0,8.0,5.0,3.0,0.0,4.0,0.0,7.0,8.0,12.0,22.0,1.0,2.0,0.0,8.0,3.0,6.0,17.0,7.0,3.0,0.58,0.72,1.87,2.0,2.0,1.0,33.19,27.0,27.06,2.0,0.43,1.79,0.1,3.5,3.5,3.44,129.0,37.0,7.0,26.0,59.0,11.0,13.0,23.0,82.0,0.0,1.0,15321.0,2.0,2.0,1.0,2.0,75.66,10.27,9.3,10.4,9.42,66.0,36.0,32.0,134.0,10.0,11.0,2.0,69.0,23.0,10.0,2.36,2.89,5.02,4.0,3.0,3.0,136.04,102.0,103.31,1.43,2.73,2.73,8.97,9.09,8.89,32.99,5.26,5.22,5.21,5.18,25.0,19.0,23.0,67.0,4.0,3.0,0.0,28.0,10.0,6.0,0.86,1.36,3.03,2.0,0.0,2.0,65.84,44.0,43.34,0.41,0.55,0.55,5.12,5.06,5.03,8.1,12.85,195.0,248.0,0.0,0.0,0.0,0.0,0.0,0.0,:6:5:4:3:2:1,:17:16:12:10:7:4,:3:3:3:3:4:4,:22:20:15:13:7:5,:5:5:3:1:0:0,:1:1:1:0:0:0,:3:3:3:2:1:1,:10:9:7:5:2:0,:2:2:2:2:1:0,:3:2:2:2:1:0,:0:0:0:0:0:0,:0:0:0:0:0:0,158,3,26,1,2,8,0,3,0,51,314,4,28,0,23,14,0,6,0,73,240,3,37,0,22,11,0,6,0,77
8476448,2025,William Karlsson,VGK,C,all,6,5773.0,124.0,3.34,0.49,0.56,0.52,0.54,0.52,0.55,36.0,15.42,1.19,0.99,3.36,0.44,7.61,6.41,1.15,1.19,1.16,0.0,1.0,16.0,4.0,5.0,25.0,3.0,2.0,0.0,1.0,4.0,0.0,4.0,10.0,14.0,18.0,2.0,4.0,38.0,1.0,1.0,7.0,15.0,3.0,2.0,0.32,0.32,0.55,0.0,0.0,2.0,25.03,20.0,19.72,1.0,0.21,0.0,0.3,1.1,1.11,1.1,124.0,8.0,21.0,13.0,82.0,21.0,15.0,20.0,68.0,38.0,34.0,16507.0,4.0,2.0,1.0,7.0,51.44,5.12,4.99,5.13,5.01,51.0,19.0,31.0,101.0,3.0,2.0,1.0,51.0,15.0,4.0,1.25,1.92,1.95,0.0,0.0,3.0,102.52,70.0,70.05,0.69,0.46,0.46,5.35,5.36,5.29,49.09,5.25,5.19,5.35,5.3,45.0,20.0,30.0,95.0,8.0,1.0,1.0,45.0,13.0,7.0,1.23,1.81,2.21,1.0,2.0,5.0,94.44,65.0,65.0,0.73,0.55,0.55,5.43,5.49,5.44,15.97,12.34,296.0,248.0,0.0,0.0,0.0,0.0,0.0,0.0,:6:5:4:3:2:1,:16:13:10:9:7:5,:3:3:2:3:4:5,:15:13:11:10:7:4,:2:2:0:0:0:0,:0:0:0:0:0:0,:1:1:0:0:0:0,:3:3:1:0:0:0,:0:1:0:0:0:0,:0:0:0:0:0:0,:1:1:1:0:0:0,:1:1:0:0:0:0,161,2,14,0,19,20,0,2,0,73,175,2,30,0,20,10,0,5,0,67,119,2,9,0,14,6,0,2,0,38
8478397,2025,Rasmus Andersson,CGY,D,all,6,8396.0,205.0,1.95,0.53,0.41,0.48,0.51,0.47,0.5,10.0,15.58,1.99,0.88,3.59,0.49,8.48,5.57,1.88,1.98,1.87,0.0,0.0,10.0,11.0,11.0,32.0,1.0,1.0,1.0,1.0,2.0,0.0,10.0,7.0,9.0,20.0,1.0,2.0,0.0,3.0,1.0,9.0,15.0,4.0,2.0,0.24,0.53,1.22,0.0,0.0,1.0,31.76,21.0,20.94,7.0,0.19,0.92,1.37,0.81,0.8,0.78,205.0,15.0,30.0,29.0,131.0,21.0,27.0,23.0,134.0,0.0,0.0,13504.0,2.0,4.0,2.0,7.0,70.34,8.28,8.06,8.24,8.02,55.0,39.0,42.0,136.0,5.0,7.0,1.0,60.0,26.0,8.0,1.64,3.33,3.31,2.0,0.0,3.0,133.56,94.0,92.89,0.96,2.26,2.03,7.21,7.16,7.08,75.88,7.27,7.1,7.31,7.14,72.0,32.0,44.0,148.0,5.0,5.0,2.0,72.0,24.0,8.0,1.99,2.99,2.29,2.0,2.0,1.0,150.55,104.0,104.75,1.16,0.94,0.94,7.49,7.55,7.39,8.67,12.39,218.0,206.0,0.0,0.0,0.0,0.0,0.0,0.0,:6:5:4:3:2:1,:10:10:8:4:2:2,:2:2:2:1:1:2,:16:16:13:9:5:4,:1:1:0:0:0:0,:0:0:0:0:0:0,:2:2:1:1:0:0,:5:5:4:4:3:2,:1:1:1:1:2:2,:0:0:0:0:0:0,:0:0:0:0:0:0,:1:1:0:0:0:0,159,2,11,0,23,15,0,1,0,97,159,2,9,0,14,16,0,2,0,111,163,2,11,0,7,13,0,0,0,124
8481604,2025,Pavel Dorofeyev,VGK,R,all,6,6476.0,127.0,8.07,0.71,0.47,0.68,0.48,0.66,0.49,23.0,21.04,3.19,1.37,4.33,0.65,11.27,7.19,3.01,3.19,3.02,1.0,0.0,17.0,11.0,8.0,36.0,7.0,6.0,2.0,0.0,3.0,0.0,5.0,12.0,11.0,22.0,0.0,0.0,0.0,2.0,0.0,5.0,14.0,11.0,3.0,0.52,1.39,1.28,1.0,3.0,2.0,35.52,28.0,27.69,2.0,0.33,0.48,0.14,3.39,3.39,3.24,127.0,40.0,11.0,17.0,59.0,12.0,16.0,26.0,73.0,0.0,0.0,15804.0,0.0,2.0,1.0,4.0,78.25,8.64,8.11,8.64,8.12,70.0,37.0,42.0,149.0,11.0,7.0,2.0,69.0,30.0,8.0,1.72,4.02,2.89,2.0,5.0,4.0,148.6,107.0,106.72,1.4,1.18,1.18,8.85,8.87,8.41,39.64,3.54,3.4,3.54,3.39,33.0,22.0,16.0,71.0,3.0,3.0,0.0,42.0,11.0,2.0,1.07,1.29,1.19,1.0,2.0,0.0,70.47,55.0,55.11,0.5,0.71,0.71,3.34,3.33,3.26,12.45,14.05,248.0,272.0,0.0,0.0,0.0,0.0,0.0,0.0,:6:5:4:3:2:1,:17:16:13:12:9:5,:3:3:3:4:4:5,:21:20:15:14:9:4,:6:6:5:5:4:3,:1:1:1:2:2:3,:3:3:2:2:2:0,:11:8:6:6:5:3,:2:2:2:2:2:3,:1:1:0:0:0:0,:0:0:0:0:0:0,:0:0:0:0:0:0,40,2,7,0,2,0,0,1,0,10,97,2,13,0,7,4,0,2,0,23,253,3,35,0,8,9,0,2,0,52
8477018,2025,Ben Hutton,VGK,D,all,5,4758.0,118.0,2.72,0.44,0.57,0.51,0.53,0.5,0.54,27.0,10.47,0.28,0.46,3.78,0.37,5.17,3.95,0.28,0.28,0.28,1.0,1.0,9.0,5.0,6.0,20.0,2.0,0.0,1.0,0.0,2.0,0.0,4.0,7.0,9.0,14.0,1.0,5.0,0.0,2.0,2.0,6.0,14.0,0.0,0.0,0.28,0.0,0.0,0.0,0.0,0.0,19.94,14.0,13.98,4.0,0.1,0.18,0.0,0.38,0.38,0.38,118.0,17.0,10.0,17.0,74.0,22.0,24.0,20.0,52.0,0.0,0.0,13622.0,5.0,7.0,2.0,5.0,49.73,4.28,4.19,4.34,4.25,42.0,24.0,24.0,90.0,6.0,3.0,2.0,47.0,16.0,3.0,1.33,2.18,0.77,2.0,4.0,0.0,91.22,66.0,66.41,0.72,0.5,0.5,4.51,4.57,4.53,49.3,5.34,5.04,5.32,5.02,41.0,25.0,22.0,88.0,4.0,8.0,2.0,44.0,16.0,6.0,1.07,2.36,1.9,2.0,0.0,2.0,85.93,66.0,65.18,0.63,2.09,2.09,3.89,3.82,3.74,13.17,9.83,237.0,209.0,0.0,0.0,0.0,0.0,0.0,0.0,:5:4:3:2:1,:9:8:6:3:1,:2:2:2:2:1,:10:9:8:3:1,:0:0:0:0:0,:0:0:0:0:0,:0:0:0:0:0,:6:5:2:1:1,:1:1:1:0:1,:1:1:0:0:0,:1:1:1:1:1,:0:0:0:0:0,52,2,3,0,2,3,0,1,0,19,67,2,2,0,4,4,0,0,0,26,11,1,0,0,1,1,0,0,0,5
