Date,Start Time (Sask),Start Time (ET),Visitor,Score,Home,Score,Status
2025-10-07,3:00 PM,5:00 PM,Chicago Blackhawks,,Florida Panthers,,Scheduled
2025-10-07,6:00 PM,8:00 PM,Pittsburgh Penguins,,New York Rangers,,Scheduled
2025-10-07,8:30 PM,10:30 PM,Colorado Avalanche,,Los Angeles Kings,,Scheduled
2025-10-08,5:00 PM,7:00 PM,Montreal Canadiens,,Toronto Maple Leafs,,Scheduled
2025-10-08,5:30 PM,7:30 PM,Boston Bruins,,Washington Capitals,,Scheduled
2025-10-08,8:00 PM,10:00 PM,Calgary Flames,,Edmonton Oilers,,Scheduled
2025-10-08,8:00 PM,10:00 PM,Los Angeles Kings,,Vegas Golden Knights,,Scheduled
2025-10-09,5:00 PM,7:00 PM,Chicago Blackhawks,,Boston Bruins,,Scheduled
2025-10-09,5:00 PM,7:00 PM,New York Rangers,,Buffalo Sabres,,Scheduled
2025-10-09,5:00 PM,7:00 PM,Montreal Canadiens,,Detroit Red Wings,,Scheduled
2025-10-09,5:00 PM,7:00 PM,Ottawa Senators,,Tampa Bay Lightning,,Scheduled
2025-10-09,5:00 PM,7:00 PM,Philadelphia Flyers,,Florida Panthers,,Scheduled
2025-10-09,5:00 PM,7:00 PM,New York Islanders,,Pittsburgh Penguins,,Scheduled
2025-10-09,5:00 PM,7:00 PM,New Jersey Devils,,Carolina Hurricanes,,Scheduled
2025-10-09,6:00 PM,8:00 PM,Minnesota Wild,,St. Louis Blues,,Scheduled
2025-10-09,6:00 PM,8:00 PM,Columbus Blue Jackets,,Nashville Predators,,Scheduled
2025-10-09,6:00 PM,8:00 PM,Dallas Stars,,Winnipeg Jets,,Scheduled
2025-10-09,7:00 PM,9:00 PM,Utah Mammoth,,Colorado Avalanche,,Scheduled
2025-10-09,8:00 PM,10:00 PM,Calgary Flames,,Vancouver Canucks,,Scheduled
2025-10-09,8:00 PM,10:00 PM,Vegas Golden Knights,,San Jose Sharks,,Scheduled
2025-10-09,8:00 PM,10:00 PM,Anaheim Ducks,,Seattle Kraken,,Scheduled
2025-10-11,11:30 AM,1:30 PM,Los Angeles Kings,,Winnipeg Jets,,Scheduled
2025-10-11,2:00 PM,4:00 PM,St. Louis Blues,,Calgary Flames,,Scheduled
2025-10-11,5:00 PM,7:00 PM,Buffalo Sabres,,Boston Bruins,,Scheduled
2025-10-11,5:00 PM,7:00 PM,Toronto Maple Leafs,,Detroit Red Wings,,Scheduled
2025-10-11,5:00 PM,7:00 PM,New Jersey Devils,,Tampa Bay Lightning,,Scheduled
2025-10-11,5:00 PM,7:00 PM,Ottawa Senators,,Florida Panthers,,Scheduled
2025-10-11,5:00 PM,7:00 PM,Washington Capitals,,New York Islanders,,Scheduled
2025-10-11,5:00 PM,7:00 PM,New York Rangers,,Pittsburgh Penguins,,Scheduled
2025-10-11,5:00 PM,7:00 PM,Philadelphia Flyers,,Carolina Hurricanes,,Scheduled
2025-10-11,5:00 PM,7:00 PM,Montreal Canadiens,,Chicago Blackhawks,,Scheduled
2025-10-11,6:00 PM,8:00 PM,Utah Mammoth,,Nashville Predators,,Scheduled
2025-10-11,6:00 PM,8:00 PM,Columbus Blue Jackets,,Minnesota Wild,,Scheduled
2025-10-11,7:00 PM,9:00 PM,Dallas Stars,,Colorado Avalanche,,Scheduled
2025-10-11,8:00 PM,10:00 PM,Vancouver Canucks,,Edmonton Oilers,,Scheduled
2025-10-11,8:00 PM,10:00 PM,Anaheim Ducks,,San Jose Sharks,,Scheduled
2025-10-11,8:00 PM,10:00 PM,Vegas Golden Knights,,Seattle Kraken,,Scheduled
2025-10-12,5:00 PM,7:00 PM,Washington Capitals,,New York Rangers,,Scheduled
2025-10-13,10:30 AM,12:30 PM,Colorado Avalanche,,Buffalo Sabres,,Scheduled
2025-10-13,11:00 AM,1:00 PM,Tampa Bay Lightning,,Boston Bruins,,Scheduled
2025-10-13,11:00 AM,1:00 PM,Nashville Predators,,Ottawa Senators,,Scheduled
2025-10-13,11:00 AM,1:00 PM,Winnipeg Jets,,New York Islanders,,Scheduled
2025-10-13,2:00 PM,4:00 PM,Detroit Red Wings,,Toronto Maple Leafs,,Scheduled
2025-10-13,5:00 PM,7:00 PM,Florida Panthers,,Philadelphia Flyers,,Scheduled
2025-10-13,5:00 PM,7:00 PM,New Jersey Devils,,Columbus Blue Jackets,,Scheduled
2025-10-13,5:30 PM,7:30 PM,St. Louis Blues,,Vancouver Canucks,,Scheduled
2025-10-13,6:00 PM,8:00 PM,Los Angeles Kings,,Minnesota Wild,,Scheduled
2025-10-13,6:30 PM,8:30 PM,Utah Mammoth,,Chicago Blackhawks,,Scheduled
2025-10-14,5:00 PM,7:00 PM,Nashville Predators,,Toronto Maple Leafs,,Scheduled
2025-10-14,5:00 PM,7:00 PM,Seattle Kraken,,Montreal Canadiens,,Scheduled
2025-10-14,5:00 PM,7:00 PM,Edmonton Oilers,,New York Rangers,,Scheduled
2025-10-14,5:00 PM,7:00 PM,Tampa Bay Lightning,,Washington Capitals,,Scheduled
2025-10-14,7:00 PM,9:00 PM,Vegas Golden Knights,,Calgary Flames,,Scheduled
2025-10-14,7:30 PM,9:30 PM,Minnesota Wild,,Dallas Stars,,Scheduled
2025-10-14,8:00 PM,10:00 PM,Carolina Hurricanes,,San Jose Sharks,,Scheduled
2025-10-14,8:30 PM,10:30 PM,Pittsburgh Penguins,,Anaheim Ducks,,Scheduled
2025-10-15,5:00 PM,7:00 PM,Ottawa Senators,,Buffalo Sabres,,Scheduled
2025-10-15,5:00 PM,7:00 PM,Florida Panthers,,Detroit Red Wings,,Scheduled
2025-10-15,7:30 PM,9:30 PM,Chicago Blackhawks,,St. Louis Blues,,Scheduled
2025-10-15,7:30 PM,9:30 PM,Calgary Flames,,Utah Mammoth,,Scheduled
2025-10-16,5:00 PM,7:00 PM,New York Rangers,,Toronto Maple Leafs,,Scheduled
2025-10-16,5:00 PM,7:00 PM,Nashville Predators,,Montreal Canadiens,,Scheduled
2025-10-16,5:00 PM,7:00 PM,Seattle Kraken,,Ottawa Senators,,Scheduled
2025-10-16,5:00 PM,7:00 PM,Florida Panthers,,New Jersey Devils,,Scheduled
2025-10-16,5:00 PM,7:00 PM,Edmonton Oilers,,New York Islanders,,Scheduled
2025-10-16,5:00 PM,7:00 PM,Winnipeg Jets,,Philadelphia Flyers,,Scheduled
2025-10-16,5:00 PM,7:00 PM,Colorado Avalanche,,Columbus Blue Jackets,,Scheduled
2025-10-16,6:00 PM,8:00 PM,Vancouver Canucks,,Dallas Stars,,Scheduled
2025-10-16,8:00 PM,10:00 PM,Boston Bruins,,Vegas Golden Knights,,Scheduled
2025-10-16,8:00 PM,10:00 PM,Carolina Hurricanes,,Anaheim Ducks,,Scheduled
2025-10-16,8:00 PM,10:00 PM,Pittsburgh Penguins,,Los Angeles Kings,,Scheduled
2025-10-17,5:00 PM,7:00 PM,Tampa Bay Lightning,,Detroit Red Wings,,Scheduled
2025-10-17,5:00 PM,7:00 PM,Minnesota Wild,,Washington Capitals,,Scheduled
2025-10-17,6:30 PM,8:30 PM,Vancouver Canucks,,Chicago Blackhawks,,Scheduled
2025-10-17,7:00 PM,9:00 PM,San Jose Sharks,,Utah Mammoth,,Scheduled
2025-10-18,11:00 AM,1:00 PM,Florida Panthers,,Buffalo Sabres,,Scheduled
2025-10-18,1:00 PM,3:00 PM,New York Islanders,,Ottawa Senators,,Scheduled
2025-10-18,1:30 PM,3:30 PM,Edmonton Oilers,,New Jersey Devils,,Scheduled
2025-10-18,5:00 PM,7:00 PM,Seattle Kraken,,Toronto Maple Leafs,,Scheduled
2025-10-18,5:00 PM,7:00 PM,New York Rangers,,Montreal Canadiens,,Scheduled
2025-10-18,5:00 PM,7:00 PM,Minnesota Wild,,Philadelphia Flyers,,Scheduled
2025-10-18,5:00 PM,7:00 PM,Tampa Bay Lightning,,Columbus Blue Jackets,,Scheduled
2025-10-18,5:00 PM,7:00 PM,Dallas Stars,,St. Louis Blues,,Scheduled
2025-10-18,5:00 PM,7:00 PM,Nashville Predators,,Winnipeg Jets,,Scheduled
2025-10-18,7:00 PM,9:00 PM,Boston Bruins,,Colorado Avalanche,,Scheduled
2025-10-18,7:00 PM,9:00 PM,Carolina Hurricanes,,Los Angeles Kings,,Scheduled
2025-10-18,8:00 PM,10:00 PM,Calgary Flames,,Vegas Golden Knights,,Scheduled
2025-10-18,8:00 PM,10:00 PM,Pittsburgh Penguins,,San Jose Sharks,,Scheduled
2025-10-19,10:30 AM,12:30 PM,Vancouver Canucks,,Washington Capitals,,Scheduled
2025-10-19,1:00 PM,3:00 PM,Edmonton Oilers,,Detroit Red Wings,,Scheduled
2025-10-19,5:00 PM,7:00 PM,Anaheim Ducks,,Chicago Blackhawks,,Scheduled
2025-10-19,5:00 PM,7:00 PM,Boston Bruins,,Utah Mammoth,,Scheduled
2025-10-20,5:00 PM,7:00 PM,Minnesota Wild,,New York Rangers,,Scheduled
2025-10-20,5:00 PM,7:00 PM,Seattle Kraken,,Philadelphia Flyers,,Scheduled
2025-10-20,5:30 PM,7:30 PM,Buffalo Sabres,,Montreal Canadiens,,Scheduled
2025-10-20,7:30 PM,9:30 PM,Winnipeg Jets,,Calgary Flames,,Scheduled
2025-10-20,8:00 PM,10:00 PM,Carolina Hurricanes,,Vegas Golden Knights,,Scheduled
2025-10-21,5:00 PM,7:00 PM,New Jersey Devils,,Toronto Maple Leafs,,Scheduled
2025-10-21,5:00 PM,7:00 PM,Edmonton Oilers,,Ottawa Senators,,Scheduled
2025-10-21,5:00 PM,7:00 PM,San Jose Sharks,,New York Islanders,,Scheduled
2025-10-21,5:00 PM,7:00 PM,Vancouver Canucks,,Pittsburgh Penguins,,Scheduled
2025-10-21,5:00 PM,7:00 PM,Seattle Kraken,,Washington Capitals,,Scheduled
2025-10-21,5:30 PM,7:30 PM,Florida Panthers,,Boston Bruins,,Scheduled
2025-10-21,6:00 PM,8:00 PM,Los Angeles Kings,,St. Louis Blues,,Scheduled
2025-10-21,6:00 PM,8:00 PM,Anaheim Ducks,,Nashville Predators,,Scheduled
2025-10-21,6:00 PM,8:00 PM,Columbus Blue Jackets,,Dallas Stars,,Scheduled
2025-10-21,8:00 PM,10:00 PM,Colorado Avalanche,,Utah Mammoth,,Scheduled
2025-10-22,5:00 PM,7:00 PM,Minnesota Wild,,New Jersey Devils,,Scheduled
2025-10-22,5:30 PM,7:30 PM,Detroit Red Wings,,Buffalo Sabres,,Scheduled
2025-10-22,6:30 PM,8:30 PM,Montreal Canadiens,,Calgary Flames,,Scheduled
2025-10-23,5:00 PM,7:00 PM,Anaheim Ducks,,Boston Bruins,,Scheduled
2025-10-23,5:00 PM,7:00 PM,Philadelphia Flyers,,Ottawa Senators,,Scheduled
2025-10-23,5:00 PM,7:00 PM,Chicago Blackhawks,,Tampa Bay Lightning,,Scheduled
2025-10-23,5:00 PM,7:00 PM,Pittsburgh Penguins,,Florida Panthers,,Scheduled
2025-10-23,5:00 PM,7:00 PM,Detroit Red Wings,,New York Islanders,,Scheduled
2025-10-23,5:00 PM,7:00 PM,San Jose Sharks,,New York Rangers,,Scheduled
2025-10-23,6:00 PM,8:00 PM,Utah Mammoth,,St. Louis Blues,,Scheduled
2025-10-23,6:00 PM,8:00 PM,Vancouver Canucks,,Nashville Predators,,Scheduled
2025-10-23,6:00 PM,8:00 PM,Los Angeles Kings,,Dallas Stars,,Scheduled
2025-10-23,6:00 PM,8:00 PM,Seattle Kraken,,Winnipeg Jets,,Scheduled
2025-10-23,7:00 PM,9:00 PM,Carolina Hurricanes,,Colorado Avalanche,,Scheduled
2025-10-23,7:00 PM,9:00 PM,Montreal Canadiens,,Edmonton Oilers,,Scheduled
2025-10-24,5:00 PM,7:00 PM,Toronto Maple Leafs,,Buffalo Sabres,,Scheduled
2025-10-24,5:00 PM,7:00 PM,San Jose Sharks,,New Jersey Devils,,Scheduled
2025-10-24,5:00 PM,7:00 PM,Washington Capitals,,Columbus Blue Jackets,,Scheduled
2025-10-24,6:00 PM,8:00 PM,Calgary Flames,,Winnipeg Jets,,Scheduled
2025-10-25,10:30 AM,12:30 PM,New York Islanders,,Philadelphia Flyers,,Scheduled
2025-10-25,1:00 PM,3:00 PM,Colorado Avalanche,,Boston Bruins,,Scheduled
2025-10-25,3:00 PM,5:00 PM,Anaheim Ducks,,Tampa Bay Lightning,,Scheduled
2025-10-25,4:00 PM,6:00 PM,Vegas Golden Knights,,Florida Panthers,,Scheduled
2025-10-25,4:00 PM,6:00 PM,Utah Mammoth,,Minnesota Wild,,Scheduled
2025-10-25,5:00 PM,7:00 PM,Buffalo Sabres,,Toronto Maple Leafs,,Scheduled
2025-10-25,5:00 PM,7:00 PM,St. Louis Blues,,Detroit Red Wings,,Scheduled
2025-10-25,5:00 PM,7:00 PM,Columbus Blue Jackets,,Pittsburgh Penguins,,Scheduled
2025-10-25,5:00 PM,7:00 PM,Ottawa Senators,,Washington Capitals,,Scheduled
2025-10-25,5:00 PM,7:00 PM,Montreal Canadiens,,Vancouver Canucks,,Scheduled
2025-10-25,6:00 PM,8:00 PM,Los Angeles Kings,,Nashville Predators,,Scheduled
2025-10-25,6:00 PM,8:00 PM,Carolina Hurricanes,,Dallas Stars,,Scheduled
2025-10-25,8:00 PM,10:00 PM,Edmonton Oilers,,Seattle Kraken,,Scheduled
2025-10-26,11:00 AM,1:00 PM,Colorado Avalanche,,New Jersey Devils,,Scheduled
2025-10-26,3:00 PM,5:00 PM,Vegas Golden Knights,,Tampa Bay Lightning,,Scheduled
2025-10-26,4:00 PM,6:00 PM,San Jose Sharks,,Minnesota Wild,,Scheduled
2025-10-26,4:00 PM,6:00 PM,Utah Mammoth,,Winnipeg Jets,,Scheduled
2025-10-26,5:00 PM,7:00 PM,Los Angeles Kings,,Chicago Blackhawks,,Scheduled
2025-10-26,5:00 PM,7:00 PM,Dallas Stars,,Nashville Predators,,Scheduled
2025-10-26,6:00 PM,8:00 PM,New York Rangers,,Calgary Flames,,Scheduled
2025-10-26,8:00 PM,10:00 PM,Edmonton Oilers,,Vancouver Canucks,,Scheduled
2025-10-27,5:00 PM,7:00 PM,St. Louis Blues,,Pittsburgh Penguins,,Scheduled
2025-10-27,5:30 PM,7:30 PM,Boston Bruins,,Ottawa Senators,,Scheduled
2025-10-28,4:00 PM,6:00 PM,Pittsburgh Penguins,,Philadelphia Flyers,,Scheduled
2025-10-28,4:30 PM,6:30 PM,Calgary Flames,,Toronto Maple Leafs,,Scheduled
2025-10-28,4:45 PM,6:45 PM,Columbus Blue Jackets,,Buffalo Sabres,,Scheduled
2025-10-28,5:00 PM,7:00 PM,Anaheim Ducks,,Florida Panthers,,Scheduled
2025-10-28,5:15 PM,7:15 PM,New York Islanders,,Boston Bruins,,Scheduled
2025-10-28,5:30 PM,7:30 PM,Vegas Golden Knights,,Carolina Hurricanes,,Scheduled
2025-10-28,5:45 PM,7:45 PM,Tampa Bay Lightning,,Nashville Predators,,Scheduled
2025-10-28,6:00 PM,8:00 PM,Winnipeg Jets,,Minnesota Wild,,Scheduled
2025-10-28,6:15 PM,8:15 PM,Detroit Red Wings,,St. Louis Blues,,Scheduled
2025-10-28,6:30 PM,8:30 PM,Washington Capitals,,Dallas Stars,,Scheduled
2025-10-28,6:45 PM,8:45 PM,Ottawa Senators,,Chicago Blackhawks,,Scheduled
2025-10-28,7:00 PM,9:00 PM,New Jersey Devils,,Colorado Avalanche,,Scheduled
2025-10-28,7:30 PM,9:30 PM,Utah Mammoth,,Edmonton Oilers,,Scheduled
2025-10-28,8:00 PM,10:00 PM,New York Rangers,,Vancouver Canucks,,Scheduled
2025-10-28,8:30 PM,10:30 PM,Montreal Canadiens,,Seattle Kraken,,Scheduled
2025-10-28,9:00 PM,11:00 PM,Los Angeles Kings,,San Jose Sharks,,Scheduled
2025-10-29,5:30 PM,7:30 PM,Toronto Maple Leafs,,Columbus Blue Jackets,,Scheduled
2025-10-30,5:00 PM,7:00 PM,Buffalo Sabres,,Boston Bruins,,Scheduled
2025-10-30,5:00 PM,7:00 PM,Calgary Flames,,Ottawa Senators,,Scheduled
2025-10-30,5:00 PM,7:00 PM,Dallas Stars,,Tampa Bay Lightning,,Scheduled
2025-10-30,5:00 PM,7:00 PM,Nashville Predators,,Philadelphia Flyers,,Scheduled
2025-10-30,5:00 PM,7:00 PM,New York Islanders,,Carolina Hurricanes,,Scheduled
2025-10-30,6:00 PM,8:00 PM,Vancouver Canucks,,St. Louis Blues,,Scheduled
2025-10-30,6:00 PM,8:00 PM,Pittsburgh Penguins,,Minnesota Wild,,Scheduled
2025-10-30,6:00 PM,8:00 PM,Chicago Blackhawks,,Winnipeg Jets,,Scheduled
2025-10-30,7:00 PM,9:00 PM,New York Rangers,,Edmonton Oilers,,Scheduled
2025-10-30,8:00 PM,10:00 PM,New Jersey Devils,,San Jose Sharks,,Scheduled
2025-10-30,8:30 PM,10:30 PM,Detroit Red Wings,,Los Angeles Kings,,Scheduled
2025-10-31,2:00 PM,4:00 PM,Colorado Avalanche,,Vegas Golden Knights,,Scheduled
2025-10-31,5:00 PM,7:00 PM,New York Islanders,,Washington Capitals,,Scheduled
2025-10-31,8:00 PM,10:00 PM,Detroit Red Wings,,Anaheim Ducks,,Scheduled
2025-11-01,11:00 AM,1:00 PM,Carolina Hurricanes,,Boston Bruins,,Scheduled
2025-11-01,1:00 PM,3:00 PM,Pittsburgh Penguins,,Winnipeg Jets,,Scheduled
2025-11-01,1:30 PM,3:30 PM,Calgary Flames,,Nashville Predators,,Scheduled
2025-11-01,2:00 PM,4:00 PM,Colorado Avalanche,,San Jose Sharks,,Scheduled
2025-11-01,4:00 PM,6:00 PM,Dallas Stars,,Florida Panthers,,Scheduled
2025-11-01,5:00 PM,7:00 PM,Washington Capitals,,Buffalo Sabres,,Scheduled
2025-11-01,5:00 PM,7:00 PM,Ottawa Senators,,Montreal Canadiens,,Scheduled
2025-11-01,5:00 PM,7:00 PM,Toronto Maple Leafs,,Philadelphia Flyers,,Scheduled
2025-11-01,5:00 PM,7:00 PM,St. Louis Blues,,Columbus Blue Jackets,,Scheduled
2025-11-01,5:00 PM,7:00 PM,Vancouver Canucks,,Minnesota Wild,,Scheduled
2025-11-01,7:00 PM,9:00 PM,New Jersey Devils,,Los Angeles Kings,,Scheduled
2025-11-01,8:00 PM,10:00 PM,Chicago Blackhawks,,Edmonton Oilers,,Scheduled
2025-11-01,8:00 PM,10:00 PM,New York Rangers,,Seattle Kraken,,Scheduled
2025-11-02,2:30 PM,3:30 PM,Tampa Bay Lightning,,Utah Mammoth,,Scheduled
2025-11-02,4:00 PM,5:00 PM,Columbus Blue Jackets,,New York Islanders,,Scheduled
2025-11-02,6:00 PM,7:00 PM,Calgary Flames,,Philadelphia Flyers,,Scheduled
2025-11-02,7:00 PM,8:00 PM,New Jersey Devils,,Anaheim Ducks,,Scheduled
2025-11-02,7:00 PM,8:00 PM,Detroit Red Wings,,San Jose Sharks,,Scheduled
2025-11-03,6:30 PM,7:30 PM,Pittsburgh Penguins,,Toronto Maple Leafs,,Scheduled
2025-11-03,7:30 PM,8:30 PM,Edmonton Oilers,,St. Louis Blues,,Scheduled
2025-11-03,7:30 PM,8:30 PM,Vancouver Canucks,,Nashville Predators,,Scheduled
2025-11-03,9:00 PM,10:00 PM,Chicago Blackhawks,,Seattle Kraken,,Scheduled
2025-11-04,6:00 PM,7:00 PM,Utah Mammoth,,Buffalo Sabres,,Scheduled
2025-11-04,6:00 PM,7:00 PM,Philadelphia Flyers,,Montreal Canadiens,,Scheduled
2025-11-04,6:00 PM,7:00 PM,Boston Bruins,,New York Islanders,,Scheduled
2025-11-04,6:00 PM,7:00 PM,Carolina Hurricanes,,New York Rangers,,Scheduled
2025-11-04,7:00 PM,8:00 PM,Edmonton Oilers,,Dallas Stars,,Scheduled
2025-11-04,7:00 PM,8:00 PM,Nashville Predators,,Minnesota Wild,,Scheduled
2025-11-04,8:30 PM,9:30 PM,Tampa Bay Lightning,,Colorado Avalanche,,Scheduled
2025-11-04,9:00 PM,10:00 PM,Detroit Red Wings,,Vegas Golden Knights,,Scheduled
2025-11-04,9:00 PM,10:00 PM,Florida Panthers,,Anaheim Ducks,,Scheduled
2025-11-04,9:30 PM,10:30 PM,Winnipeg Jets,,Los Angeles Kings,,Scheduled
2025-11-05,6:00 PM,7:00 PM,Utah Mammoth,,Toronto Maple Leafs,,Scheduled
2025-11-05,6:30 PM,7:30 PM,St. Louis Blues,,Washington Capitals,,Scheduled
2025-11-05,8:30 PM,9:30 PM,Columbus Blue Jackets,,Calgary Flames,,Scheduled
2025-11-05,9:00 PM,10:00 PM,Chicago Blackhawks,,Vancouver Canucks,,Scheduled
2025-11-05,9:00 PM,10:00 PM,San Jose Sharks,,Seattle Kraken,,Scheduled
2025-11-06,6:00 PM,7:00 PM,Ottawa Senators,,Boston Bruins,,Scheduled
2025-11-06,6:00 PM,7:00 PM,St. Louis Blues,,Buffalo Sabres,,Scheduled
2025-11-06,6:00 PM,7:00 PM,Montreal Canadiens,,New Jersey Devils,,Scheduled
2025-11-06,6:00 PM,7:00 PM,Washington Capitals,,Pittsburgh Penguins,,Scheduled
2025-11-06,6:00 PM,7:00 PM,Minnesota Wild,,Carolina Hurricanes,,Scheduled
2025-11-06,7:00 PM,8:00 PM,Philadelphia Flyers,,Nashville Predators,,Scheduled
2025-11-06,7:00 PM,8:00 PM,Anaheim Ducks,,Dallas Stars,,Scheduled
2025-11-06,9:00 PM,10:00 PM,Tampa Bay Lightning,,Vegas Golden Knights,,Scheduled
2025-11-06,9:30 PM,10:30 PM,Florida Panthers,,Los Angeles Kings,,Scheduled
2025-11-07,6:00 PM,7:00 PM,New York Rangers,,Detroit Red Wings,,Scheduled
2025-11-07,6:00 PM,7:00 PM,Minnesota Wild,,New York Islanders,,Scheduled
2025-11-07,8:00 PM,9:00 PM,Chicago Blackhawks,,Calgary Flames,,Scheduled
2025-11-07,9:00 PM,10:00 PM,Winnipeg Jets,,San Jose Sharks,,Scheduled
2025-11-08,11:30 AM,12:30 PM,Pittsburgh Penguins,,New Jersey Devils,,Scheduled
2025-11-08,12:00 PM,1:00 PM,Ottawa Senators,,Philadelphia Flyers,,Scheduled
2025-11-08,2:30 PM,3:30 PM,Dallas Stars,,Nashville Predators,,Scheduled
2025-11-08,6:00 PM,7:00 PM,Boston Bruins,,Toronto Maple Leafs,,Scheduled
2025-11-08,6:00 PM,7:00 PM,Utah Mammoth,,Montreal Canadiens,,Scheduled
2025-11-08,6:00 PM,7:00 PM,Washington Capitals,,Tampa Bay Lightning,,Scheduled
2025-11-08,6:00 PM,7:00 PM,New York Islanders,,New York Rangers,,Scheduled
2025-11-08,6:00 PM,7:00 PM,Buffalo Sabres,,Carolina Hurricanes,,Scheduled
2025-11-08,6:00 PM,7:00 PM,Seattle Kraken,,St. Louis Blues,,Scheduled
2025-11-08,9:00 PM,10:00 PM,Colorado Avalanche,,Edmonton Oilers,,Scheduled
2025-11-08,9:00 PM,10:00 PM,Columbus Blue Jackets,,Vancouver Canucks,,Scheduled
2025-11-08,9:00 PM,10:00 PM,Anaheim Ducks,,Vegas Golden Knights,,Scheduled
2025-11-08,9:00 PM,10:00 PM,Florida Panthers,,San Jose Sharks,,Scheduled
2025-11-09,12:00 PM,1:00 PM,Chicago Blackhawks,,Detroit Red Wings,,Scheduled
2025-11-09,1:00 PM,2:00 PM,Los Angeles Kings,,Pittsburgh Penguins,,Scheduled
2025-11-09,6:00 PM,7:00 PM,Carolina Hurricanes,,Toronto Maple Leafs,,Scheduled
2025-11-09,6:00 PM,7:00 PM,Utah Mammoth,,Ottawa Senators,,Scheduled
2025-11-09,6:00 PM,7:00 PM,Seattle Kraken,,Dallas Stars,,Scheduled
2025-11-09,7:00 PM,8:00 PM,Calgary Flames,,Minnesota Wild,,Scheduled
2025-11-09,9:00 PM,10:00 PM,Colorado Avalanche,,Vancouver Canucks,,Scheduled
2025-11-09,9:00 PM,10:00 PM,Winnipeg Jets,,Anaheim Ducks,,Scheduled
2025-11-10,6:00 PM,7:00 PM,New York Islanders,,New Jersey Devils,,Scheduled
2025-11-10,6:00 PM,7:00 PM,Nashville Predators,,New York Rangers,,Scheduled
2025-11-10,7:30 PM,8:30 PM,Columbus Blue Jackets,,Edmonton Oilers,,Scheduled
2025-11-10,9:00 PM,10:00 PM,Florida Panthers,,Vegas Golden Knights,,Scheduled
2025-11-11,6:00 PM,7:00 PM,Toronto Maple Leafs,,Boston Bruins,,Scheduled
2025-11-11,6:00 PM,7:00 PM,Los Angeles Kings,,Montreal Canadiens,,Scheduled
2025-11-11,6:00 PM,7:00 PM,Dallas Stars,,Ottawa Senators,,Scheduled
2025-11-11,6:00 PM,7:00 PM,Washington Capitals,,Carolina Hurricanes,,Scheduled
2025-11-11,7:00 PM,8:00 PM,Calgary Flames,,St. Louis Blues,,Scheduled
2025-11-11,7:00 PM,8:00 PM,San Jose Sharks,,Minnesota Wild,,Scheduled
2025-11-11,8:30 PM,9:30 PM,Anaheim Ducks,,Colorado Avalanche,,Scheduled
2025-11-11,9:00 PM,10:00 PM,Winnipeg Jets,,Vancouver Canucks,,Scheduled
2025-11-11,9:00 PM,10:00 PM,Columbus Blue Jackets,,Seattle Kraken,,Scheduled
2025-11-12,6:00 PM,7:00 PM,New York Rangers,,Tampa Bay Lightning,,Scheduled
2025-11-12,6:30 PM,7:30 PM,Edmonton Oilers,,Philadelphia Flyers,,Scheduled
2025-11-12,8:00 PM,9:00 PM,Buffalo Sabres,,Utah Mammoth,,Scheduled
2025-11-12,8:30 PM,9:30 PM,New Jersey Devils,,Chicago Blackhawks,,Scheduled
2025-11-13,6:00 PM,7:00 PM,Los Angeles Kings,,Toronto Maple Leafs,,Scheduled
2025-11-13,6:00 PM,7:00 PM,Dallas Stars,,Montreal Canadiens,,Scheduled
2025-11-13,6:00 PM,7:00 PM,Boston Bruins,,Ottawa Senators,,Scheduled
2025-11-13,6:00 PM,7:00 PM,Anaheim Ducks,,Detroit Red Wings,,Scheduled
2025-11-13,6:00 PM,7:00 PM,Washington Capitals,,Florida Panthers,,Scheduled
2025-11-13,6:00 PM,7:00 PM,Edmonton Oilers,,Columbus Blue Jackets,,Scheduled
2025-11-13,8:00 PM,9:00 PM,Buffalo Sabres,,Colorado Avalanche,,Scheduled
2025-11-13,8:00 PM,9:00 PM,San Jose Sharks,,Calgary Flames,,Scheduled
2025-11-13,9:00 PM,10:00 PM,New York Islanders,,Vegas Golden Knights,,Scheduled
2025-11-13,9:00 PM,10:00 PM,Winnipeg Jets,,Seattle Kraken,,Scheduled
2025-11-14,1:00 PM,2:00 PM,Pittsburgh Penguins,,Nashville Predators,,Scheduled
2025-11-14,6:00 PM,7:00 PM,Vancouver Canucks,,Carolina Hurricanes,,Scheduled
2025-11-14,7:00 PM,8:00 PM,Philadelphia Flyers,,St. Louis Blues,,Scheduled
2025-11-14,8:00 PM,9:00 PM,New York Islanders,,Utah Mammoth,,Scheduled
2025-11-15,5:00 PM,6:00 PM,Tampa Bay Lightning,,Florida Panthers,,Scheduled
2025-11-15,5:00 PM,6:00 PM,Anaheim Ducks,,Minnesota Wild,,Scheduled
2025-11-15,6:00 PM,7:00 PM,Boston Bruins,,Montreal Canadiens,,Scheduled
2025-11-15,6:00 PM,7:00 PM,Los Angeles Kings,,Ottawa Senators,,Scheduled
2025-11-15,6:00 PM,7:00 PM,Buffalo Sabres,,Detroit Red Wings,,Scheduled
2025-11-15,6:00 PM,7:00 PM,New Jersey Devils,,Washington Capitals,,Scheduled
2025-11-15,6:00 PM,7:00 PM,Edmonton Oilers,,Carolina Hurricanes,,Scheduled
2025-11-15,6:00 PM,7:00 PM,New York Rangers,,Columbus Blue Jackets,,Scheduled
2025-11-15,6:00 PM,7:00 PM,Toronto Maple Leafs,,Chicago Blackhawks,,Scheduled
2025-11-15,7:00 PM,8:00 PM,Vegas Golden Knights,,St. Louis Blues,,Scheduled
2025-11-15,7:00 PM,8:00 PM,Philadelphia Flyers,,Dallas Stars,,Scheduled
2025-11-15,9:00 PM,10:00 PM,Winnipeg Jets,,Calgary Flames,,Scheduled
2025-11-15,9:00 PM,10:00 PM,San Jose Sharks,,Seattle Kraken,,Scheduled
2025-11-16,8:00 AM,9:00 AM,Nashville Predators,,Pittsburgh Penguins,,Scheduled
2025-11-16,4:00 PM,5:00 PM,Vancouver Canucks,,Tampa Bay Lightning,,Scheduled
2025-11-16,5:00 PM,6:00 PM,Vegas Golden Knights,,Minnesota Wild,,Scheduled
2025-11-16,6:00 PM,7:00 PM,Detroit Red Wings,,New York Rangers,,Scheduled
2025-11-16,8:00 PM,9:00 PM,New York Islanders,,Colorado Avalanche,,Scheduled
2025-11-17,6:00 PM,7:00 PM,Carolina Hurricanes,,Boston Bruins,,Scheduled
2025-11-17,6:00 PM,7:00 PM,Edmonton Oilers,,Buffalo Sabres,,Scheduled
2025-11-17,6:00 PM,7:00 PM,Vancouver Canucks,,Florida Panthers,,Scheduled
2025-11-17,6:00 PM,7:00 PM,Los Angeles Kings,,Washington Capitals,,Scheduled
2025-11-17,6:30 PM,7:30 PM,Montreal Canadiens,,Columbus Blue Jackets,,Scheduled
2025-11-17,9:00 PM,10:00 PM,Utah Mammoth,,Anaheim Ducks,,Scheduled
2025-11-18,6:00 PM,7:00 PM,St. Louis Blues,,Toronto Maple Leafs,,Scheduled
2025-11-18,6:00 PM,7:00 PM,Seattle Kraken,,Detroit Red Wings,,Scheduled
2025-11-18,6:00 PM,7:00 PM,New Jersey Devils,,Tampa Bay Lightning,,Scheduled
2025-11-18,7:00 PM,8:00 PM,New York Islanders,,Dallas Stars,,Scheduled
2025-11-18,7:00 PM,8:00 PM,Columbus Blue Jackets,,Winnipeg Jets,,Scheduled
2025-11-18,7:30 PM,8:30 PM,Calgary Flames,,Chicago Blackhawks,,Scheduled
2025-11-18,9:00 PM,10:00 PM,New York Rangers,,Vegas Golden Knights,,Scheduled
2025-11-18,9:00 PM,10:00 PM,Utah Mammoth,,San Jose Sharks,,Scheduled
2025-11-19,6:00 PM,7:00 PM,Edmonton Oilers,,Washington Capitals,,Scheduled
2025-11-19,6:30 PM,7:30 PM,Calgary Flames,,Buffalo Sabres,,Scheduled
2025-11-19,8:30 PM,9:30 PM,Carolina Hurricanes,,Minnesota Wild,,Scheduled
2025-11-19,9:00 PM,10:00 PM,Boston Bruins,,Anaheim Ducks,,Scheduled
2025-11-20,6:00 PM,7:00 PM,Columbus Blue Jackets,,Toronto Maple Leafs,,Scheduled
2025-11-20,6:00 PM,7:00 PM,Washington Capitals,,Montreal Canadiens,,Scheduled
2025-11-20,6:00 PM,7:00 PM,New York Islanders,,Detroit Red Wings,,Scheduled
2025-11-20,6:00 PM,7:00 PM,Edmonton Oilers,,Tampa Bay Lightning,,Scheduled
2025-11-20,6:00 PM,7:00 PM,New Jersey Devils,,Florida Panthers,,Scheduled
2025-11-20,6:00 PM,7:00 PM,St. Louis Blues,,Philadelphia Flyers,,Scheduled
2025-11-20,7:00 PM,8:00 PM,Seattle Kraken,,Chicago Blackhawks,,Scheduled
2025-11-20,8:00 PM,9:00 PM,New York Rangers,,Colorado Avalanche,,Scheduled
2025-11-20,8:00 PM,9:00 PM,Vegas Golden Knights,,Utah Mammoth,,Scheduled
2025-11-20,9:00 PM,10:00 PM,Dallas Stars,,Vancouver Canucks,,Scheduled
2025-11-20,9:00 PM,10:00 PM,Ottawa Senators,,Anaheim Ducks,,Scheduled
2025-11-20,9:00 PM,10:00 PM,Los Angeles Kings,,San Jose Sharks,,Scheduled
2025-11-21,6:00 PM,7:00 PM,Chicago Blackhawks,,Buffalo Sabres,,Scheduled
2025-11-21,6:00 PM,7:00 PM,Minnesota Wild,,Pittsburgh Penguins,,Scheduled
2025-11-21,7:00 PM,8:00 PM,Carolina Hurricanes,,Winnipeg Jets,,Scheduled
2025-11-21,9:30 PM,10:30 PM,Boston Bruins,,Los Angeles Kings,,Scheduled
2025-11-22,12:00 PM,1:00 PM,Columbus Blue Jackets,,Detroit Red Wings,,Scheduled
2025-11-22,2:30 PM,3:30 PM,St. Louis Blues,,New York Islanders,,Scheduled
2025-11-22,6:00 PM,7:00 PM,Toronto Maple Leafs,,Montreal Canadiens,,Scheduled
2025-11-22,6:00 PM,7:00 PM,Edmonton Oilers,,Florida Panthers,,Scheduled
2025-11-22,6:00 PM,7:00 PM,New Jersey Devils,,Philadelphia Flyers,,Scheduled
2025-11-22,6:00 PM,7:00 PM,Seattle Kraken,,Pittsburgh Penguins,,Scheduled
2025-11-22,6:00 PM,7:00 PM,Tampa Bay Lightning,,Washington Capitals,,Scheduled
2025-11-22,6:00 PM,7:00 PM,Ottawa Senators,,San Jose Sharks,,Scheduled
2025-11-22,7:00 PM,8:00 PM,Colorado Avalanche,,Nashville Predators,,Scheduled
2025-11-22,8:00 PM,9:00 PM,New York Rangers,,Utah Mammoth,,Scheduled
2025-11-22,9:00 PM,10:00 PM,Dallas Stars,,Calgary Flames,,Scheduled
2025-11-22,9:00 PM,10:00 PM,Vegas Golden Knights,,Anaheim Ducks,,Scheduled
2025-11-23,12:00 PM,1:00 PM,Carolina Hurricanes,,Buffalo Sabres,,Scheduled
2025-11-23,3:00 PM,4:00 PM,Minnesota Wild,,Winnipeg Jets,,Scheduled
2025-11-23,4:00 PM,5:00 PM,Seattle Kraken,,New York Islanders,,Scheduled
2025-11-23,6:00 PM,7:00 PM,Colorado Avalanche,,Chicago Blackhawks,,Scheduled
2025-11-23,7:00 PM,8:00 PM,Boston Bruins,,San Jose Sharks,,Scheduled
2025-11-23,8:00 PM,9:00 PM,Calgary Flames,,Vancouver Canucks,,Scheduled
2025-11-24,6:00 PM,7:00 PM,Philadelphia Flyers,,Tampa Bay Lightning,,Scheduled
2025-11-24,6:00 PM,7:00 PM,Detroit Red Wings,,New Jersey Devils,,Scheduled
2025-11-24,6:00 PM,7:00 PM,St. Louis Blues,,New York Rangers,,Scheduled
2025-11-24,6:00 PM,7:00 PM,Columbus Blue Jackets,,Washington Capitals,,Scheduled
2025-11-24,7:00 PM,8:00 PM,Florida Panthers,,Nashville Predators,,Scheduled
2025-11-24,8:00 PM,9:00 PM,Vegas Golden Knights,,Utah Mammoth,,Scheduled
2025-11-24,8:00 PM,9:00 PM,Ottawa Senators,,Los Angeles Kings,,Scheduled
2025-11-25,8:00 PM,9:00 PM,Dallas Stars,,Edmonton Oilers,,Scheduled
2025-11-26,6:00 PM,7:00 PM,Nashville Predators,,Detroit Red Wings,,Scheduled
2025-11-26,6:00 PM,7:00 PM,Calgary Flames,,Tampa Bay Lightning,,Scheduled
2025-11-26,6:00 PM,7:00 PM,Philadelphia Flyers,,Florida Panthers,,Scheduled
2025-11-26,6:00 PM,7:00 PM,St. Louis Blues,,New Jersey Devils,,Scheduled
2025-11-26,6:00 PM,7:00 PM,Boston Bruins,,New York Islanders,,Scheduled
2025-11-26,6:00 PM,7:00 PM,Buffalo Sabres,,Pittsburgh Penguins,,Scheduled
2025-11-26,6:00 PM,7:00 PM,Winnipeg Jets,,Washington Capitals,,Scheduled
2025-11-26,6:00 PM,7:00 PM,New York Rangers,,Carolina Hurricanes,,Scheduled
2025-11-26,6:00 PM,7:00 PM,Toronto Maple Leafs,,Columbus Blue Jackets,,Scheduled
2025-11-26,7:30 PM,8:30 PM,Minnesota Wild,,Chicago Blackhawks,,Scheduled
2025-11-26,8:00 PM,9:00 PM,San Jose Sharks,,Colorado Avalanche,,Scheduled
2025-11-26,8:30 PM,9:30 PM,Montreal Canadiens,,Utah Mammoth,,Scheduled
2025-11-26,9:00 PM,10:00 PM,Ottawa Senators,,Vegas Golden Knights,,Scheduled
2025-11-26,9:00 PM,10:00 PM,Vancouver Canucks,,Anaheim Ducks,,Scheduled
2025-11-26,9:00 PM,10:00 PM,Dallas Stars,,Seattle Kraken,,Scheduled
2025-11-28,12:00 PM,1:00 PM,New York Rangers,,Boston Bruins,,Scheduled
2025-11-28,12:00 PM,1:00 PM,Tampa Bay Lightning,,Detroit Red Wings,,Scheduled
2025-11-28,2:30 PM,3:30 PM,Colorado Avalanche,,Minnesota Wild,,Scheduled
2025-11-28,3:00 PM,4:00 PM,New Jersey Devils,,Buffalo Sabres,,Scheduled
2025-11-28,3:00 PM,4:00 PM,Calgary Flames,,Florida Panthers,,Scheduled
2025-11-28,3:00 PM,4:00 PM,Philadelphia Flyers,,New York Islanders,,Scheduled
2025-11-28,3:00 PM,4:00 PM,Ottawa Senators,,St. Louis Blues,,Scheduled
2025-11-28,3:00 PM,4:00 PM,Montreal Canadiens,,Vegas Golden Knights,,Scheduled
2025-11-28,3:00 PM,4:00 PM,Los Angeles Kings,,Anaheim Ducks,,Scheduled
2025-11-28,3:00 PM,4:00 PM,Vancouver Canucks,,San Jose Sharks,,Scheduled
2025-11-28,4:00 PM,5:00 PM,Toronto Maple Leafs,,Washington Capitals,,Scheduled
2025-11-28,4:00 PM,5:00 PM,Winnipeg Jets,,Carolina Hurricanes,,Scheduled
2025-11-28,6:00 PM,7:00 PM,Pittsburgh Penguins,,Columbus Blue Jackets,,Scheduled
2025-11-28,7:00 PM,8:00 PM,Nashville Predators,,Chicago Blackhawks,,Scheduled
2025-11-28,8:00 PM,9:00 PM,Utah Mammoth,,Dallas Stars,,Scheduled
2025-11-29,1:00 PM,2:00 PM,Tampa Bay Lightning,,New York Rangers,,Scheduled
2025-11-29,2:00 PM,3:00 PM,Montreal Canadiens,,Colorado Avalanche,,Scheduled
2025-11-29,3:00 PM,4:00 PM,Edmonton Oilers,,Seattle Kraken,,Scheduled
2025-11-29,6:00 PM,7:00 PM,Detroit Red Wings,,Boston Bruins,,Scheduled
2025-11-29,6:00 PM,7:00 PM,Philadelphia Flyers,,New Jersey Devils,,Scheduled
2025-11-29,6:00 PM,7:00 PM,Toronto Maple Leafs,,Pittsburgh Penguins,,Scheduled
2025-11-29,6:00 PM,7:00 PM,Winnipeg Jets,,Nashville Predators,,Scheduled
2025-11-29,7:00 PM,8:00 PM,Utah Mammoth,,St. Louis Blues,,Scheduled
2025-11-29,7:00 PM,8:00 PM,Buffalo Sabres,,Minnesota Wild,,Scheduled
2025-11-29,9:00 PM,10:00 PM,San Jose Sharks,,Vegas Golden Knights,,Scheduled
2025-11-29,9:00 PM,10:00 PM,Vancouver Canucks,,Los Angeles Kings,,Scheduled
2025-11-30,12:00 PM,1:00 PM,Washington Capitals,,New York Islanders,,Scheduled
2025-11-30,2:30 PM,3:30 PM,Anaheim Ducks,,Chicago Blackhawks,,Scheduled
2025-11-30,4:00 PM,5:00 PM,Calgary Flames,,Carolina Hurricanes,,Scheduled
2025-11-30,5:00 PM,6:00 PM,Ottawa Senators,,Dallas Stars,,Scheduled
2025-12-01,6:00 PM,7:00 PM,Columbus Blue Jackets,,New Jersey Devils,,Scheduled
2025-12-01,6:00 PM,7:00 PM,Pittsburgh Penguins,,Philadelphia Flyers,,Scheduled
2025-12-01,6:30 PM,7:30 PM,Winnipeg Jets,,Buffalo Sabres,,Scheduled
2025-12-01,7:00 PM,8:00 PM,Anaheim Ducks,,St. Louis Blues,,Scheduled
2025-12-01,9:00 PM,10:00 PM,Utah Mammoth,,San Jose Sharks,,Scheduled
2025-12-02,6:00 PM,7:00 PM,Ottawa Senators,,Montreal Canadiens,,Scheduled
2025-12-02,6:00 PM,7:00 PM,Boston Bruins,,Detroit Red Wings,,Scheduled
2025-12-02,6:00 PM,7:00 PM,Toronto Maple Leafs,,Florida Panthers,,Scheduled
2025-12-02,6:00 PM,7:00 PM,Tampa Bay Lightning,,New York Islanders,,Scheduled
2025-12-02,6:00 PM,7:00 PM,Dallas Stars,,New York Rangers,,Scheduled
2025-12-02,7:00 PM,8:00 PM,Calgary Flames,,Nashville Predators,,Scheduled
2025-12-02,8:00 PM,9:00 PM,Vancouver Canucks,,Colorado Avalanche,,Scheduled
2025-12-02,8:00 PM,9:00 PM,Minnesota Wild,,Edmonton Oilers,,Scheduled
2025-12-02,9:00 PM,10:00 PM,Chicago Blackhawks,,Vegas Golden Knights,,Scheduled
2025-12-02,9:30 PM,10:30 PM,Washington Capitals,,Los Angeles Kings,,Scheduled
2025-12-03,6:00 PM,7:00 PM,Dallas Stars,,New Jersey Devils,,Scheduled
2025-12-03,6:30 PM,7:30 PM,Winnipeg Jets,,Montreal Canadiens,,Scheduled
2025-12-03,6:30 PM,7:30 PM,Buffalo Sabres,,Philadelphia Flyers,,Scheduled
2025-12-03,9:00 PM,10:00 PM,Utah Mammoth,,Anaheim Ducks,,Scheduled
2025-12-03,9:00 PM,10:00 PM,Washington Capitals,,San Jose Sharks,,Scheduled
2025-12-04,6:00 PM,7:00 PM,St. Louis Blues,,Boston Bruins,,Scheduled
2025-12-04,6:00 PM,7:00 PM,New York Rangers,,Ottawa Senators,,Scheduled
2025-12-04,6:00 PM,7:00 PM,Pittsburgh Penguins,,Tampa Bay Lightning,,Scheduled
2025-12-04,6:00 PM,7:00 PM,Nashville Predators,,Florida Panthers,,Scheduled
2025-12-04,6:00 PM,7:00 PM,Colorado Avalanche,,New York Islanders,,Scheduled
2025-12-04,6:00 PM,7:00 PM,Toronto Maple Leafs,,Carolina Hurricanes,,Scheduled
2025-12-04,6:00 PM,7:00 PM,Detroit Red Wings,,Columbus Blue Jackets,,Scheduled
2025-12-04,8:00 PM,9:00 PM,Minnesota Wild,,Calgary Flames,,Scheduled
2025-12-04,8:00 PM,9:00 PM,Seattle Kraken,,Edmonton Oilers,,Scheduled
2025-12-04,9:30 PM,10:30 PM,Chicago Blackhawks,,Los Angeles Kings,,Scheduled
2025-12-05,6:00 PM,7:00 PM,Vegas Golden Knights,,New Jersey Devils,,Scheduled
2025-12-05,6:00 PM,7:00 PM,Buffalo Sabres,,Winnipeg Jets,,Scheduled
2025-12-05,7:00 PM,8:00 PM,San Jose Sharks,,Dallas Stars,,Scheduled
2025-12-05,8:00 PM,9:00 PM,Utah Mammoth,,Vancouver Canucks,,Scheduled
2025-12-05,9:00 PM,10:00 PM,Washington Capitals,,Anaheim Ducks,,Scheduled
2025-12-06,11:30 AM,12:30 PM,Colorado Avalanche,,New York Rangers,,Scheduled
2025-12-06,2:30 PM,3:30 PM,Columbus Blue Jackets,,Florida Panthers,,Scheduled
2025-12-06,6:00 PM,7:00 PM,New Jersey Devils,,Boston Bruins,,Scheduled
2025-12-06,6:00 PM,7:00 PM,Montreal Canadiens,,Toronto Maple Leafs,,Scheduled
2025-12-06,6:00 PM,7:00 PM,St. Louis Blues,,Ottawa Senators,,Scheduled
2025-12-06,6:00 PM,7:00 PM,New York Islanders,,Tampa Bay Lightning,,Scheduled
2025-12-06,6:00 PM,7:00 PM,Nashville Predators,,Carolina Hurricanes,,Scheduled
2025-12-06,6:00 PM,7:00 PM,Utah Mammoth,,Calgary Flames,,Scheduled
2025-12-06,8:00 PM,9:00 PM,Chicago Blackhawks,,Los Angeles Kings,,Scheduled
2025-12-06,9:00 PM,10:00 PM,Winnipeg Jets,,Edmonton Oilers,,Scheduled
2025-12-06,9:00 PM,10:00 PM,Minnesota Wild,,Vancouver Canucks,,Scheduled
2025-12-06,9:00 PM,10:00 PM,Detroit Red Wings,,Seattle Kraken,,Scheduled
2025-12-07,12:00 PM,1:00 PM,Colorado Avalanche,,Philadelphia Flyers,,Scheduled
2025-12-07,4:00 PM,5:00 PM,New York Islanders,,Florida Panthers,,Scheduled
2025-12-07,4:00 PM,5:00 PM,San Jose Sharks,,Carolina Hurricanes,,Scheduled
2025-12-07,5:00 PM,6:00 PM,Pittsburgh Penguins,,Dallas Stars,,Scheduled
2025-12-07,6:00 PM,7:00 PM,St. Louis Blues,,Montreal Canadiens,,Scheduled
2025-12-07,6:00 PM,7:00 PM,Vegas Golden Knights,,New York Rangers,,Scheduled
2025-12-07,6:00 PM,7:00 PM,Columbus Blue Jackets,,Washington Capitals,,Scheduled
2025-12-07,7:00 PM,8:00 PM,Chicago Blackhawks,,Anaheim Ducks,,Scheduled
2025-12-08,6:30 PM,7:30 PM,Tampa Bay Lightning,,Toronto Maple Leafs,,Scheduled
2025-12-08,8:00 PM,9:00 PM,Los Angeles Kings,,Utah Mammoth,,Scheduled
2025-12-08,8:00 PM,9:00 PM,Buffalo Sabres,,Calgary Flames,,Scheduled
2025-12-08,9:00 PM,10:00 PM,Detroit Red Wings,,Vancouver Canucks,,Scheduled
2025-12-08,9:00 PM,10:00 PM,Minnesota Wild,,Seattle Kraken,,Scheduled
2025-12-09,6:00 PM,7:00 PM,Tampa Bay Lightning,,Montreal Canadiens,,Scheduled
2025-12-09,6:00 PM,7:00 PM,New Jersey Devils,,Ottawa Senators,,Scheduled
2025-12-09,6:00 PM,7:00 PM,Vegas Golden Knights,,New York Islanders,,Scheduled
2025-12-09,6:00 PM,7:00 PM,San Jose Sharks,,Philadelphia Flyers,,Scheduled
2025-12-09,6:00 PM,7:00 PM,Anaheim Ducks,,Pittsburgh Penguins,,Scheduled
2025-12-09,6:00 PM,7:00 PM,Columbus Blue Jackets,,Carolina Hurricanes,,Scheduled
2025-12-09,6:00 PM,7:00 PM,Boston Bruins,,St. Louis Blues,,Scheduled
2025-12-09,7:00 PM,8:00 PM,Dallas Stars,,Winnipeg Jets,,Scheduled
2025-12-09,8:00 PM,9:00 PM,Buffalo Sabres,,Edmonton Oilers,,Scheduled
2025-12-09,8:30 PM,9:30 PM,Colorado Avalanche,,Nashville Predators,,Scheduled
2025-12-10,6:30 PM,7:30 PM,New York Rangers,,Chicago Blackhawks,,Scheduled
2025-12-10,7:30 PM,8:30 PM,Detroit Red Wings,,Calgary Flames,,Scheduled
2025-12-10,9:00 PM,10:00 PM,Florida Panthers,,Utah Mammoth,,Scheduled
2025-12-10,9:00 PM,10:00 PM,Los Angeles Kings,,Seattle Kraken,,Scheduled
2025-12-11,6:00 PM,7:00 PM,San Jose Sharks,,Toronto Maple Leafs,,Scheduled
2025-12-11,6:00 PM,7:00 PM,Tampa Bay Lightning,,New Jersey Devils,,Scheduled
2025-12-11,6:00 PM,7:00 PM,Anaheim Ducks,,New York Islanders,,Scheduled
2025-12-11,6:00 PM,7:00 PM,Vegas Golden Knights,,Philadelphia Flyers,,Scheduled
2025-12-11,6:00 PM,7:00 PM,Montreal Canadiens,,Pittsburgh Penguins,,Scheduled
2025-12-11,6:00 PM,7:00 PM,Carolina Hurricanes,,Washington Capitals,,Scheduled
2025-12-11,6:00 PM,7:00 PM,Ottawa Senators,,Columbus Blue Jackets,,Scheduled
2025-12-11,7:00 PM,8:00 PM,St. Louis Blues,,Nashville Predators,,Scheduled
2025-12-11,7:00 PM,8:00 PM,Dallas Stars,,Minnesota Wild,,Scheduled
2025-12-11,7:00 PM,8:00 PM,Boston Bruins,,Winnipeg Jets,,Scheduled
2025-12-11,8:00 PM,9:00 PM,Florida Panthers,,Colorado Avalanche,,Scheduled
2025-12-11,8:00 PM,9:00 PM,Detroit Red Wings,,Edmonton Oilers,,Scheduled
2025-12-11,9:00 PM,10:00 PM,Buffalo Sabres,,Vancouver Canucks,,Scheduled
2025-12-12,7:00 PM,8:00 PM,Chicago Blackhawks,,St. Louis Blues,,Scheduled
2025-12-12,8:00 PM,9:00 PM,Seattle Kraken,,Utah Mammoth,,Scheduled
2025-12-13,11:30 AM,12:30 PM,Anaheim Ducks,,New Jersey Devils,,Scheduled
2025-12-13,1:00 PM,2:00 PM,Ottawa Senators,,Minnesota Wild,,Scheduled
2025-12-13,2:00 PM,3:00 PM,San Jose Sharks,,Pittsburgh Penguins,,Scheduled
2025-12-13,2:30 PM,3:30 PM,Tampa Bay Lightning,,New York Islanders,,Scheduled
2025-12-13,6:00 PM,7:00 PM,Edmonton Oilers,,Toronto Maple Leafs,,Scheduled
2025-12-13,6:00 PM,7:00 PM,Montreal Canadiens,,New York Rangers,,Scheduled
2025-12-13,6:00 PM,7:00 PM,Carolina Hurricanes,,Philadelphia Flyers,,Scheduled
2025-12-13,6:00 PM,7:00 PM,Vegas Golden Knights,,Columbus Blue Jackets,,Scheduled
2025-12-13,6:00 PM,7:00 PM,Washington Capitals,,Winnipeg Jets,,Scheduled
2025-12-13,7:00 PM,8:00 PM,Detroit Red Wings,,Chicago Blackhawks,,Scheduled
2025-12-13,7:00 PM,8:00 PM,Florida Panthers,,Dallas Stars,,Scheduled
2025-12-13,8:00 PM,9:00 PM,Nashville Predators,,Colorado Avalanche,,Scheduled
2025-12-13,9:00 PM,10:00 PM,Calgary Flames,,Los Angeles Kings,,Scheduled
2025-12-14,11:30 AM,12:30 PM,Vancouver Canucks,,New Jersey Devils,,Scheduled
2025-12-14,2:00 PM,3:00 PM,Utah Mammoth,,Pittsburgh Penguins,,Scheduled
2025-12-14,4:00 PM,5:00 PM,Philadelphia Flyers,,Carolina Hurricanes,,Scheduled
2025-12-14,5:00 PM,6:00 PM,Boston Bruins,,Minnesota Wild,,Scheduled
2025-12-14,6:00 PM,7:00 PM,Edmonton Oilers,,Montreal Canadiens,,Scheduled
2025-12-14,7:00 PM,8:00 PM,Buffalo Sabres,,Seattle Kraken,,Scheduled
2025-12-15,6:00 PM,7:00 PM,Florida Panthers,,Tampa Bay Lightning,,Scheduled
2025-12-15,6:00 PM,7:00 PM,Anaheim Ducks,,New York Rangers,,Scheduled
2025-12-15,6:30 PM,7:30 PM,Ottawa Senators,,Winnipeg Jets,,Scheduled
2025-12-15,7:00 PM,8:00 PM,Nashville Predators,,St. Louis Blues,,Scheduled
2025-12-15,7:00 PM,8:00 PM,Los Angeles Kings,,Dallas Stars,,Scheduled
2025-12-16,6:00 PM,7:00 PM,Utah Mammoth,,Boston Bruins,,Scheduled
2025-12-16,6:00 PM,7:00 PM,Chicago Blackhawks,,Toronto Maple Leafs,,Scheduled
2025-12-16,6:00 PM,7:00 PM,Philadelphia Flyers,,Montreal Canadiens,,Scheduled
2025-12-16,6:00 PM,7:00 PM,New York Islanders,,Detroit Red Wings,,Scheduled
2025-12-16,6:00 PM,7:00 PM,Vancouver Canucks,,New York Rangers,,Scheduled
2025-12-16,6:00 PM,7:00 PM,Edmonton Oilers,,Pittsburgh Penguins,,Scheduled
2025-12-16,6:00 PM,7:00 PM,Anaheim Ducks,,Columbus Blue Jackets,,Scheduled
2025-12-16,7:00 PM,8:00 PM,Washington Capitals,,Minnesota Wild,,Scheduled
2025-12-16,9:00 PM,10:00 PM,Calgary Flames,,San Jose Sharks,,Scheduled
2025-12-16,9:00 PM,10:00 PM,Colorado Avalanche,,Seattle Kraken,,Scheduled
2025-12-17,6:00 PM,7:00 PM,Los Angeles Kings,,Florida Panthers,,Scheduled
2025-12-17,6:30 PM,7:30 PM,Utah Mammoth,,Detroit Red Wings,,Scheduled
2025-12-17,7:00 PM,8:00 PM,Winnipeg Jets,,St. Louis Blues,,Scheduled
2025-12-17,7:00 PM,8:00 PM,Carolina Hurricanes,,Nashville Predators,,Scheduled
2025-12-17,9:00 PM,10:00 PM,New Jersey Devils,,Vegas Golden Knights,,Scheduled
2025-12-18,6:00 PM,7:00 PM,Edmonton Oilers,,Boston Bruins,,Scheduled
2025-12-18,6:00 PM,7:00 PM,Philadelphia Flyers,,Buffalo Sabres,,Scheduled
2025-12-18,6:00 PM,7:00 PM,Chicago Blackhawks,,Montreal Canadiens,,Scheduled
2025-12-18,6:00 PM,7:00 PM,Pittsburgh Penguins,,Ottawa Senators,,Scheduled
2025-12-18,6:00 PM,7:00 PM,Los Angeles Kings,,Tampa Bay Lightning,,Scheduled
2025-12-18,6:00 PM,7:00 PM,Toronto Maple Leafs,,Washington Capitals,,Scheduled
2025-12-18,6:00 PM,7:00 PM,Minnesota Wild,,Columbus Blue Jackets,,Scheduled
2025-12-18,7:00 PM,8:00 PM,New York Rangers,,St. Louis Blues,,Scheduled
2025-12-18,8:00 PM,9:00 PM,Seattle Kraken,,Calgary Flames,,Scheduled
2025-12-18,9:00 PM,10:00 PM,Dallas Stars,,San Jose Sharks,,Scheduled
2025-12-19,6:00 PM,7:00 PM,Carolina Hurricanes,,Florida Panthers,,Scheduled
2025-12-19,6:00 PM,7:00 PM,Vancouver Canucks,,New York Islanders,,Scheduled
2025-12-19,8:00 PM,9:00 PM,Winnipeg Jets,,Colorado Avalanche,,Scheduled
2025-12-19,8:00 PM,9:00 PM,New Jersey Devils,,Utah Mammoth,,Scheduled
2025-12-19,9:00 PM,10:00 PM,Dallas Stars,,Anaheim Ducks,,Scheduled
2025-12-20,11:30 AM,12:30 PM,Philadelphia Flyers,,New York Rangers,,Scheduled
2025-12-20,11:30 AM,12:30 PM,Detroit Red Wings,,Washington Capitals,,Scheduled
2025-12-20,2:00 PM,3:00 PM,Chicago Blackhawks,,Ottawa Senators,,Scheduled
2025-12-20,2:00 PM,3:00 PM,Edmonton Oilers,,Minnesota Wild,,Scheduled
2025-12-20,4:00 PM,5:00 PM,New York Islanders,,Buffalo Sabres,,Scheduled
2025-12-20,5:00 PM,6:00 PM,St. Louis Blues,,Florida Panthers,,Scheduled
2025-12-20,6:00 PM,7:00 PM,Vancouver Canucks,,Boston Bruins,,Scheduled
2025-12-20,6:00 PM,7:00 PM,Pittsburgh Penguins,,Montreal Canadiens,,Scheduled
2025-12-20,6:00 PM,7:00 PM,Carolina Hurricanes,,Tampa Bay Lightning,,Scheduled
2025-12-20,6:00 PM,7:00 PM,Toronto Maple Leafs,,Nashville Predators,,Scheduled
2025-12-20,9:00 PM,10:00 PM,Vegas Golden Knights,,Calgary Flames,,Scheduled
2025-12-20,9:00 PM,10:00 PM,Columbus Blue Jackets,,Anaheim Ducks,,Scheduled
2025-12-20,9:00 PM,10:00 PM,Seattle Kraken,,San Jose Sharks,,Scheduled
2025-12-21,12:00 PM,1:00 PM,Washington Capitals,,Detroit Red Wings,,Scheduled
2025-12-21,5:00 PM,6:00 PM,Colorado Avalanche,,Minnesota Wild,,Scheduled
2025-12-21,6:00 PM,7:00 PM,Ottawa Senators,,Boston Bruins,,Scheduled
2025-12-21,6:00 PM,7:00 PM,Buffalo Sabres,,New Jersey Devils,,Scheduled
2025-12-21,6:00 PM,7:00 PM,Montreal Canadiens,,Pittsburgh Penguins,,Scheduled
2025-12-21,6:00 PM,7:00 PM,New York Rangers,,Nashville Predators,,Scheduled
2025-12-21,6:00 PM,7:00 PM,Toronto Maple Leafs,,Dallas Stars,,Scheduled
2025-12-21,6:00 PM,7:00 PM,Winnipeg Jets,,Utah Mammoth,,Scheduled
2025-12-21,7:00 PM,8:00 PM,Vegas Golden Knights,,Edmonton Oilers,,Scheduled
2025-12-22,6:00 PM,7:00 PM,St. Louis Blues,,Tampa Bay Lightning,,Scheduled
2025-12-22,6:30 PM,7:30 PM,Vancouver Canucks,,Philadelphia Flyers,,Scheduled
2025-12-22,9:00 PM,10:00 PM,Seattle Kraken,,Anaheim Ducks,,Scheduled
2025-12-22,9:00 PM,10:00 PM,Columbus Blue Jackets,,Los Angeles Kings,,Scheduled
2025-12-23,3:00 PM,4:00 PM,Pittsburgh Penguins,,Toronto Maple Leafs,,Scheduled
2025-12-23,5:30 PM,6:30 PM,New York Rangers,,Washington Capitals,,Scheduled
2025-12-23,6:00 PM,7:00 PM,Montreal Canadiens,,Boston Bruins,,Scheduled
2025-12-23,6:00 PM,7:00 PM,Buffalo Sabres,,Ottawa Senators,,Scheduled
2025-12-23,6:00 PM,7:00 PM,Dallas Stars,,Detroit Red Wings,,Scheduled
2025-12-23,6:00 PM,7:00 PM,New Jersey Devils,,New York Islanders,,Scheduled
2025-12-23,6:00 PM,7:00 PM,Florida Panthers,,Carolina Hurricanes,,Scheduled
2025-12-23,7:00 PM,8:00 PM,Nashville Predators,,Minnesota Wild,,Scheduled
2025-12-23,8:00 PM,9:00 PM,Philadelphia Flyers,,Chicago Blackhawks,,Scheduled
2025-12-23,8:00 PM,9:00 PM,Utah Mammoth,,Colorado Avalanche,,Scheduled
2025-12-23,8:00 PM,9:00 PM,Calgary Flames,,Edmonton Oilers,,Scheduled
2025-12-23,9:00 PM,10:00 PM,San Jose Sharks,,Vegas Golden Knights,,Scheduled
2025-12-23,9:00 PM,10:00 PM,Seattle Kraken,,Los Angeles Kings,,Scheduled
2025-12-27,5:00 PM,6:00 PM,New York Rangers,,New York Islanders,,Scheduled
2025-12-27,6:00 PM,7:00 PM,Boston Bruins,,Buffalo Sabres,,Scheduled
2025-12-27,6:00 PM,7:00 PM,Ottawa Senators,,Toronto Maple Leafs,,Scheduled
2025-12-27,6:00 PM,7:00 PM,Tampa Bay Lightning,,Florida Panthers,,Scheduled
2025-12-27,6:00 PM,7:00 PM,Washington Capitals,,New Jersey Devils,,Scheduled
2025-12-27,6:00 PM,7:00 PM,Detroit Red Wings,,Carolina Hurricanes,,Scheduled
2025-12-27,6:00 PM,7:00 PM,Minnesota Wild,,Winnipeg Jets,,Scheduled
2025-12-27,7:00 PM,8:00 PM,Nashville Predators,,St. Louis Blues,,Scheduled
2025-12-27,7:00 PM,8:00 PM,Chicago Blackhawks,,Dallas Stars,,Scheduled
2025-12-27,8:00 PM,9:00 PM,Anaheim Ducks,,Los Angeles Kings,,Scheduled
2025-12-27,9:00 PM,10:00 PM,Edmonton Oilers,,Calgary Flames,,Scheduled
2025-12-27,9:00 PM,10:00 PM,San Jose Sharks,,Vancouver Canucks,,Scheduled
2025-12-27,9:00 PM,10:00 PM,Colorado Avalanche,,Vegas Golden Knights,,Scheduled
2025-12-28,4:00 PM,5:00 PM,Toronto Maple Leafs,,Detroit Red Wings,,Scheduled
2025-12-28,4:00 PM,5:00 PM,Montreal Canadiens,,Tampa Bay Lightning,,Scheduled
2025-12-28,4:00 PM,5:00 PM,New York Islanders,,Columbus Blue Jackets,,Scheduled
2025-12-28,6:00 PM,7:00 PM,Pittsburgh Penguins,,Chicago Blackhawks,,Scheduled
2025-12-28,7:00 PM,8:00 PM,Philadelphia Flyers,,Seattle Kraken,,Scheduled
2025-12-29,6:00 PM,7:00 PM,Columbus Blue Jackets,,Ottawa Senators,,Scheduled
2025-12-29,6:00 PM,7:00 PM,Washington Capitals,,Florida Panthers,,Scheduled
2025-12-29,6:00 PM,7:00 PM,New York Rangers,,Carolina Hurricanes,,Scheduled
2025-12-29,6:30 PM,7:30 PM,Edmonton Oilers,,Winnipeg Jets,,Scheduled
2025-12-29,7:00 PM,8:00 PM,Buffalo Sabres,,St. Louis Blues,,Scheduled
2025-12-29,8:00 PM,9:00 PM,Los Angeles Kings,,Colorado Avalanche,,Scheduled
2025-12-29,8:00 PM,9:00 PM,Nashville Predators,,Utah Mammoth,,Scheduled
2025-12-29,8:00 PM,9:00 PM,Boston Bruins,,Calgary Flames,,Scheduled
2025-12-29,9:00 PM,10:00 PM,Minnesota Wild,,Vegas Golden Knights,,Scheduled
2025-12-29,9:00 PM,10:00 PM,San Jose Sharks,,Anaheim Ducks,,Scheduled
2025-12-29,9:00 PM,10:00 PM,Vancouver Canucks,,Seattle Kraken,,Scheduled
2025-12-30,6:00 PM,7:00 PM,New Jersey Devils,,Toronto Maple Leafs,,Scheduled
2025-12-30,6:00 PM,7:00 PM,Montreal Canadiens,,Florida Panthers,,Scheduled
2025-12-30,6:00 PM,7:00 PM,Carolina Hurricanes,,Pittsburgh Penguins,,Scheduled
2025-12-30,7:30 PM,8:30 PM,New York Islanders,,Chicago Blackhawks,,Scheduled
2025-12-30,9:00 PM,10:00 PM,Philadelphia Flyers,,Vancouver Canucks,,Scheduled
2025-12-31,11:30 AM,12:30 PM,New York Rangers,,Washington Capitals,,Scheduled
2025-12-31,2:00 PM,3:00 PM,Nashville Predators,,Vegas Golden Knights,,Scheduled
2025-12-31,3:00 PM,4:00 PM,Tampa Bay Lightning,,Anaheim Ducks,,Scheduled
2025-12-31,3:00 PM,4:00 PM,Minnesota Wild,,San Jose Sharks,,Scheduled
2025-12-31,5:30 PM,6:30 PM,Winnipeg Jets,,Detroit Red Wings,,Scheduled
2025-12-31,6:00 PM,7:00 PM,New Jersey Devils,,Columbus Blue Jackets,,Scheduled
2025-12-31,7:00 PM,8:00 PM,Buffalo Sabres,,Dallas Stars,,Scheduled
2025-12-31,8:00 PM,9:00 PM,St. Louis Blues,,Colorado Avalanche,,Scheduled
2025-12-31,8:30 PM,9:30 PM,Philadelphia Flyers,,Calgary Flames,,Scheduled
2025-12-31,8:30 PM,9:30 PM,Boston Bruins,,Edmonton Oilers,,Scheduled
2026-01-01,12:00 PM,1:00 PM,Washington Capitals,,Ottawa Senators,,Scheduled
2026-01-01,2:00 PM,3:00 PM,Utah Mammoth,,New York Islanders,,Scheduled
2026-01-01,6:00 PM,7:00 PM,Winnipeg Jets,,Toronto Maple Leafs,,Scheduled
2026-01-01,6:00 PM,7:00 PM,Detroit Red Wings,,Pittsburgh Penguins,,Scheduled
2026-01-01,6:00 PM,7:00 PM,Montreal Canadiens,,Carolina Hurricanes,,Scheduled
2026-01-01,7:30 PM,8:30 PM,Dallas Stars,,Chicago Blackhawks,,Scheduled
2026-01-01,9:00 PM,10:00 PM,Nashville Predators,,Seattle Kraken,,Scheduled
2026-01-01,9:30 PM,10:30 PM,Tampa Bay Lightning,,Los Angeles Kings,,Scheduled
2026-01-02,2:00 PM,3:00 PM,Vegas Golden Knights,,St. Louis Blues,,Scheduled
2026-01-02,7:00 PM,8:00 PM,New York Rangers,,Florida Panthers,,Scheduled
2026-01-02,9:30 PM,10:30 PM,Seattle Kraken,,Vancouver Canucks,,Scheduled
2026-01-02,9:30 PM,10:30 PM,Minnesota Wild,,Anaheim Ducks,,Scheduled
2026-01-03,11:00 AM,12:00 PM,Pittsburgh Penguins,,Detroit Red Wings,,Scheduled
2026-01-03,2:00 PM,3:00 PM,Utah Mammoth,,New Jersey Devils,,Scheduled
2026-01-03,2:00 PM,3:00 PM,Buffalo Sabres,,Columbus Blue Jackets,,Scheduled
2026-01-03,2:30 PM,3:30 PM,Philadelphia Flyers,,Edmonton Oilers,,Scheduled
2026-01-03,3:00 PM,4:00 PM,Montreal Canadiens,,St. Louis Blues,,Scheduled
2026-01-03,3:00 PM,4:00 PM,Tampa Bay Lightning,,San Jose Sharks,,Scheduled
2026-01-03,6:00 PM,7:00 PM,Winnipeg Jets,,Ottawa Senators,,Scheduled
2026-01-03,6:00 PM,7:00 PM,Toronto Maple Leafs,,New York Islanders,,Scheduled
2026-01-03,6:00 PM,7:00 PM,Chicago Blackhawks,,Washington Capitals,,Scheduled
2026-01-03,6:00 PM,7:00 PM,Colorado Avalanche,,Carolina Hurricanes,,Scheduled
2026-01-03,6:00 PM,7:00 PM,Nashville Predators,,Calgary Flames,,Scheduled
2026-01-03,8:00 PM,9:00 PM,Minnesota Wild,,Los Angeles Kings,,Scheduled
2026-01-03,9:00 PM,10:00 PM,Boston Bruins,,Vancouver Canucks,,Scheduled
2026-01-04,1:00 PM,2:00 PM,Montreal Canadiens,,Dallas Stars,,Scheduled
2026-01-04,2:00 PM,3:00 PM,Pittsburgh Penguins,,Columbus Blue Jackets,,Scheduled
2026-01-04,4:00 PM,5:00 PM,Colorado Avalanche,,Florida Panthers,,Scheduled
2026-01-04,6:00 PM,7:00 PM,Carolina Hurricanes,,New Jersey Devils,,Scheduled
2026-01-04,6:00 PM,7:00 PM,Vegas Golden Knights,,Chicago Blackhawks,,Scheduled
2026-01-05,6:00 PM,7:00 PM,Utah Mammoth,,New York Rangers,,Scheduled
2026-01-05,6:00 PM,7:00 PM,Anaheim Ducks,,Washington Capitals,,Scheduled
2026-01-05,6:30 PM,7:30 PM,Detroit Red Wings,,Ottawa Senators,,Scheduled
2026-01-05,8:30 PM,9:30 PM,Seattle Kraken,,Calgary Flames,,Scheduled
2026-01-05,9:30 PM,10:30 PM,Minnesota Wild,,Los Angeles Kings,,Scheduled
2026-01-06,6:00 PM,7:00 PM,Vancouver Canucks,,Buffalo Sabres,,Scheduled
2026-01-06,6:00 PM,7:00 PM,Colorado Avalanche,,Tampa Bay Lightning,,Scheduled
2026-01-06,6:00 PM,7:00 PM,New Jersey Devils,,New York Islanders,,Scheduled
2026-01-06,6:00 PM,7:00 PM,Anaheim Ducks,,Philadelphia Flyers,,Scheduled
2026-01-06,6:00 PM,7:00 PM,Dallas Stars,,Carolina Hurricanes,,Scheduled
2026-01-06,6:30 PM,7:30 PM,Florida Panthers,,Toronto Maple Leafs,,Scheduled
2026-01-06,7:00 PM,8:00 PM,Vegas Golden Knights,,Winnipeg Jets,,Scheduled
2026-01-06,8:00 PM,9:00 PM,Nashville Predators,,Edmonton Oilers,,Scheduled
2026-01-06,9:00 PM,10:00 PM,Columbus Blue Jackets,,San Jose Sharks,,Scheduled
2026-01-06,9:00 PM,10:00 PM,Boston Bruins,,Seattle Kraken,,Scheduled
2026-01-07,6:00 PM,7:00 PM,Dallas Stars,,Washington Capitals,,Scheduled
2026-01-07,6:30 PM,7:30 PM,Calgary Flames,,Montreal Canadiens,,Scheduled
2026-01-07,8:30 PM,9:30 PM,St. Louis Blues,,Chicago Blackhawks,,Scheduled
2026-01-07,8:30 PM,9:30 PM,Ottawa Senators,,Utah Mammoth,,Scheduled
2026-01-07,9:30 PM,10:30 PM,San Jose Sharks,,Los Angeles Kings,,Scheduled
2026-01-08,6:00 PM,7:00 PM,Calgary Flames,,Boston Bruins,,Scheduled
2026-01-08,6:00 PM,7:00 PM,Florida Panthers,,Montreal Canadiens,,Scheduled
2026-01-08,6:00 PM,7:00 PM,Vancouver Canucks,,Detroit Red Wings,,Scheduled
2026-01-08,6:00 PM,7:00 PM,Buffalo Sabres,,New York Rangers,,Scheduled
2026-01-08,6:00 PM,7:00 PM,Toronto Maple Leafs,,Philadelphia Flyers,,Scheduled
2026-01-08,6:00 PM,7:00 PM,New Jersey Devils,,Pittsburgh Penguins,,Scheduled
2026-01-08,6:00 PM,7:00 PM,Anaheim Ducks,,Carolina Hurricanes,,Scheduled
2026-01-08,7:00 PM,8:00 PM,New York Islanders,,Nashville Predators,,Scheduled
2026-01-08,7:00 PM,8:00 PM,Edmonton Oilers,,Winnipeg Jets,,Scheduled
2026-01-08,8:00 PM,9:00 PM,Ottawa Senators,,Colorado Avalanche,,Scheduled
2026-01-08,9:00 PM,10:00 PM,Columbus Blue Jackets,,Vegas Golden Knights,,Scheduled
2026-01-08,9:00 PM,10:00 PM,Minnesota Wild,,Seattle Kraken,,Scheduled
2026-01-09,7:00 PM,8:00 PM,Washington Capitals,,Chicago Blackhawks,,Scheduled
2026-01-09,7:00 PM,8:00 PM,Los Angeles Kings,,Winnipeg Jets,,Scheduled
2026-01-09,8:00 PM,9:00 PM,St. Louis Blues,,Utah Mammoth,,Scheduled
2026-01-10,12:00 PM,1:00 PM,New York Rangers,,Boston Bruins,,Scheduled
2026-01-10,2:30 PM,3:30 PM,Calgary Flames,,Pittsburgh Penguins,,Scheduled
2026-01-10,3:00 PM,4:00 PM,Columbus Blue Jackets,,Colorado Avalanche,,Scheduled
2026-01-10,3:00 PM,4:00 PM,Dallas Stars,,San Jose Sharks,,Scheduled
2026-01-10,6:00 PM,7:00 PM,Anaheim Ducks,,Buffalo Sabres,,Scheduled
2026-01-10,6:00 PM,7:00 PM,Vancouver Canucks,,Toronto Maple Leafs,,Scheduled
2026-01-10,6:00 PM,7:00 PM,Detroit Red Wings,,Montreal Canadiens,,Scheduled
2026-01-10,6:00 PM,7:00 PM,Florida Panthers,,Ottawa Senators,,Scheduled
2026-01-10,6:00 PM,7:00 PM,Tampa Bay Lightning,,Philadelphia Flyers,,Scheduled
2026-01-10,6:00 PM,7:00 PM,Seattle Kraken,,Carolina Hurricanes,,Scheduled
2026-01-10,7:00 PM,8:00 PM,Chicago Blackhawks,,Nashville Predators,,Scheduled
2026-01-10,7:00 PM,8:00 PM,New York Islanders,,Minnesota Wild,,Scheduled
2026-01-10,9:00 PM,10:00 PM,Los Angeles Kings,,Edmonton Oilers,,Scheduled
2026-01-10,9:00 PM,10:00 PM,St. Louis Blues,,Vegas Golden Knights,,Scheduled
2026-01-11,1:00 PM,2:00 PM,New Jersey Devils,,Winnipeg Jets,,Scheduled
2026-01-11,4:00 PM,5:00 PM,Pittsburgh Penguins,,Boston Bruins,,Scheduled
2026-01-11,6:00 PM,7:00 PM,Washington Capitals,,Nashville Predators,,Scheduled
2026-01-11,6:00 PM,7:00 PM,Columbus Blue Jackets,,Utah Mammoth,,Scheduled
2026-01-11,7:00 PM,8:00 PM,Vegas Golden Knights,,San Jose Sharks,,Scheduled
2026-01-12,6:00 PM,7:00 PM,Florida Panthers,,Buffalo Sabres,,Scheduled
2026-01-12,6:00 PM,7:00 PM,Carolina Hurricanes,,Detroit Red Wings,,Scheduled
2026-01-12,6:00 PM,7:00 PM,Seattle Kraken,,New York Rangers,,Scheduled
2026-01-12,6:00 PM,7:00 PM,Tampa Bay Lightning,,Philadelphia Flyers,,Scheduled
2026-01-12,6:30 PM,7:30 PM,Vancouver Canucks,,Montreal Canadiens,,Scheduled
2026-01-12,7:00 PM,8:00 PM,New Jersey Devils,,Minnesota Wild,,Scheduled
2026-01-12,7:30 PM,8:30 PM,Edmonton Oilers,,Chicago Blackhawks,,Scheduled
2026-01-12,9:00 PM,10:00 PM,Toronto Maple Leafs,,Colorado Avalanche,,Scheduled
2026-01-12,9:30 PM,10:30 PM,Dallas Stars,,Los Angeles Kings,,Scheduled
2026-01-13,6:00 PM,7:00 PM,Vancouver Canucks,,Ottawa Senators,,Scheduled
2026-01-13,6:00 PM,7:00 PM,Tampa Bay Lightning,,Pittsburgh Penguins,,Scheduled
2026-01-13,6:00 PM,7:00 PM,Montreal Canadiens,,Washington Capitals,,Scheduled
2026-01-13,6:00 PM,7:00 PM,Calgary Flames,,Columbus Blue Jackets,,Scheduled
2026-01-13,6:30 PM,7:30 PM,Detroit Red Wings,,Boston Bruins,,Scheduled
2026-01-13,7:00 PM,8:00 PM,Carolina Hurricanes,,St. Louis Blues,,Scheduled
2026-01-13,7:00 PM,8:00 PM,Edmonton Oilers,,Nashville Predators,,Scheduled
2026-01-13,7:00 PM,8:00 PM,New York Islanders,,Winnipeg Jets,,Scheduled
2026-01-13,8:00 PM,9:00 PM,Toronto Maple Leafs,,Utah Mammoth,,Scheduled
2026-01-13,9:00 PM,10:00 PM,Dallas Stars,,Anaheim Ducks,,Scheduled
2026-01-14,6:00 PM,7:00 PM,Seattle Kraken,,New Jersey Devils,,Scheduled
2026-01-14,6:30 PM,7:30 PM,Philadelphia Flyers,,Buffalo Sabres,,Scheduled
2026-01-14,6:30 PM,7:30 PM,Ottawa Senators,,New York Rangers,,Scheduled
2026-01-14,9:00 PM,10:00 PM,Vegas Golden Knights,,Los Angeles Kings,,Scheduled
2026-01-15,6:00 PM,7:00 PM,Seattle Kraken,,Boston Bruins,,Scheduled
2026-01-15,6:00 PM,7:00 PM,Montreal Canadiens,,Buffalo Sabres,,Scheduled
2026-01-15,6:00 PM,7:00 PM,Philadelphia Flyers,,Pittsburgh Penguins,,Scheduled
2026-01-15,6:00 PM,7:00 PM,San Jose Sharks,,Washington Capitals,,Scheduled
2026-01-15,6:00 PM,7:00 PM,Vancouver Canucks,,Columbus Blue Jackets,,Scheduled
2026-01-15,7:00 PM,8:00 PM,Winnipeg Jets,,Minnesota Wild,,Scheduled
2026-01-15,7:30 PM,8:30 PM,Calgary Flames,,Chicago Blackhawks,,Scheduled
2026-01-15,8:00 PM,9:00 PM,Dallas Stars,,Utah Mammoth,,Scheduled
2026-01-15,8:00 PM,9:00 PM,New York Islanders,,Edmonton Oilers,,Scheduled
2026-01-15,8:30 PM,9:30 PM,Toronto Maple Leafs,,Vegas Golden Knights,,Scheduled
2026-01-16,6:00 PM,7:00 PM,San Jose Sharks,,Detroit Red Wings,,Scheduled
2026-01-16,6:00 PM,7:00 PM,Florida Panthers,,Carolina Hurricanes,,Scheduled
2026-01-16,7:00 PM,8:00 PM,Tampa Bay Lightning,,St. Louis Blues,,Scheduled
2026-01-16,8:00 PM,9:00 PM,Nashville Predators,,Colorado Avalanche,,Scheduled
2026-01-16,9:30 PM,10:30 PM,Anaheim Ducks,,Los Angeles Kings,,Scheduled
2026-01-17,11:30 AM,12:30 PM,Minnesota Wild,,Buffalo Sabres,,Scheduled
2026-01-17,12:00 PM,1:00 PM,New York Rangers,,Philadelphia Flyers,,Scheduled
2026-01-17,2:00 PM,3:00 PM,New York Islanders,,Calgary Flames,,Scheduled
2026-01-17,4:00 PM,5:00 PM,Seattle Kraken,,Utah Mammoth,,Scheduled
2026-01-17,6:00 PM,7:00 PM,Montreal Canadiens,,Ottawa Senators,,Scheduled
2026-01-17,6:00 PM,7:00 PM,Carolina Hurricanes,,New Jersey Devils,,Scheduled
2026-01-17,6:00 PM,7:00 PM,Columbus Blue Jackets,,Pittsburgh Penguins,,Scheduled
2026-01-17,6:00 PM,7:00 PM,Florida Panthers,,Washington Capitals,,Scheduled
2026-01-17,6:00 PM,7:00 PM,Toronto Maple Leafs,,Winnipeg Jets,,Scheduled
2026-01-17,7:00 PM,8:00 PM,Boston Bruins,,Chicago Blackhawks,,Scheduled
2026-01-17,9:00 PM,10:00 PM,Edmonton Oilers,,Vancouver Canucks,,Scheduled
2026-01-17,9:00 PM,10:00 PM,Nashville Predators,,Vegas Golden Knights,,Scheduled
2026-01-17,9:00 PM,10:00 PM,Los Angeles Kings,,Anaheim Ducks,,Scheduled
2026-01-18,1:00 PM,2:00 PM,Tampa Bay Lightning,,Dallas Stars,,Scheduled
2026-01-18,4:00 PM,5:00 PM,Ottawa Senators,,Detroit Red Wings,,Scheduled
2026-01-18,7:00 PM,8:00 PM,St. Louis Blues,,Edmonton Oilers,,Scheduled
2026-01-19,12:30 PM,1:30 PM,Buffalo Sabres,,Carolina Hurricanes,,Scheduled
2026-01-19,3:00 PM,4:00 PM,Washington Capitals,,Colorado Avalanche,,Scheduled
2026-01-19,4:00 PM,5:00 PM,Pittsburgh Penguins,,Seattle Kraken,,Scheduled
2026-01-19,6:00 PM,7:00 PM,San Jose Sharks,,Florida Panthers,,Scheduled
2026-01-19,6:30 PM,7:30 PM,Minnesota Wild,,Toronto Maple Leafs,,Scheduled
2026-01-19,7:00 PM,8:00 PM,Philadelphia Flyers,,Vegas Golden Knights,,Scheduled
2026-01-19,7:30 PM,8:30 PM,Winnipeg Jets,,Chicago Blackhawks,,Scheduled
2026-01-19,8:00 PM,9:00 PM,New Jersey Devils,,Calgary Flames,,Scheduled
2026-01-19,9:00 PM,10:00 PM,New York Islanders,,Vancouver Canucks,,Scheduled
2026-01-19,9:00 PM,10:00 PM,New York Rangers,,Anaheim Ducks,,Scheduled
2026-01-20,6:00 PM,7:00 PM,Minnesota Wild,,Montreal Canadiens,,Scheduled
2026-01-20,6:00 PM,7:00 PM,San Jose Sharks,,Tampa Bay Lightning,,Scheduled
2026-01-20,6:00 PM,7:00 PM,Ottawa Senators,,Columbus Blue Jackets,,Scheduled
2026-01-20,6:30 PM,7:30 PM,Boston Bruins,,Dallas Stars,,Scheduled
2026-01-20,7:00 PM,8:00 PM,Buffalo Sabres,,Nashville Predators,,Scheduled
2026-01-20,7:00 PM,8:00 PM,St. Louis Blues,,Winnipeg Jets,,Scheduled
2026-01-20,9:00 PM,10:00 PM,New Jersey Devils,,Edmonton Oilers,,Scheduled
2026-01-20,9:30 PM,10:30 PM,New York Rangers,,Los Angeles Kings,,Scheduled
2026-01-21,6:00 PM,7:00 PM,Detroit Red Wings,,Toronto Maple Leafs,,Scheduled
2026-01-21,8:00 PM,9:00 PM,Anaheim Ducks,,Colorado Avalanche,,Scheduled
2026-01-21,8:30 PM,9:30 PM,Philadelphia Flyers,,Utah Mammoth,,Scheduled
2026-01-21,8:30 PM,9:30 PM,Pittsburgh Penguins,,Calgary Flames,,Scheduled
2026-01-21,9:00 PM,10:00 PM,Washington Capitals,,Vancouver Canucks,,Scheduled
2026-01-21,9:00 PM,10:00 PM,New York Islanders,,Seattle Kraken,,Scheduled
2026-01-22,6:00 PM,7:00 PM,Vegas Golden Knights,,Boston Bruins,,Scheduled
2026-01-22,6:00 PM,7:00 PM,Buffalo Sabres,,Montreal Canadiens,,Scheduled
2026-01-22,6:00 PM,7:00 PM,Chicago Blackhawks,,Carolina Hurricanes,,Scheduled
2026-01-22,6:00 PM,7:00 PM,Dallas Stars,,Columbus Blue Jackets,,Scheduled
2026-01-22,7:00 PM,8:00 PM,Ottawa Senators,,Nashville Predators,,Scheduled
2026-01-22,7:00 PM,8:00 PM,Florida Panthers,,Winnipeg Jets,,Scheduled
2026-01-22,8:00 PM,9:00 PM,Pittsburgh Penguins,,Edmonton Oilers,,Scheduled
2026-01-22,8:30 PM,9:30 PM,Detroit Red Wings,,Minnesota Wild,,Scheduled
2026-01-23,6:00 PM,7:00 PM,Vegas Golden Knights,,Toronto Maple Leafs,,Scheduled
2026-01-23,6:00 PM,7:00 PM,Tampa Bay Lightning,,Chicago Blackhawks,,Scheduled
2026-01-23,7:00 PM,8:00 PM,St. Louis Blues,,Dallas Stars,,Scheduled
2026-01-23,8:00 PM,9:00 PM,Philadelphia Flyers,,Colorado Avalanche,,Scheduled
2026-01-23,8:00 PM,9:00 PM,Washington Capitals,,Calgary Flames,,Scheduled
2026-01-23,9:00 PM,10:00 PM,New Jersey Devils,,Vancouver Canucks,,Scheduled
2026-01-23,9:00 PM,10:00 PM,New York Rangers,,San Jose Sharks,,Scheduled
2026-01-23,9:00 PM,10:00 PM,Anaheim Ducks,,Seattle Kraken,,Scheduled
2026-01-24,12:00 PM,1:00 PM,Buffalo Sabres,,New York Islanders,,Scheduled
2026-01-24,2:30 PM,3:30 PM,Utah Mammoth,,Nashville Predators,,Scheduled
2026-01-24,6:00 PM,7:00 PM,Montreal Canadiens,,Boston Bruins,,Scheduled
2026-01-24,6:00 PM,7:00 PM,Carolina Hurricanes,,Ottawa Senators,,Scheduled
2026-01-24,6:00 PM,7:00 PM,Tampa Bay Lightning,,Columbus Blue Jackets,,Scheduled
2026-01-24,6:00 PM,7:00 PM,Detroit Red Wings,,Winnipeg Jets,,Scheduled
2026-01-24,7:00 PM,8:00 PM,Los Angeles Kings,,St. Louis Blues,,Scheduled
2026-01-24,8:00 PM,9:00 PM,Florida Panthers,,Minnesota Wild,,Scheduled
2026-01-24,9:00 PM,10:00 PM,Washington Capitals,,Edmonton Oilers,,Scheduled
2026-01-25,1:00 PM,2:00 PM,Colorado Avalanche,,Toronto Maple Leafs,,Scheduled
2026-01-25,3:00 PM,4:00 PM,New Jersey Devils,,Seattle Kraken,,Scheduled
2026-01-25,4:00 PM,5:00 PM,Vegas Golden Knights,,Ottawa Senators,,Scheduled
2026-01-25,5:00 PM,6:00 PM,Pittsburgh Penguins,,Vancouver Canucks,,Scheduled
2026-01-25,6:00 PM,7:00 PM,Florida Panthers,,Chicago Blackhawks,,Scheduled
2026-01-25,7:00 PM,8:00 PM,Anaheim Ducks,,Calgary Flames,,Scheduled
2026-01-26,6:00 PM,7:00 PM,Utah Mammoth,,Tampa Bay Lightning,,Scheduled
2026-01-26,6:00 PM,7:00 PM,Boston Bruins,,New York Rangers,,Scheduled
2026-01-26,6:00 PM,7:00 PM,New York Islanders,,Philadelphia Flyers,,Scheduled
2026-01-26,6:00 PM,7:00 PM,Los Angeles Kings,,Columbus Blue Jackets,,Scheduled
2026-01-26,7:30 PM,8:30 PM,Anaheim Ducks,,Edmonton Oilers,,Scheduled
2026-01-27,6:00 PM,7:00 PM,Nashville Predators,,Boston Bruins,,Scheduled
2026-01-27,6:00 PM,7:00 PM,Buffalo Sabres,,Toronto Maple Leafs,,Scheduled
2026-01-27,6:00 PM,7:00 PM,Vegas Golden Knights,,Montreal Canadiens,,Scheduled
2026-01-27,6:00 PM,7:00 PM,Los Angeles Kings,,Detroit Red Wings,,Scheduled
2026-01-27,6:00 PM,7:00 PM,Utah Mammoth,,Florida Panthers,,Scheduled
2026-01-27,6:00 PM,7:00 PM,Winnipeg Jets,,New Jersey Devils,,Scheduled
2026-01-27,7:00 PM,8:00 PM,Dallas Stars,,St. Louis Blues,,Scheduled
2026-01-27,7:00 PM,8:00 PM,Chicago Blackhawks,,Minnesota Wild,,Scheduled
2026-01-27,9:00 PM,10:00 PM,San Jose Sharks,,Vancouver Canucks,,Scheduled
2026-01-27,9:00 PM,10:00 PM,Washington Capitals,,Seattle Kraken,,Scheduled
2026-01-28,6:00 PM,7:00 PM,Philadelphia Flyers,,Columbus Blue Jackets,,Scheduled
2026-01-28,6:30 PM,7:30 PM,Colorado Avalanche,,Ottawa Senators,,Scheduled
2026-01-28,6:30 PM,7:30 PM,New York Rangers,,New York Islanders,,Scheduled
2026-01-29,6:00 PM,7:00 PM,Philadelphia Flyers,,Boston Bruins,,Scheduled
2026-01-29,6:00 PM,7:00 PM,Los Angeles Kings,,Buffalo Sabres,,Scheduled
2026-01-29,6:00 PM,7:00 PM,Colorado Avalanche,,Montreal Canadiens,,Scheduled
2026-01-29,6:00 PM,7:00 PM,Washington Capitals,,Detroit Red Wings,,Scheduled
2026-01-29,6:00 PM,7:00 PM,Winnipeg Jets,,Tampa Bay Lightning,,Scheduled
2026-01-29,6:00 PM,7:00 PM,Nashville Predators,,New Jersey Devils,,Scheduled
2026-01-29,6:00 PM,7:00 PM,New York Islanders,,New York Rangers,,Scheduled
2026-01-29,6:00 PM,7:00 PM,Chicago Blackhawks,,Pittsburgh Penguins,,Scheduled
2026-01-29,6:00 PM,7:00 PM,Utah Mammoth,,Carolina Hurricanes,,Scheduled
2026-01-29,7:00 PM,8:00 PM,Florida Panthers,,St. Louis Blues,,Scheduled
2026-01-29,7:00 PM,8:00 PM,Calgary Flames,,Minnesota Wild,,Scheduled
2026-01-29,8:00 PM,9:00 PM,San Jose Sharks,,Edmonton Oilers,,Scheduled
2026-01-29,9:00 PM,10:00 PM,Anaheim Ducks,,Vancouver Canucks,,Scheduled
2026-01-29,9:00 PM,10:00 PM,Dallas Stars,,Vegas Golden Knights,,Scheduled
2026-01-29,9:00 PM,10:00 PM,Toronto Maple Leafs,,Seattle Kraken,,Scheduled
2026-01-30,7:30 PM,8:30 PM,Columbus Blue Jackets,,Chicago Blackhawks,,Scheduled
2026-01-31,11:30 AM,12:30 PM,Los Angeles Kings,,Philadelphia Flyers,,Scheduled
2026-01-31,12:00 PM,1:00 PM,Colorado Avalanche,,Detroit Red Wings,,Scheduled
2026-01-31,2:30 PM,3:30 PM,New York Rangers,,Pittsburgh Penguins,,Scheduled
2026-01-31,3:00 PM,4:00 PM,Winnipeg Jets,,Florida Panthers,,Scheduled
2026-01-31,3:00 PM,4:00 PM,San Jose Sharks,,Calgary Flames,,Scheduled
2026-01-31,4:00 PM,5:00 PM,Carolina Hurricanes,,Washington Capitals,,Scheduled
2026-01-31,6:00 PM,7:00 PM,Montreal Canadiens,,Buffalo Sabres,,Scheduled
2026-01-31,6:00 PM,7:00 PM,New Jersey Devils,,Ottawa Senators,,Scheduled
2026-01-31,6:00 PM,7:00 PM,Nashville Predators,,New York Islanders,,Scheduled
2026-01-31,6:00 PM,7:00 PM,Columbus Blue Jackets,,St. Louis Blues,,Scheduled
2026-01-31,6:00 PM,7:00 PM,Toronto Maple Leafs,,Vancouver Canucks,,Scheduled
2026-01-31,8:00 PM,9:00 PM,Dallas Stars,,Utah Mammoth,,Scheduled
2026-01-31,9:00 PM,10:00 PM,Minnesota Wild,,Edmonton Oilers,,Scheduled
2026-01-31,9:00 PM,10:00 PM,Seattle Kraken,,Vegas Golden Knights,,Scheduled
2026-02-01,11:00 AM,12:00 PM,Boston Bruins,,Tampa Bay Lightning,,Scheduled
2026-02-01,2:00 PM,3:00 PM,Los Angeles Kings,,Carolina Hurricanes,,Scheduled
2026-02-01,8:30 PM,9:30 PM,Vegas Golden Knights,,Anaheim Ducks,,Scheduled
2026-02-02,6:00 PM,7:00 PM,Buffalo Sabres,,Florida Panthers,,Scheduled
2026-02-02,6:00 PM,7:00 PM,Ottawa Senators,,Pittsburgh Penguins,,Scheduled
2026-02-02,6:00 PM,7:00 PM,New York Islanders,,Washington Capitals,,Scheduled
2026-02-02,6:30 PM,7:30 PM,Montreal Canadiens,,Minnesota Wild,,Scheduled
2026-02-02,7:00 PM,8:00 PM,St. Louis Blues,,Nashville Predators,,Scheduled
2026-02-02,7:30 PM,8:30 PM,San Jose Sharks,,Chicago Blackhawks,,Scheduled
2026-02-02,7:30 PM,8:30 PM,Winnipeg Jets,,Dallas Stars,,Scheduled
2026-02-02,8:00 PM,9:00 PM,Detroit Red Wings,,Colorado Avalanche,,Scheduled
2026-02-02,8:30 PM,9:30 PM,Vancouver Canucks,,Utah Mammoth,,Scheduled
2026-02-02,9:00 PM,10:00 PM,Toronto Maple Leafs,,Calgary Flames,,Scheduled
2026-02-03,6:00 PM,7:00 PM,Buffalo Sabres,,Tampa Bay Lightning,,Scheduled
2026-02-03,6:00 PM,7:00 PM,Columbus Blue Jackets,,New Jersey Devils,,Scheduled
2026-02-03,6:00 PM,7:00 PM,Pittsburgh Penguins,,New York Islanders,,Scheduled
2026-02-03,6:00 PM,7:00 PM,Washington Capitals,,Philadelphia Flyers,,Scheduled
2026-02-03,6:00 PM,7:00 PM,Ottawa Senators,,Carolina Hurricanes,,Scheduled
2026-02-03,7:30 PM,8:30 PM,Toronto Maple Leafs,,Edmonton Oilers,,Scheduled
2026-02-03,9:00 PM,10:00 PM,Seattle Kraken,,Anaheim Ducks,,Scheduled
2026-02-04,6:00 PM,7:00 PM,Boston Bruins,,Florida Panthers,,Scheduled
2026-02-04,6:00 PM,7:00 PM,Chicago Blackhawks,,Columbus Blue Jackets,,Scheduled
2026-02-04,6:00 PM,7:00 PM,Montreal Canadiens,,Winnipeg Jets,,Scheduled
2026-02-04,7:00 PM,8:00 PM,Minnesota Wild,,Nashville Predators,,Scheduled
2026-02-04,8:00 PM,9:00 PM,San Jose Sharks,,Colorado Avalanche,,Scheduled
2026-02-04,8:00 PM,9:00 PM,Detroit Red Wings,,Utah Mammoth,,Scheduled
2026-02-04,8:30 PM,9:30 PM,St. Louis Blues,,Dallas Stars,,Scheduled
2026-02-04,9:00 PM,10:00 PM,Edmonton Oilers,,Calgary Flames,,Scheduled
2026-02-04,9:00 PM,10:00 PM,Vancouver Canucks,,Vegas Golden Knights,,Scheduled
2026-02-04,9:00 PM,10:00 PM,Seattle Kraken,,Los Angeles Kings,,Scheduled
2026-02-05,6:00 PM,7:00 PM,Pittsburgh Penguins,,Buffalo Sabres,,Scheduled
2026-02-05,6:00 PM,7:00 PM,Florida Panthers,,Tampa Bay Lightning,,Scheduled
2026-02-05,6:00 PM,7:00 PM,New York Islanders,,New Jersey Devils,,Scheduled
2026-02-05,6:00 PM,7:00 PM,Carolina Hurricanes,,New York Rangers,,Scheduled
2026-02-05,6:00 PM,7:00 PM,Ottawa Senators,,Philadelphia Flyers,,Scheduled
2026-02-05,6:00 PM,7:00 PM,Nashville Predators,,Washington Capitals,,Scheduled
2026-02-05,9:00 PM,10:00 PM,Los Angeles Kings,,Vegas Golden Knights,,Scheduled
2026-02-25,6:00 PM,7:00 PM,Buffalo Sabres,,New Jersey Devils,,Scheduled
2026-02-25,6:00 PM,7:00 PM,Philadelphia Flyers,,Washington Capitals,,Scheduled
2026-02-25,6:30 PM,7:30 PM,Toronto Maple Leafs,,Tampa Bay Lightning,,Scheduled
2026-02-25,7:00 PM,8:00 PM,Seattle Kraken,,Dallas Stars,,Scheduled
2026-02-25,8:00 PM,9:00 PM,Colorado Avalanche,,Utah Mammoth,,Scheduled
2026-02-25,9:00 PM,10:00 PM,Winnipeg Jets,,Vancouver Canucks,,Scheduled
2026-02-25,9:00 PM,10:00 PM,Vegas Golden Knights,,Los Angeles Kings,,Scheduled
2026-02-25,9:30 PM,10:30 PM,Edmonton Oilers,,Anaheim Ducks,,Scheduled
2026-02-26,6:00 PM,7:00 PM,Columbus Blue Jackets,,Boston Bruins,,Scheduled
2026-02-26,6:00 PM,7:00 PM,New York Islanders,,Montreal Canadiens,,Scheduled
2026-02-26,6:00 PM,7:00 PM,Detroit Red Wings,,Ottawa Senators,,Scheduled
2026-02-26,6:00 PM,7:00 PM,Toronto Maple Leafs,,Florida Panthers,,Scheduled
2026-02-26,6:00 PM,7:00 PM,New Jersey Devils,,Pittsburgh Penguins,,Scheduled
2026-02-26,6:00 PM,7:00 PM,Tampa Bay Lightning,,Carolina Hurricanes,,Scheduled
2026-02-26,7:00 PM,8:00 PM,Philadelphia Flyers,,New York Rangers,,Scheduled
2026-02-26,7:00 PM,8:00 PM,Seattle Kraken,,St. Louis Blues,,Scheduled
2026-02-26,7:00 PM,8:00 PM,Chicago Blackhawks,,Nashville Predators,,Scheduled
2026-02-26,8:00 PM,9:00 PM,Minnesota Wild,,Colorado Avalanche,,Scheduled
2026-02-26,9:00 PM,10:00 PM,Calgary Flames,,San Jose Sharks,,Scheduled
2026-02-26,9:30 PM,10:30 PM,Edmonton Oilers,,Los Angeles Kings,,Scheduled
2026-02-27,6:00 PM,7:00 PM,Buffalo Sabres,,Florida Panthers,,Scheduled
2026-02-27,6:00 PM,7:00 PM,Vegas Golden Knights,,Washington Capitals,,Scheduled
2026-02-27,8:00 PM,9:00 PM,Minnesota Wild,,Utah Mammoth,,Scheduled
2026-02-27,9:00 PM,10:00 PM,Winnipeg Jets,,Anaheim Ducks,,Scheduled
2026-02-28,11:30 AM,12:30 PM,Pittsburgh Penguins,,New York Rangers,,Scheduled
2026-02-28,2:00 PM,3:00 PM,Boston Bruins,,Philadelphia Flyers,,Scheduled
2026-02-28,3:00 PM,4:00 PM,Edmonton Oilers,,San Jose Sharks,,Scheduled
2026-02-28,5:00 PM,6:00 PM,New York Islanders,,Columbus Blue Jackets,,Scheduled
2026-02-28,5:00 PM,6:00 PM,Chicago Blackhawks,,Colorado Avalanche,,Scheduled
2026-02-28,6:00 PM,7:00 PM,Ottawa Senators,,Toronto Maple Leafs,,Scheduled
2026-02-28,6:00 PM,7:00 PM,Washington Capitals,,Montreal Canadiens,,Scheduled
2026-02-28,6:00 PM,7:00 PM,Buffalo Sabres,,Tampa Bay Lightning,,Scheduled
2026-02-28,6:00 PM,7:00 PM,Detroit Red Wings,,Carolina Hurricanes,,Scheduled
2026-02-28,6:00 PM,7:00 PM,New Jersey Devils,,St. Louis Blues,,Scheduled
2026-02-28,6:00 PM,7:00 PM,Calgary Flames,,Los Angeles Kings,,Scheduled
2026-02-28,7:00 PM,8:00 PM,Nashville Predators,,Dallas Stars,,Scheduled
2026-02-28,9:00 PM,10:00 PM,Vancouver Canucks,,Seattle Kraken,,Scheduled
2026-03-01,12:00 PM,1:00 PM,Vegas Golden Knights,,Pittsburgh Penguins,,Scheduled
2026-03-01,3:00 PM,4:00 PM,Florida Panthers,,New York Islanders,,Scheduled
2026-03-01,3:00 PM,4:00 PM,Chicago Blackhawks,,Utah Mammoth,,Scheduled
2026-03-01,3:00 PM,4:00 PM,Winnipeg Jets,,San Jose Sharks,,Scheduled
2026-03-01,5:30 PM,6:30 PM,St. Louis Blues,,Minnesota Wild,,Scheduled
2026-03-01,7:00 PM,8:00 PM,Calgary Flames,,Anaheim Ducks,,Scheduled
2026-03-02,6:00 PM,7:00 PM,Columbus Blue Jackets,,New York Rangers,,Scheduled
2026-03-02,6:30 PM,7:30 PM,Philadelphia Flyers,,Toronto Maple Leafs,,Scheduled
2026-03-02,7:00 PM,8:00 PM,Detroit Red Wings,,Nashville Predators,,Scheduled
2026-03-02,9:00 PM,10:00 PM,Dallas Stars,,Vancouver Canucks,,Scheduled
2026-03-02,9:00 PM,10:00 PM,Carolina Hurricanes,,Seattle Kraken,,Scheduled
2026-03-02,9:30 PM,10:30 PM,Colorado Avalanche,,Los Angeles Kings,,Scheduled
2026-03-03,6:00 PM,7:00 PM,Pittsburgh Penguins,,Boston Bruins,,Scheduled
2026-03-03,6:00 PM,7:00 PM,Vegas Golden Knights,,Buffalo Sabres,,Scheduled
2026-03-03,6:00 PM,7:00 PM,Florida Panthers,,New Jersey Devils,,Scheduled
2026-03-03,6:00 PM,7:00 PM,Utah Mammoth,,Washington Capitals,,Scheduled
2026-03-03,6:00 PM,7:00 PM,Nashville Predators,,Columbus Blue Jackets,,Scheduled
2026-03-03,7:00 PM,8:00 PM,Chicago Blackhawks,,Winnipeg Jets,,Scheduled
2026-03-03,8:00 PM,9:00 PM,Dallas Stars,,Calgary Flames,,Scheduled
2026-03-03,8:00 PM,9:00 PM,Ottawa Senators,,Edmonton Oilers,,Scheduled
2026-03-03,8:30 PM,9:30 PM,Tampa Bay Lightning,,Minnesota Wild,,Scheduled
2026-03-03,9:00 PM,10:00 PM,Colorado Avalanche,,Anaheim Ducks,,Scheduled
2026-03-03,9:00 PM,10:00 PM,Montreal Canadiens,,San Jose Sharks,,Scheduled
2026-03-04,6:00 PM,7:00 PM,Vegas Golden Knights,,Detroit Red Wings,,Scheduled
2026-03-04,6:00 PM,7:00 PM,Toronto Maple Leafs,,New Jersey Devils,,Scheduled
2026-03-04,9:00 PM,10:00 PM,Carolina Hurricanes,,Vancouver Canucks,,Scheduled
2026-03-04,9:00 PM,10:00 PM,New York Islanders,,Anaheim Ducks,,Scheduled
2026-03-04,9:00 PM,10:00 PM,St. Louis Blues,,Seattle Kraken,,Scheduled
2026-03-05,6:00 PM,7:00 PM,Toronto Maple Leafs,,New York Rangers,,Scheduled
2026-03-05,6:00 PM,7:00 PM,Utah Mammoth,,Philadelphia Flyers,,Scheduled
2026-03-05,6:00 PM,7:00 PM,Buffalo Sabres,,Pittsburgh Penguins,,Scheduled
2026-03-05,6:00 PM,7:00 PM,Florida Panthers,,Columbus Blue Jackets,,Scheduled
2026-03-05,7:00 PM,8:00 PM,Boston Bruins,,Nashville Predators,,Scheduled
2026-03-05,7:00 PM,8:00 PM,Tampa Bay Lightning,,Winnipeg Jets,,Scheduled
2026-03-05,8:00 PM,9:00 PM,Ottawa Senators,,Calgary Flames,,Scheduled
2026-03-05,8:30 PM,9:30 PM,New York Islanders,,Los Angeles Kings,,Scheduled
2026-03-06,6:00 PM,7:00 PM,Florida Panthers,,Detroit Red Wings,,Scheduled
2026-03-06,7:00 PM,8:00 PM,Colorado Avalanche,,Dallas Stars,,Scheduled
2026-03-06,7:30 PM,8:30 PM,Vancouver Canucks,,Chicago Blackhawks,,Scheduled
2026-03-06,8:00 PM,9:00 PM,Carolina Hurricanes,,Edmonton Oilers,,Scheduled
2026-03-06,8:00 PM,9:00 PM,Montreal Canadiens,,Anaheim Ducks,,Scheduled
2026-03-06,9:00 PM,10:00 PM,Minnesota Wild,,Vegas Golden Knights,,Scheduled
2026-03-06,9:00 PM,10:00 PM,St. Louis Blues,,San Jose Sharks,,Scheduled
2026-03-07,11:30 AM,12:30 PM,Washington Capitals,,Boston Bruins,,Scheduled
2026-03-07,2:00 PM,3:00 PM,New York Rangers,,New Jersey Devils,,Scheduled
2026-03-07,4:30 PM,5:30 PM,Nashville Predators,,Buffalo Sabres,,Scheduled
2026-03-07,4:30 PM,5:30 PM,Philadelphia Flyers,,Pittsburgh Penguins,,Scheduled
2026-03-07,6:00 PM,7:00 PM,Tampa Bay Lightning,,Toronto Maple Leafs,,Scheduled
2026-03-07,6:00 PM,7:00 PM,Utah Mammoth,,Columbus Blue Jackets,,Scheduled
2026-03-07,6:00 PM,7:00 PM,Vancouver Canucks,,Winnipeg Jets,,Scheduled
2026-03-07,6:00 PM,7:00 PM,Montreal Canadiens,,Los Angeles Kings,,Scheduled
2026-03-07,9:00 PM,10:00 PM,Carolina Hurricanes,,Calgary Flames,,Scheduled
2026-03-07,9:00 PM,10:00 PM,New York Islanders,,San Jose Sharks,,Scheduled
2026-03-07,9:00 PM,10:00 PM,Ottawa Senators,,Seattle Kraken,,Scheduled
2026-03-08,12:00 PM,2:00 PM,Minnesota Wild,,Colorado Avalanche,,Scheduled
2026-03-08,2:30 PM,4:30 PM,Boston Bruins,,Pittsburgh Penguins,,Scheduled
2026-03-08,4:00 PM,6:00 PM,Tampa Bay Lightning,,Buffalo Sabres,,Scheduled
2026-03-08,4:00 PM,6:00 PM,Chicago Blackhawks,,Dallas Stars,,Scheduled
2026-03-08,5:00 PM,7:00 PM,Detroit Red Wings,,New Jersey Devils,,Scheduled
2026-03-08,7:00 PM,9:00 PM,St. Louis Blues,,Anaheim Ducks,,Scheduled
2026-03-08,7:30 PM,9:30 PM,Edmonton Oilers,,Vegas Golden Knights,,Scheduled
2026-03-09,5:00 PM,7:00 PM,New York Rangers,,Philadelphia Flyers,,Scheduled
2026-03-09,5:00 PM,7:00 PM,Calgary Flames,,Washington Capitals,,Scheduled
2026-03-09,6:30 PM,8:30 PM,Utah Mammoth,,Chicago Blackhawks,,Scheduled
2026-03-09,7:00 PM,9:00 PM,Ottawa Senators,,Vancouver Canucks,,Scheduled
2026-03-10,5:00 PM,7:00 PM,Los Angeles Kings,,Boston Bruins,,Scheduled
2026-03-10,5:00 PM,7:00 PM,San Jose Sharks,,Buffalo Sabres,,Scheduled
2026-03-10,5:00 PM,7:00 PM,Toronto Maple Leafs,,Montreal Canadiens,,Scheduled
2026-03-10,5:00 PM,7:00 PM,Columbus Blue Jackets,,Tampa Bay Lightning,,Scheduled
2026-03-10,5:00 PM,7:00 PM,Detroit Red Wings,,Florida Panthers,,Scheduled
2026-03-10,5:00 PM,7:00 PM,Calgary Flames,,New York Rangers,,Scheduled
2026-03-10,5:00 PM,7:00 PM,Pittsburgh Penguins,,Carolina Hurricanes,,Scheduled
2026-03-10,5:30 PM,7:30 PM,New York Islanders,,St. Louis Blues,,Scheduled
2026-03-10,6:00 PM,8:00 PM,Vegas Golden Knights,,Dallas Stars,,Scheduled
2026-03-10,6:00 PM,8:00 PM,Utah Mammoth,,Minnesota Wild,,Scheduled
2026-03-10,6:30 PM,8:30 PM,Anaheim Ducks,,Winnipeg Jets,,Scheduled
2026-03-10,8:00 PM,10:00 PM,Edmonton Oilers,,Colorado Avalanche,,Scheduled
2026-03-10,8:00 PM,10:00 PM,Nashville Predators,,Seattle Kraken,,Scheduled
2026-03-11,5:30 PM,7:30 PM,Montreal Canadiens,,Ottawa Senators,,Scheduled
2026-03-11,5:30 PM,7:30 PM,Washington Capitals,,Philadelphia Flyers,,Scheduled
2026-03-12,5:00 PM,7:00 PM,San Jose Sharks,,Boston Bruins,,Scheduled
2026-03-12,5:00 PM,7:00 PM,Washington Capitals,,Buffalo Sabres,,Scheduled
2026-03-12,5:00 PM,7:00 PM,Anaheim Ducks,,Toronto Maple Leafs,,Scheduled
2026-03-12,5:00 PM,7:00 PM,Detroit Red Wings,,Tampa Bay Lightning,,Scheduled
2026-03-12,5:00 PM,7:00 PM,Columbus Blue Jackets,,Florida Panthers,,Scheduled
2026-03-12,5:00 PM,7:00 PM,Calgary Flames,,New Jersey Devils,,Scheduled
2026-03-12,5:00 PM,7:00 PM,St. Louis Blues,,Carolina Hurricanes,,Scheduled
2026-03-12,6:00 PM,8:00 PM,Edmonton Oilers,,Dallas Stars,,Scheduled
2026-03-12,6:00 PM,8:00 PM,Philadelphia Flyers,,Minnesota Wild,,Scheduled
2026-03-12,6:00 PM,8:00 PM,New York Rangers,,Winnipeg Jets,,Scheduled
2026-03-12,7:00 PM,9:00 PM,Chicago Blackhawks,,Utah Mammoth,,Scheduled
2026-03-12,8:00 PM,10:00 PM,Nashville Predators,,Vancouver Canucks,,Scheduled
2026-03-12,8:00 PM,10:00 PM,Pittsburgh Penguins,,Vegas Golden Knights,,Scheduled
2026-03-12,8:00 PM,10:00 PM,Colorado Avalanche,,Seattle Kraken,,Scheduled
2026-03-13,5:00 PM,7:00 PM,Los Angeles Kings,,New York Islanders,,Scheduled
2026-03-13,6:00 PM,8:00 PM,Edmonton Oilers,,St. Louis Blues,,Scheduled
2026-03-14,11:00 AM,1:00 PM,Anaheim Ducks,,Ottawa Senators,,Scheduled
2026-03-14,1:00 PM,3:00 PM,Boston Bruins,,Washington Capitals,,Scheduled
2026-03-14,2:00 PM,4:00 PM,Colorado Avalanche,,Winnipeg Jets,,Scheduled
2026-03-14,4:00 PM,6:00 PM,New York Rangers,,Minnesota Wild,,Scheduled
2026-03-14,5:00 PM,7:00 PM,Toronto Maple Leafs,,Buffalo Sabres,,Scheduled
2026-03-14,5:00 PM,7:00 PM,San Jose Sharks,,Montreal Canadiens,,Scheduled
2026-03-14,5:00 PM,7:00 PM,Carolina Hurricanes,,Tampa Bay Lightning,,Scheduled
2026-03-14,5:00 PM,7:00 PM,Los Angeles Kings,,New Jersey Devils,,Scheduled
2026-03-14,5:00 PM,7:00 PM,Calgary Flames,,New York Islanders,,Scheduled
2026-03-14,5:00 PM,7:00 PM,Columbus Blue Jackets,,Philadelphia Flyers,,Scheduled
2026-03-14,6:00 PM,8:00 PM,Detroit Red Wings,,Dallas Stars,,Scheduled
2026-03-14,7:00 PM,9:00 PM,Pittsburgh Penguins,,Utah Mammoth,,Scheduled
2026-03-14,8:00 PM,10:00 PM,Seattle Kraken,,Vancouver Canucks,,Scheduled
2026-03-14,8:00 PM,10:00 PM,Chicago Blackhawks,,Vegas Golden Knights,,Scheduled
2026-03-15,1:00 PM,3:00 PM,St. Louis Blues,,Winnipeg Jets,,Scheduled
2026-03-15,3:00 PM,5:00 PM,San Jose Sharks,,Ottawa Senators,,Scheduled
2026-03-15,5:00 PM,7:00 PM,Anaheim Ducks,,Montreal Canadiens,,Scheduled
2026-03-15,5:30 PM,7:30 PM,Toronto Maple Leafs,,Minnesota Wild,,Scheduled
2026-03-15,6:00 PM,8:00 PM,Nashville Predators,,Edmonton Oilers,,Scheduled
2026-03-15,6:00 PM,8:00 PM,Florida Panthers,,Seattle Kraken,,Scheduled
2026-03-16,5:00 PM,7:00 PM,Calgary Flames,,Detroit Red Wings,,Scheduled
2026-03-16,5:00 PM,7:00 PM,Boston Bruins,,New Jersey Devils,,Scheduled
2026-03-16,5:00 PM,7:00 PM,Los Angeles Kings,,New York Rangers,,Scheduled
2026-03-16,6:00 PM,8:00 PM,Utah Mammoth,,Dallas Stars,,Scheduled
2026-03-16,7:30 PM,9:30 PM,Pittsburgh Penguins,,Colorado Avalanche,,Scheduled
2026-03-17,5:00 PM,7:00 PM,New York Islanders,,Toronto Maple Leafs,,Scheduled
2026-03-17,5:00 PM,7:00 PM,Boston Bruins,,Montreal Canadiens,,Scheduled
2026-03-17,5:00 PM,7:00 PM,Carolina Hurricanes,,Columbus Blue Jackets,,Scheduled
2026-03-17,6:00 PM,8:00 PM,Nashville Predators,,Winnipeg Jets,,Scheduled
2026-03-17,6:30 PM,8:30 PM,Minnesota Wild,,Chicago Blackhawks,,Scheduled
2026-03-17,7:00 PM,9:00 PM,San Jose Sharks,,Edmonton Oilers,,Scheduled
2026-03-17,8:00 PM,10:00 PM,Florida Panthers,,Vancouver Canucks,,Scheduled
2026-03-17,8:00 PM,10:00 PM,Buffalo Sabres,,Vegas Golden Knights,,Scheduled
2026-03-17,8:00 PM,10:00 PM,Tampa Bay Lightning,,Seattle Kraken,,Scheduled
2026-03-18,5:00 PM,7:00 PM,New Jersey Devils,,New York Rangers,,Scheduled
2026-03-18,5:00 PM,7:00 PM,Pittsburgh Penguins,,Carolina Hurricanes,,Scheduled
2026-03-18,5:30 PM,7:30 PM,Ottawa Senators,,Washington Capitals,,Scheduled
2026-03-18,7:30 PM,9:30 PM,Dallas Stars,,Colorado Avalanche,,Scheduled
2026-03-18,7:30 PM,9:30 PM,St. Louis Blues,,Calgary Flames,,Scheduled
2026-03-18,8:00 PM,10:00 PM,Philadelphia Flyers,,Anaheim Ducks,,Scheduled
2026-03-19,5:00 PM,7:00 PM,Winnipeg Jets,,Boston Bruins,,Scheduled
2026-03-19,5:00 PM,7:00 PM,New York Islanders,,Ottawa Senators,,Scheduled
2026-03-19,5:00 PM,7:00 PM,Montreal Canadiens,,Detroit Red Wings,,Scheduled
2026-03-19,5:00 PM,7:00 PM,New York Rangers,,Columbus Blue Jackets,,Scheduled
2026-03-19,6:00 PM,8:00 PM,Seattle Kraken,,Nashville Predators,,Scheduled
2026-03-19,6:00 PM,8:00 PM,Chicago Blackhawks,,Minnesota Wild,,Scheduled
2026-03-19,7:00 PM,9:00 PM,Florida Panthers,,Edmonton Oilers,,Scheduled
2026-03-19,8:00 PM,10:00 PM,Tampa Bay Lightning,,Vancouver Canucks,,Scheduled
2026-03-19,8:00 PM,10:00 PM,Utah Mammoth,,Vegas Golden Knights,,Scheduled
2026-03-19,8:00 PM,10:00 PM,Buffalo Sabres,,San Jose Sharks,,Scheduled
2026-03-19,8:30 PM,10:30 PM,Philadelphia Flyers,,Los Angeles Kings,,Scheduled
2026-03-20,5:00 PM,7:00 PM,Carolina Hurricanes,,Toronto Maple Leafs,,Scheduled
2026-03-20,5:00 PM,7:00 PM,New Jersey Devils,,Washington Capitals,,Scheduled
2026-03-20,6:30 PM,8:30 PM,Colorado Avalanche,,Chicago Blackhawks,,Scheduled
2026-03-20,7:00 PM,9:00 PM,Florida Panthers,,Calgary Flames,,Scheduled
2026-03-20,8:00 PM,10:00 PM,Anaheim Ducks,,Utah Mammoth,,Scheduled
2026-03-21,11:00 AM,1:00 PM,Winnipeg Jets,,Pittsburgh Penguins,,Scheduled
2026-03-21,12:00 PM,2:00 PM,Vegas Golden Knights,,Nashville Predators,,Scheduled
2026-03-21,2:00 PM,4:00 PM,Dallas Stars,,Minnesota Wild,,Scheduled
2026-03-21,2:00 PM,4:00 PM,Buffalo Sabres,,Los Angeles Kings,,Scheduled
2026-03-21,2:00 PM,4:00 PM,Philadelphia Flyers,,San Jose Sharks,,Scheduled
2026-03-21,3:00 PM,5:00 PM,Seattle Kraken,,Columbus Blue Jackets,,Scheduled
2026-03-21,5:00 PM,7:00 PM,New York Islanders,,Montreal Canadiens,,Scheduled
2026-03-21,5:00 PM,7:00 PM,Toronto Maple Leafs,,Ottawa Senators,,Scheduled
2026-03-21,5:00 PM,7:00 PM,St. Louis Blues,,Vancouver Canucks,,Scheduled
2026-03-21,6:00 PM,8:00 PM,Boston Bruins,,Detroit Red Wings,,Scheduled
2026-03-21,8:00 PM,10:00 PM,Tampa Bay Lightning,,Edmonton Oilers,,Scheduled
2026-03-22,10:00 AM,12:00 PM,Winnipeg Jets,,New York Rangers,,Scheduled
2026-03-22,10:30 AM,12:30 PM,Colorado Avalanche,,Washington Capitals,,Scheduled
2026-03-22,1:00 PM,3:00 PM,Carolina Hurricanes,,Pittsburgh Penguins,,Scheduled
2026-03-22,1:00 PM,3:00 PM,Nashville Predators,,Chicago Blackhawks,,Scheduled
2026-03-22,5:00 PM,7:00 PM,Columbus Blue Jackets,,New York Islanders,,Scheduled
2026-03-22,5:00 PM,7:00 PM,Vegas Golden Knights,,Dallas Stars,,Scheduled
2026-03-22,6:00 PM,8:00 PM,Tampa Bay Lightning,,Calgary Flames,,Scheduled
2026-03-22,6:00 PM,8:00 PM,Buffalo Sabres,,Anaheim Ducks,,Scheduled
2026-03-22,7:00 PM,9:00 PM,Los Angeles Kings,,Utah Mammoth,,Scheduled
2026-03-23,5:30 PM,7:30 PM,Ottawa Senators,,New York Rangers,,Scheduled
2026-03-24,5:00 PM,7:00 PM,Toronto Maple Leafs,,Boston Bruins,,Scheduled
2026-03-24,5:00 PM,7:00 PM,Carolina Hurricanes,,Montreal Canadiens,,Scheduled
2026-03-24,5:00 PM,7:00 PM,Ottawa Senators,,Detroit Red Wings,,Scheduled
2026-03-24,5:00 PM,7:00 PM,Seattle Kraken,,Florida Panthers,,Scheduled
2026-03-24,5:00 PM,7:00 PM,Chicago Blackhawks,,New York Islanders,,Scheduled
2026-03-24,5:00 PM,7:00 PM,Columbus Blue Jackets,,Philadelphia Flyers,,Scheduled
2026-03-24,5:00 PM,7:00 PM,Colorado Avalanche,,Pittsburgh Penguins,,Scheduled
2026-03-24,5:30 PM,7:30 PM,Minnesota Wild,,Tampa Bay Lightning,,Scheduled
2026-03-24,6:00 PM,8:00 PM,Washington Capitals,,St. Louis Blues,,Scheduled
2026-03-24,6:00 PM,8:00 PM,San Jose Sharks,,Nashville Predators,,Scheduled
2026-03-24,6:00 PM,8:00 PM,New Jersey Devils,,Dallas Stars,,Scheduled
2026-03-24,6:00 PM,8:00 PM,Vegas Golden Knights,,Winnipeg Jets,,Scheduled
2026-03-24,7:00 PM,9:00 PM,Edmonton Oilers,,Utah Mammoth,,Scheduled
2026-03-24,7:00 PM,9:00 PM,Los Angeles Kings,,Calgary Flames,,Scheduled
2026-03-24,8:00 PM,10:00 PM,Anaheim Ducks,,Vancouver Canucks,,Scheduled
2026-03-25,5:00 PM,7:00 PM,Boston Bruins,,Buffalo Sabres,,Scheduled
2026-03-25,5:30 PM,7:30 PM,New York Rangers,,Toronto Maple Leafs,,Scheduled
2026-03-26,5:00 PM,7:00 PM,Columbus Blue Jackets,,Montreal Canadiens,,Scheduled
2026-03-26,5:00 PM,7:00 PM,Pittsburgh Penguins,,Ottawa Senators,,Scheduled
2026-03-26,5:00 PM,7:00 PM,Seattle Kraken,,Tampa Bay Lightning,,Scheduled
2026-03-26,5:00 PM,7:00 PM,Minnesota Wild,,Florida Panthers,,Scheduled
2026-03-26,5:00 PM,7:00 PM,Dallas Stars,,New York Islanders,,Scheduled
2026-03-26,5:00 PM,7:00 PM,Chicago Blackhawks,,Philadelphia Flyers,,Scheduled
2026-03-26,6:00 PM,8:00 PM,San Jose Sharks,,St. Louis Blues,,Scheduled
2026-03-26,6:00 PM,8:00 PM,New Jersey Devils,,Nashville Predators,,Scheduled
2026-03-26,6:00 PM,8:00 PM,Colorado Avalanche,,Winnipeg Jets,,Scheduled
2026-03-26,7:00 PM,9:00 PM,Washington Capitals,,Utah Mammoth,,Scheduled
2026-03-26,7:00 PM,9:00 PM,Anaheim Ducks,,Calgary Flames,,Scheduled
2026-03-26,7:30 PM,9:30 PM,Edmonton Oilers,,Vegas Golden Knights,,Scheduled
2026-03-26,8:00 PM,10:00 PM,Los Angeles Kings,,Vancouver Canucks,,Scheduled
2026-03-27,5:00 PM,7:00 PM,Detroit Red Wings,,Buffalo Sabres,,Scheduled
2026-03-27,5:00 PM,7:00 PM,Chicago Blackhawks,,New York Rangers,,Scheduled
2026-03-28,11:00 AM,1:00 PM,Ottawa Senators,,Tampa Bay Lightning,,Scheduled
2026-03-28,11:00 AM,1:00 PM,Florida Panthers,,New York Islanders,,Scheduled
2026-03-28,1:30 PM,3:30 PM,Anaheim Ducks,,Edmonton Oilers,,Scheduled
2026-03-28,3:00 PM,5:00 PM,Minnesota Wild,,Boston Bruins,,Scheduled
2026-03-28,3:00 PM,5:00 PM,Dallas Stars,,Pittsburgh Penguins,,Scheduled
2026-03-28,3:00 PM,5:00 PM,New Jersey Devils,,Carolina Hurricanes,,Scheduled
2026-03-28,3:00 PM,5:00 PM,San Jose Sharks,,Columbus Blue Jackets,,Scheduled
2026-03-28,3:30 PM,5:30 PM,Seattle Kraken,,Buffalo Sabres,,Scheduled
2026-03-28,5:00 PM,7:00 PM,Toronto Maple Leafs,,St. Louis Blues,,Scheduled
2026-03-28,5:00 PM,7:00 PM,Montreal Canadiens,,Nashville Predators,,Scheduled
2026-03-28,5:00 PM,7:00 PM,Winnipeg Jets,,Colorado Avalanche,,Scheduled
2026-03-28,6:00 PM,8:00 PM,Philadelphia Flyers,,Detroit Red Wings,,Scheduled
2026-03-28,7:00 PM,9:00 PM,Utah Mammoth,,Los Angeles Kings,,Scheduled
2026-03-28,8:00 PM,10:00 PM,Vancouver Canucks,,Calgary Flames,,Scheduled
2026-03-28,8:30 PM,10:30 PM,Washington Capitals,,Vegas Golden Knights,,Scheduled
2026-03-29,11:00 AM,1:00 PM,Florida Panthers,,New York Rangers,,Scheduled
2026-03-29,3:00 PM,5:00 PM,Nashville Predators,,Tampa Bay Lightning,,Scheduled
2026-03-29,3:00 PM,5:00 PM,Montreal Canadiens,,Carolina Hurricanes,,Scheduled
2026-03-29,3:00 PM,5:00 PM,Boston Bruins,,Columbus Blue Jackets,,Scheduled
2026-03-29,5:00 PM,7:00 PM,Chicago Blackhawks,,New Jersey Devils,,Scheduled
2026-03-29,5:00 PM,7:00 PM,Dallas Stars,,Philadelphia Flyers,,Scheduled
2026-03-30,5:00 PM,7:00 PM,Pittsburgh Penguins,,New York Islanders,,Scheduled
2026-03-30,6:30 PM,8:30 PM,Calgary Flames,,Colorado Avalanche,,Scheduled
2026-03-30,8:00 PM,10:00 PM,Vancouver Canucks,,Vegas Golden Knights,,Scheduled
2026-03-30,8:00 PM,10:00 PM,Toronto Maple Leafs,,Anaheim Ducks,,Scheduled
2026-03-30,8:00 PM,10:00 PM,St. Louis Blues,,San Jose Sharks,,Scheduled
2026-03-31,5:00 PM,7:00 PM,Dallas Stars,,Boston Bruins,,Scheduled
2026-03-31,5:00 PM,7:00 PM,New York Islanders,,Buffalo Sabres,,Scheduled
2026-03-31,5:00 PM,7:00 PM,Montreal Canadiens,,Tampa Bay Lightning,,Scheduled
2026-03-31,5:00 PM,7:00 PM,Ottawa Senators,,Florida Panthers,,Scheduled
2026-03-31,5:00 PM,7:00 PM,New Jersey Devils,,New York Rangers,,Scheduled
2026-03-31,5:00 PM,7:00 PM,Detroit Red Wings,,Pittsburgh Penguins,,Scheduled
2026-03-31,5:00 PM,7:00 PM,Philadelphia Flyers,,Washington Capitals,,Scheduled
2026-03-31,5:00 PM,7:00 PM,Carolina Hurricanes,,Columbus Blue Jackets,,Scheduled
2026-03-31,6:30 PM,8:30 PM,Winnipeg Jets,,Chicago Blackhawks,,Scheduled
2026-03-31,7:00 PM,9:00 PM,Seattle Kraken,,Edmonton Oilers,,Scheduled
2026-04-01,6:30 PM,8:30 PM,Vancouver Canucks,,Colorado Avalanche,,Scheduled
2026-04-01,7:00 PM,9:00 PM,St. Louis Blues,,Los Angeles Kings,,Scheduled
2026-04-01,8:00 PM,10:00 PM,Anaheim Ducks,,San Jose Sharks,,Scheduled
2026-04-02,5:00 PM,7:00 PM,Buffalo Sabres,,Ottawa Senators,,Scheduled
2026-04-02,5:00 PM,7:00 PM,Pittsburgh Penguins,,Tampa Bay Lightning,,Scheduled
2026-04-02,5:00 PM,7:00 PM,Boston Bruins,,Florida Panthers,,Scheduled
2026-04-02,5:00 PM,7:00 PM,Washington Capitals,,New Jersey Devils,,Scheduled
2026-04-02,5:00 PM,7:00 PM,Montreal Canadiens,,New York Rangers,,Scheduled
2026-04-02,5:00 PM,7:00 PM,Detroit Red Wings,,Philadelphia Flyers,,Scheduled
2026-04-02,5:00 PM,7:00 PM,Columbus Blue Jackets,,Carolina Hurricanes,,Scheduled
2026-04-02,6:00 PM,8:00 PM,Winnipeg Jets,,Dallas Stars,,Scheduled
2026-04-02,6:00 PM,8:00 PM,Vancouver Canucks,,Minnesota Wild,,Scheduled
2026-04-02,7:00 PM,9:00 PM,Chicago Blackhawks,,Edmonton Oilers,,Scheduled
2026-04-02,8:00 PM,10:00 PM,Calgary Flames,,Vegas Golden Knights,,Scheduled
2026-04-02,8:00 PM,10:00 PM,Toronto Maple Leafs,,San Jose Sharks,,Scheduled
2026-04-02,8:00 PM,10:00 PM,Utah Mammoth,,Seattle Kraken,,Scheduled
2026-04-02,8:30 PM,10:30 PM,Nashville Predators,,Los Angeles Kings,,Scheduled
2026-04-03,5:00 PM,7:00 PM,Philadelphia Flyers,,New York Islanders,,Scheduled
2026-04-03,8:00 PM,10:00 PM,St. Louis Blues,,Anaheim Ducks,,Scheduled
2026-04-04,10:30 AM,12:30 PM,Detroit Red Wings,,New York Rangers,,Scheduled
2026-04-04,11:00 AM,1:00 PM,Minnesota Wild,,Ottawa Senators,,Scheduled
2026-04-04,1:00 PM,3:00 PM,Colorado Avalanche,,Dallas Stars,,Scheduled
2026-04-04,3:00 PM,5:00 PM,Boston Bruins,,Tampa Bay Lightning,,Scheduled
2026-04-04,3:00 PM,5:00 PM,Florida Panthers,,Pittsburgh Penguins,,Scheduled
2026-04-04,5:00 PM,7:00 PM,Montreal Canadiens,,New Jersey Devils,,Scheduled
2026-04-04,5:00 PM,7:00 PM,Buffalo Sabres,,Washington Capitals,,Scheduled
2026-04-04,5:00 PM,7:00 PM,New York Islanders,,Carolina Hurricanes,,Scheduled
2026-04-04,5:00 PM,7:00 PM,Winnipeg Jets,,Columbus Blue Jackets,,Scheduled
2026-04-04,5:00 PM,7:00 PM,Utah Mammoth,,Vancouver Canucks,,Scheduled
2026-04-04,5:00 PM,7:00 PM,Toronto Maple Leafs,,Los Angeles Kings,,Scheduled
2026-04-04,8:00 PM,10:00 PM,Vegas Golden Knights,,Edmonton Oilers,,Scheduled
2026-04-04,8:00 PM,10:00 PM,Calgary Flames,,Anaheim Ducks,,Scheduled
2026-04-04,8:00 PM,10:00 PM,Nashville Predators,,San Jose Sharks,,Scheduled
2026-04-04,8:00 PM,10:00 PM,Chicago Blackhawks,,Seattle Kraken,,Scheduled
2026-04-05,11:00 AM,1:00 PM,Minnesota Wild,,Detroit Red Wings,,Scheduled
2026-04-05,1:00 PM,3:00 PM,Florida Panthers,,Pittsburgh Penguins,,Scheduled
2026-04-05,1:30 PM,3:30 PM,Boston Bruins,,Philadelphia Flyers,,Scheduled
2026-04-05,3:00 PM,5:00 PM,Carolina Hurricanes,,Ottawa Senators,,Scheduled
2026-04-05,5:00 PM,7:00 PM,New Jersey Devils,,Montreal Canadiens,,Scheduled
2026-04-05,5:00 PM,7:00 PM,Washington Capitals,,New York Rangers,,Scheduled
2026-04-05,7:30 PM,9:30 PM,St. Louis Blues,,Colorado Avalanche,,Scheduled
2026-04-06,5:00 PM,7:00 PM,Tampa Bay Lightning,,Buffalo Sabres,,Scheduled
2026-04-06,5:30 PM,7:30 PM,Seattle Kraken,,Winnipeg Jets,,Scheduled
2026-04-06,8:00 PM,10:00 PM,Chicago Blackhawks,,San Jose Sharks,,Scheduled
2026-04-06,8:30 PM,10:30 PM,Nashville Predators,,Los Angeles Kings,,Scheduled
2026-04-07,5:00 PM,7:00 PM,Florida Panthers,,Montreal Canadiens,,Scheduled
2026-04-07,5:00 PM,7:00 PM,Tampa Bay Lightning,,Ottawa Senators,,Scheduled
2026-04-07,5:00 PM,7:00 PM,Columbus Blue Jackets,,Detroit Red Wings,,Scheduled
2026-04-07,5:00 PM,7:00 PM,Philadelphia Flyers,,New Jersey Devils,,Scheduled
2026-04-07,5:00 PM,7:00 PM,Boston Bruins,,Carolina Hurricanes,,Scheduled
2026-04-07,6:00 PM,8:00 PM,Colorado Avalanche,,St. Louis Blues,,Scheduled
2026-04-07,6:00 PM,8:00 PM,Calgary Flames,,Dallas Stars,,Scheduled
2026-04-07,6:00 PM,8:00 PM,Seattle Kraken,,Minnesota Wild,,Scheduled
2026-04-07,7:30 PM,9:30 PM,Edmonton Oilers,,Utah Mammoth,,Scheduled
2026-04-07,8:00 PM,10:00 PM,Vegas Golden Knights,,Vancouver Canucks,,Scheduled
2026-04-07,8:00 PM,10:00 PM,Nashville Predators,,Anaheim Ducks,,Scheduled
2026-04-08,5:00 PM,7:00 PM,Buffalo Sabres,,New York Rangers,,Scheduled
2026-04-08,5:30 PM,7:30 PM,Washington Capitals,,Toronto Maple Leafs,,Scheduled
2026-04-08,8:30 PM,10:30 PM,Edmonton Oilers,,San Jose Sharks,,Scheduled
2026-04-09,5:00 PM,7:00 PM,Columbus Blue Jackets,,Buffalo Sabres,,Scheduled
2026-04-09,5:00 PM,7:00 PM,Tampa Bay Lightning,,Montreal Canadiens,,Scheduled
2026-04-09,5:00 PM,7:00 PM,Florida Panthers,,Ottawa Senators,,Scheduled
2026-04-09,5:00 PM,7:00 PM,Philadelphia Flyers,,Detroit Red Wings,,Scheduled
2026-04-09,5:00 PM,7:00 PM,Pittsburgh Penguins,,New Jersey Devils,,Scheduled
2026-04-09,5:00 PM,7:00 PM,Toronto Maple Leafs,,New York Islanders,,Scheduled
2026-04-09,6:00 PM,8:00 PM,Winnipeg Jets,,St. Louis Blues,,Scheduled
2026-04-09,6:00 PM,8:00 PM,Minnesota Wild,,Dallas Stars,,Scheduled
2026-04-09,6:30 PM,8:30 PM,Carolina Hurricanes,,Chicago Blackhawks,,Scheduled
2026-04-09,7:00 PM,9:00 PM,Calgary Flames,,Colorado Avalanche,,Scheduled
2026-04-09,7:00 PM,9:00 PM,Nashville Predators,,Utah Mammoth,,Scheduled
2026-04-09,8:00 PM,10:00 PM,San Jose Sharks,,Anaheim Ducks,,Scheduled
2026-04-09,8:00 PM,10:00 PM,Vegas Golden Knights,,Seattle Kraken,,Scheduled
2026-04-09,8:30 PM,10:30 PM,Vancouver Canucks,,Los Angeles Kings,,Scheduled
2026-04-11,10:30 AM,12:30 PM,Tampa Bay Lightning,,Boston Bruins,,Scheduled
2026-04-11,11:00 AM,1:00 PM,Ottawa Senators,,New York Islanders,,Scheduled
2026-04-11,1:00 PM,3:00 PM,Washington Capitals,,Pittsburgh Penguins,,Scheduled
2026-04-11,2:00 PM,4:00 PM,Edmonton Oilers,,Los Angeles Kings,,Scheduled
2026-04-11,3:00 PM,5:00 PM,New Jersey Devils,,Detroit Red Wings,,Scheduled
2026-04-11,3:00 PM,5:00 PM,St. Louis Blues,,Chicago Blackhawks,,Scheduled
2026-04-11,3:00 PM,5:00 PM,Minnesota Wild,,Nashville Predators,,Scheduled
2026-04-11,3:00 PM,5:00 PM,New York Rangers,,Dallas Stars,,Scheduled
2026-04-11,3:00 PM,5:00 PM,Carolina Hurricanes,,Utah Mammoth,,Scheduled
2026-04-11,5:00 PM,7:00 PM,Florida Panthers,,Toronto Maple Leafs,,Scheduled
2026-04-11,5:00 PM,7:00 PM,Columbus Blue Jackets,,Montreal Canadiens,,Scheduled
2026-04-11,5:00 PM,7:00 PM,Philadelphia Flyers,,Winnipeg Jets,,Scheduled
2026-04-11,5:00 PM,7:00 PM,Calgary Flames,,Seattle Kraken,,Scheduled
2026-04-11,6:00 PM,8:00 PM,Vegas Golden Knights,,Colorado Avalanche,,Scheduled
2026-04-11,8:00 PM,10:00 PM,Vancouver Canucks,,San Jose Sharks,,Scheduled
2026-04-12,1:00 PM,3:00 PM,Pittsburgh Penguins,,Washington Capitals,,Scheduled
2026-04-12,4:00 PM,6:00 PM,Montreal Canadiens,,New York Islanders,,Scheduled
2026-04-12,4:00 PM,6:00 PM,Boston Bruins,,Columbus Blue Jackets,,Scheduled
2026-04-12,5:00 PM,7:00 PM,Ottawa Senators,,New Jersey Devils,,Scheduled
2026-04-12,6:00 PM,8:00 PM,Vancouver Canucks,,Anaheim Ducks,,Scheduled
2026-04-12,7:00 PM,9:00 PM,Utah Mammoth,,Calgary Flames,,Scheduled
2026-04-13,5:00 PM,7:00 PM,Detroit Red Wings,,Tampa Bay Lightning,,Scheduled
2026-04-13,5:00 PM,7:00 PM,New York Rangers,,Florida Panthers,,Scheduled
2026-04-13,5:00 PM,7:00 PM,Carolina Hurricanes,,Philadelphia Flyers,,Scheduled
2026-04-13,5:30 PM,7:30 PM,Dallas Stars,,Toronto Maple Leafs,,Scheduled
2026-04-13,6:00 PM,8:00 PM,Minnesota Wild,,St. Louis Blues,,Scheduled
2026-04-13,6:00 PM,8:00 PM,San Jose Sharks,,Nashville Predators,,Scheduled
2026-04-13,6:30 PM,8:30 PM,Buffalo Sabres,,Chicago Blackhawks,,Scheduled
2026-04-13,7:30 PM,9:30 PM,Colorado Avalanche,,Edmonton Oilers,,Scheduled
2026-04-13,8:00 PM,10:00 PM,Winnipeg Jets,,Vegas Golden Knights,,Scheduled
2026-04-13,8:00 PM,10:00 PM,Los Angeles Kings,,Seattle Kraken,,Scheduled
2026-04-14,5:00 PM,7:00 PM,New Jersey Devils,,Boston Bruins,,Scheduled
2026-04-14,5:00 PM,7:00 PM,Carolina Hurricanes,,New York Islanders,,Scheduled
2026-04-14,5:00 PM,7:00 PM,Montreal Canadiens,,Philadelphia Flyers,,Scheduled
2026-04-14,5:00 PM,7:00 PM,Washington Capitals,,Columbus Blue Jackets,,Scheduled
2026-04-14,6:00 PM,8:00 PM,Anaheim Ducks,,Minnesota Wild,,Scheduled
2026-04-14,7:00 PM,9:00 PM,Winnipeg Jets,,Utah Mammoth,,Scheduled
2026-04-14,7:00 PM,9:00 PM,Colorado Avalanche,,Calgary Flames,,Scheduled
2026-04-14,7:30 PM,9:30 PM,Pittsburgh Penguins,,St. Louis Blues,,Scheduled
2026-04-14,8:00 PM,10:00 PM,Los Angeles Kings,,Vancouver Canucks,,Scheduled
2026-04-15,5:00 PM,7:00 PM,Dallas Stars,,Buffalo Sabres,,Scheduled
2026-04-15,5:00 PM,7:00 PM,New York Rangers,,Tampa Bay Lightning,,Scheduled
2026-04-15,5:00 PM,7:00 PM,Detroit Red Wings,,Florida Panthers,,Scheduled
2026-04-15,5:30 PM,7:30 PM,Toronto Maple Leafs,,Ottawa Senators,,Scheduled
2026-04-15,6:30 PM,8:30 PM,San Jose Sharks,,Chicago Blackhawks,,Scheduled
2026-04-15,8:00 PM,10:00 PM,Seattle Kraken,,Vegas Golden Knights,,Scheduled
2026-04-16,6:00 PM,8:00 PM,Anaheim Ducks,,Nashville Predators,,Scheduled
2026-04-16,6:00 PM,8:00 PM,San Jose Sharks,,Winnipeg Jets,,Scheduled
2026-04-16,6:00 PM,8:00 PM,St. Louis Blues,,Utah Mammoth,,Scheduled
2026-04-16,7:00 PM,9:00 PM,Los Angeles Kings,,Calgary Flames,,Scheduled
2026-04-16,7:00 PM,9:00 PM,Vancouver Canucks,,Edmonton Oilers,,Scheduled
2026-04-16,8:30 PM,10:30 PM,Seattle Kraken,,Colorado Avalanche,,Scheduled
